district,crop,year,area_1000ha,rainfall_mm,avg_temp_c,rainfall_deviation_pct,prev_year_yield,prior_3yr_avg_yield,prior_3yr_yield_volatility,yield_kg_per_ha,yield_vs_prior_avg_pct,distress_score,risk_level
Ahmednagar,COTTON,1999,14.7,409.8,20.45,-2.0075131199914527,279.34,295.77,23.235528829789963,256.46,-13.290732663894245,0.6624794335071,Medium
Ahmednagar,COTTON,2000,15.7,363.0,21.0734375,-13.198455984765491,256.46,282.6666666666667,28.018510548088265,277.07,-1.9799528301886884,0.6550631362633942,Medium
Ahmednagar,COTTON,2001,13.5,429.6,20.8,2.727116553566796,277.07,270.95666666666665,12.605682581016097,210.37,-22.36027901140403,0.6748995666309344,High
Ahmednagar,COTTON,2002,10.8,232.2,21.03,-44.47570655554421,210.37,247.96666666666667,34.15150118711229,130.56,-47.347761795940315,0.8011255113594759,High
Ahmednagar,COTTON,2003,10.4,249.0,21.25,-40.45844501434327,130.56,206.0,73.35269388372865,170.19,-17.38349514563107,0.7300679209624144,High
Ahmednagar,COTTON,2004,15.9,525.4,20.46,25.63507224684355,170.19,170.37333333333333,39.90531585307073,285.53,67.59078102989513,0.445021423902616,Low
Ahmednagar,COTTON,2005,16.6,555.4,20.4040625,32.80875357041665,285.53,195.42666666666665,80.50833642135038,233.73,19.599849901071167,0.5380463949404215,Low
Ahmednagar,COTTON,2006,20.6,597.6,20.39875,42.89973196557615,233.73,229.81666666666663,57.769494833634525,301.46,31.174124301979848,0.4975582329029099,Low
Ahmednagar,COTTON,2007,40.0,386.0,21.0496875,-7.698633636692781,301.46,273.5733333333333,35.4127044058106,349.0,27.57091334438055,0.5826371350839665,Low
Ahmednagar,COTTON,2008,59.3,553.9,20.60375,32.450069504237995,349.0,294.73,57.92894699543554,267.45,-9.255929155498261,0.6011150185498284,Medium
Ahmednagar,COTTON,2009,82.7,445.7,21.185,6.576992197217685,267.45,305.97,40.961636930181115,257.19,-15.942739484263171,0.6551155105278569,Medium
Ahmednagar,COTTON,2012,96.2,339.6,21.28,-18.793927417152503,257.19,291.2133333333333,50.30696803956003,155.72,-46.527173664209506,0.7601273109347382,High
Ahmednagar,COTTON,2013,104.7,458.1,20.77,9.54211381096124,155.72,226.78666666666666,61.758968849336654,382.33,68.5857487212652,0.4674422291235564,Low
Ahmednagar,COTTON,2014,102.6,363.8,21.27,-13.007157816136871,382.33,265.08,113.51084573731265,169.69,-35.98536290931039,0.7284493813081532,High
Ahmednagar,COTTON,2015,73.6,272.3,21.27,-34.886885853034826,169.69,235.9133333333333,126.99279677735005,95.38,-59.56989855031508,0.8129631167401077,High
Ahmednagar,COTTON,2016,132.4,417.1882352941177,20.89597426470588,-0.2408182685389294,95.38,215.79999999999998,148.92842139766339,189.52,-12.17794253938831,0.6573703574619228,Medium
Ahmednagar,COTTON,2017,132.8,417.1882352941177,20.89597426470588,-0.2408182685389294,189.52,151.52999999999997,49.62785608909602,299.01,97.32726192833105,0.4201090811159884,Low
Ahmednagar,FINGER MILLET,1999,2.6,409.8,20.45,-2.0075131199914527,677.42,741.49,90.60866294124423,961.54,29.67673198559656,0.5693832601001801,Low
Ahmednagar,FINGER MILLET,2000,4.8,363.0,21.0734375,-13.198455984765491,961.54,814.84,142.28714769788587,895.83,9.939374601148693,0.6292379268289159,Medium
Ahmednagar,FINGER MILLET,2001,4.6,429.6,20.8,2.727116553566796,895.83,844.93,148.7418942329295,1521.74,80.10249369770278,0.45289689242860964,Low
Ahmednagar,FINGER MILLET,2002,4.6,232.2,21.03,-44.47570655554421,1521.74,1126.37,343.97315113246833,847.83,-24.72899668847713,0.7521181869601358,High
Ahmednagar,FINGER MILLET,2003,4.6,249.0,21.25,-40.45844501434327,847.83,1088.4666666666667,375.99246805399343,804.35,-26.102468304036258,0.7489590294722293,High
Ahmednagar,FINGER MILLET,2004,3.0,525.4,20.46,25.63507224684355,804.35,1057.9733333333334,402.2216657930466,800.0,-24.383727378131777,0.6442995254526767,Medium
Ahmednagar,FINGER MILLET,2005,2.9,555.4,20.4040625,32.80875357041665,800.0,817.3933333333334,26.44850909471955,793.1,-2.9720493601611717,0.5869521766729285,Medium
Ahmednagar,FINGER MILLET,2006,3.1,597.6,20.39875,42.89973196557615,793.1,799.1500000000001,5.672962189204059,677.42,-15.232434461615481,0.5981057768903647,Medium
Ahmednagar,FINGER MILLET,2007,2.6,386.0,21.0496875,-7.698633636692781,677.42,756.84,68.86620942087755,888.46,17.390729876856405,0.6046941992635286,Medium
Ahmednagar,FINGER MILLET,2008,2.6,553.9,20.60375,32.450069504237995,888.46,786.3266666666667,105.68291694182882,1000.0,27.173608932674288,0.5221843526923844,Low
Ahmednagar,FINGER MILLET,2009,2.6,445.7,21.185,6.576992197217685,1000.0,855.2933333333334,163.827607360095,665.38,-22.20446786287746,0.668682588681476,Medium
Ahmednagar,FINGER MILLET,2012,2.8,339.6,21.28,-18.793927417152503,665.38,851.2800000000001,170.38016433845846,1103.57,29.636547316981463,0.5951059154760411,Medium
Ahmednagar,FINGER MILLET,2013,2.8,458.1,20.77,9.54211381096124,1103.57,922.9833333333332,229.02247538906175,1285.71,39.299373408692844,0.530896042300585,Low
Ahmednagar,FINGER MILLET,2014,3.0,363.8,21.27,-13.007157816136871,1285.71,1018.2199999999999,318.85073953183803,1100.0,8.031663098348108,0.6330791582918777,Medium
Ahmednagar,FINGER MILLET,2015,0.1,272.3,21.27,-34.886885853034826,1100.0,1163.0933333333332,106.20414979337335,1000.0,-14.022377109317674,0.7142768202849423,High
Ahmednagar,FINGER MILLET,2016,0.1,417.1882352941177,20.89597426470588,-0.2408182685389294,1000.0,1128.57,144.98184265624425,1000.0,-11.392292901636578,0.6556681165801331,Medium
Ahmednagar,FINGER MILLET,2017,0.1,417.1882352941177,20.89597426470588,-0.2408182685389294,1000.0,1033.3333333333333,57.735026918962575,1000.0,-3.2258064516128964,0.6379740626051408,Medium
Ahmednagar,GROUNDNUT,1999,21.4,409.8,20.45,-2.0075131199914527,1443.44,1601.72,223.84172265241344,1551.4,-3.141622755537793,0.640489695372401,Medium
Ahmednagar,GROUNDNUT,2000,17.8,363.0,21.0734375,-13.198455984765491,1551.4,1584.9466666666667,160.9241825622654,1370.79,-13.511916278991517,0.6800490570690504,High
Ahmednagar,GROUNDNUT,2001,16.7,429.6,20.8,2.727116553566796,1370.79,1455.21,90.87845014083378,1299.4,-10.707045718487363,0.6496508944963658,Medium
Ahmednagar,GROUNDNUT,2002,11.6,232.2,21.03,-44.47570655554421,1299.4,1407.1966666666667,129.88488762490167,1198.28,-14.846301985744711,0.7307056817709534,High
Ahmednagar,GROUNDNUT,2003,5.5,249.0,21.25,-40.45844501434327,1198.28,1289.49,86.6809154312528,909.09,-29.50003489751762,0.7563204237580811,High
Ahmednagar,GROUNDNUT,2004,14.8,525.4,20.46,25.63507224684355,909.09,1135.59,202.56604132973533,1054.05,-7.180408422053731,0.607025667714632,Medium
Ahmednagar,GROUNDNUT,2005,14.4,555.4,20.4040625,32.80875357041665,1054.05,1053.8066666666666,144.59515356101457,1291.67,22.571818992731128,0.5316071285751797,Low
Ahmednagar,GROUNDNUT,2006,14.4,597.6,20.39875,42.89973196557615,1291.67,1084.9366666666667,193.15111631397158,1243.06,14.574429843831119,0.5335242375621123,Low
Ahmednagar,GROUNDNUT,2007,8.7,386.0,21.0496875,-7.698633636692781,1243.06,1196.26,125.53284868909797,1081.61,-9.584036915051918,0.6631395273124685,Medium
Ahmednagar,GROUNDNUT,2008,8.4,553.9,20.60375,32.450069504237995,1081.61,1205.4466666666667,109.9653265049183,1392.86,15.547210715806575,0.5473748821621804,Low
Ahmednagar,GROUNDNUT,2009,10.4,445.7,21.185,6.576992197217685,1392.86,1239.1766666666665,155.66133377731688,1187.5,-4.170242069330968,0.6296084327955889,Medium
Ahmednagar,GROUNDNUT,2012,5.21,339.6,21.28,-18.793927417152503,1187.5,1220.6566666666668,158.2519005678392,694.82,-43.07817923139731,0.75265448966367,High
Ahmednagar,GROUNDNUT,2013,6.2,458.1,20.77,9.54211381096124,694.82,1091.7266666666667,358.7399600453416,983.87,-9.879457006943131,0.637450174867441,Medium
Ahmednagar,GROUNDNUT,2014,5.9,363.8,21.27,-13.007157816136871,983.87,955.3966666666669,247.57108804004852,864.41,-9.52344401452802,0.6711152237029825,Medium
Ahmednagar,GROUNDNUT,2015,5.7,272.3,21.27,-34.886885853034826,864.41,847.7000000000002,145.24769774423353,491.23,-42.051433290079046,0.7750064420097229,High
Ahmednagar,GROUNDNUT,2016,16.2,417.1882352941177,20.89597426470588,-0.2408182685389294,491.23,779.8366666666667,256.97865462589226,1351.85,73.35040243469784,0.4720589433520205,Low
Ahmednagar,GROUNDNUT,2017,15.72,417.1882352941177,20.89597426470588,-0.2408182685389294,1351.85,902.4966666666668,431.5722902751444,1240.62,37.46532766510677,0.5498099386858754,Low
Ahmednagar,KHARIF SORGHUM,1999,0.8,409.8,20.45,-2.0075131199914527,1666.67,1442.4250000000002,317.13032029435465,875.0,-39.33826715427146,0.7189157582360625,High
Ahmednagar,KHARIF SORGHUM,2000,0.8,363.0,21.0734375,-13.198455984765491,875.0,1253.2833333333335,397.0006677996064,875.0,-30.183384975464456,0.7161705725779547,High
Ahmednagar,KHARIF SORGHUM,2001,0.2,429.6,20.8,2.727116553566796,875.0,1138.89,457.07088760935113,500.0,-56.097603807215805,0.747997103688283,High
Ahmednagar,KHARIF SORGHUM,2002,0.1,232.2,21.03,-44.47570655554421,500.0,750.0,216.50635094610965,1000.0,33.33333333333333,0.6263164719132992,Medium
Ahmednagar,KHARIF SORGHUM,2003,0.1,249.0,21.25,-40.45844501434327,1000.0,791.6666666666666,260.2082499332666,2000.0,152.63157894736844,0.36170192709547666,Low
Ahmednagar,KHARIF SORGHUM,2004,0.1,525.4,20.46,25.63507224684355,2000.0,1166.6666666666667,763.7626158259734,1000.0,-14.28571428571429,0.6224204970858451,Medium
Ahmednagar,KHARIF SORGHUM,2005,0.1,555.4,20.4040625,32.80875357041665,1000.0,1333.3333333333333,577.3502691896257,1000.0,-24.999999999999993,0.6346794030590869,Medium
Ahmednagar,KHARIF SORGHUM,2006,0.1,597.6,20.39875,42.89973196557615,1000.0,1333.3333333333333,577.3502691896257,1000.0,-24.999999999999993,0.6192688355567939,Medium
Ahmednagar,KHARIF SORGHUM,2007,0.1,386.0,21.0496875,-7.698633636692781,1000.0,1000.0,0.0,1400.0,40.0,0.5557074473302142,Low
Ahmednagar,KHARIF SORGHUM,2008,0.1,553.9,20.60375,32.450069504237995,1400.0,1133.3333333333333,230.94010767585036,1000.0,-11.764705882352935,0.6065507014579955,Medium
Ahmednagar,KHARIF SORGHUM,2016,1.4,417.1882352941177,20.89597426470588,-0.2408182685389294,1000.0,1133.3333333333333,230.94010767585036,214.29,-81.09205882352941,0.8066842760770643,High
Ahmednagar,KHARIF SORGHUM,2017,1.6,417.1882352941177,20.89597426470588,-0.2408182685389294,214.29,871.43,603.2203036204933,625.0,-28.278806100317865,0.6922555618438205,High
Ahmednagar,MAIZE,1999,16.9,409.8,20.45,-2.0075131199914527,1776.32,1638.1599999999999,195.38774577746685,1550.3,-5.363334472823162,0.6453034040931699,Medium
Ahmednagar,MAIZE,2000,21.0,363.0,21.0734375,-13.198455984765491,1550.3,1608.8733333333332,147.17782486955477,980.95,-39.02876132780288,0.7353355546746241,High
Ahmednagar,MAIZE,2001,20.2,429.6,20.8,2.727116553566796,980.95,1435.8566666666666,409.8491388710403,1707.92,18.94780583948724,0.5853987161209683,Medium
Ahmednagar,MAIZE,2002,19.8,232.2,21.03,-44.47570655554421,1707.92,1413.0566666666666,382.42403772949905,1171.72,-17.079050851935634,0.7355433043143511,High
Ahmednagar,MAIZE,2003,17.2,249.0,21.25,-40.45844501434327,1171.72,1286.8633333333335,376.9148917638215,686.05,-46.68820050821248,0.7935614492477958,High
Ahmednagar,MAIZE,2004,25.4,525.4,20.46,25.63507224684355,686.05,1188.5633333333335,511.14317723445475,1589.76,33.754757143778605,0.5183328089889575,Low
Ahmednagar,MAIZE,2005,28.5,555.4,20.4040625,32.80875357041665,1589.76,1149.1766666666665,452.2765663101872,1407.02,22.437223171371983,0.5318987528547902,Low
Ahmednagar,MAIZE,2006,34.4,597.6,20.39875,42.89973196557615,1407.02,1227.61,477.8220401990682,1865.99,52.0018572673732,0.4524314781447081,Low
Ahmednagar,MAIZE,2007,37.2,386.0,21.0496875,-7.698633636692781,1865.99,1620.9233333333334,231.066506082846,2756.72,70.07096778173755,0.49055368380333336,Low
Ahmednagar,MAIZE,2008,34.1,553.9,20.60375,32.450069504237995,2756.72,2009.9099999999999,686.2632492710076,2938.42,46.19659586747667,0.48096788100044996,Low
Ahmednagar,MAIZE,2009,53.6,445.7,21.185,6.576992197217685,2938.42,2520.3766666666666,573.9513521487124,2640.11,4.750612672973494,0.610279914187327,Medium
Ahmednagar,MAIZE,2012,59.86,339.6,21.28,-18.793927417152503,2640.11,2778.4166666666665,150.33387187635284,1953.06,-29.706007618247803,0.7236814511686093,High
Ahmednagar,MAIZE,2013,82.9,458.1,20.77,9.54211381096124,1953.06,2510.53,505.2987380748166,4314.84,71.86968488725486,0.46032703409726916,Low
Ahmednagar,MAIZE,2014,97.7,363.8,21.27,-13.007157816136871,4314.84,2969.3366666666666,1214.8225552043953,2396.11,-19.30487280548629,0.6923083194166548,High
Ahmednagar,MAIZE,2015,44.0,272.3,21.27,-34.886885853034826,2396.11,2888.0033333333336,1255.3766289975833,1590.91,-44.913152223970194,0.781206833033133,High
Ahmednagar,MAIZE,2016,68.0,417.1882352941177,20.89597426470588,-0.2408182685389294,1590.91,2767.286666666667,1399.3847754042972,3608.82,30.410052686988216,0.5650963678050812,Low
Ahmednagar,MAIZE,2017,78.38,417.1882352941177,20.89597426470588,-0.2408182685389294,3608.82,2531.9466666666667,1015.7897873247865,3086.29,21.893957745292155,0.5835479068453613,Low
Ahmednagar,MINOR PULSES,1999,39.0,409.8,20.45,-2.0075131199914527,495.8,339.805,220.61024466239095,264.1,-22.278954106031396,0.6819539132983322,High
Ahmednagar,MINOR PULSES,2000,42.5,363.0,21.0734375,-13.198455984765491,264.1,314.57,162.00264102785485,395.29,25.660425342531084,0.5951756502227009,Medium
Ahmednagar,MINOR PULSES,2001,35.2,429.6,20.8,2.727116553566796,395.29,385.06333333333333,116.18804169678279,201.7,-47.61900639721605,0.7296268093000114,High
Ahmednagar,MINOR PULSES,2002,39.9,232.2,21.03,-44.47570655554421,201.7,287.03000000000003,98.81098471323925,373.43,30.10138313068319,0.6333190306856844,Medium
Ahmednagar,MINOR PULSES,2003,23.2,249.0,21.25,-40.45844501434327,373.43,323.47333333333336,106.02369279238174,254.31,-21.38146369613158,0.7387301861551366,High
Ahmednagar,MINOR PULSES,2004,34.7,525.4,20.46,25.63507224684355,254.31,276.48,87.98539594728206,333.72,20.703125000000004,0.5466113453003836,Low
Ahmednagar,MINOR PULSES,2005,21.0,555.4,20.4040625,32.80875357041665,333.72,320.4866666666667,60.65257153108462,277.14,-13.525263661514785,0.609817474325785,Medium
Ahmednagar,MINOR PULSES,2006,41.1,597.6,20.39875,42.89973196557615,277.14,288.39,40.8828680500769,419.71,45.53555948541905,0.4664417900055621,Low
Ahmednagar,MINOR PULSES,2007,45.8,386.0,21.0496875,-7.698633636692781,419.71,343.5233333333333,71.78878905047321,534.93,55.718679953811964,0.5216503074304017,Low
Ahmednagar,MINOR PULSES,2008,7.4,553.9,20.60375,32.450069504237995,534.93,410.5933333333333,129.13657976473343,283.78,-30.885385377258928,0.6479788403634871,Medium
Ahmednagar,MINOR PULSES,2009,29.8,445.7,21.185,6.576992197217685,283.78,412.8066666666667,125.71723284153754,502.01,21.608985642996718,0.573753439419065,Low
Ahmednagar,MINOR PULSES,2012,17.06,339.6,21.28,-18.793927417152503,502.01,440.23999999999995,136.4944332198205,161.78,-63.25186262038886,0.7963641370063392,High
Ahmednagar,MINOR PULSES,2013,13.3,458.1,20.77,9.54211381096124,161.78,315.8566666666667,172.3682036610388,1180.45,273.72964530324936,0.1827113513539134,Low
Ahmednagar,MINOR PULSES,2014,16.9,363.8,21.27,-13.007157816136871,1180.45,614.7466666666668,518.608049718989,603.55,-1.821346462499484,0.6544273456736429,Medium
Ahmednagar,MINOR PULSES,2015,48.5,272.3,21.27,-34.886885853034826,603.55,648.5933333333334,510.8266032944383,72.16,-88.87438456557268,0.876456169772954,High
Ahmednagar,MINOR PULSES,2016,69.29,417.1882352941177,20.89597426470588,-0.2408182685389294,72.16,618.72,554.3007105353556,469.87,-24.05773209206103,0.683109901492628,High
Ahmednagar,MINOR PULSES,2017,80.16,417.1882352941177,20.89597426470588,-0.2408182685389294,469.87,381.85999999999996,276.41120292057644,362.09,-5.177290106321684,0.6422022771903291,Medium
Ahmednagar,OILSEEDS,1999,86.6,409.8,20.45,-2.0075131199914527,802.17,735.005,94.98565391678888,813.16,10.633260998224499,0.6106441139060155,Medium
Ahmednagar,OILSEEDS,2000,79.6,363.0,21.0734375,-13.198455984765491,813.16,761.0566666666667,80.91480231288543,703.52,-7.560102839473198,0.6671534612834703,Medium
Ahmednagar,OILSEEDS,2001,70.6,429.6,20.8,2.727116553566796,703.52,772.9499999999999,60.378710652017084,757.08,-2.0531729089850437,0.6309008367425066,Medium
Ahmednagar,OILSEEDS,2002,70.1,232.2,21.03,-44.47570655554421,757.08,757.9200000000001,54.8248264931135,669.33,-11.68856871437619,0.7238639263496779,High
Ahmednagar,OILSEEDS,2003,57.4,249.0,21.25,-40.45844501434327,669.33,709.9766666666668,44.229877157113265,538.33,-24.176381383425756,0.7447858411442538,High
Ahmednagar,OILSEEDS,2004,90.3,525.4,20.46,25.63507224684355,538.33,654.9133333333334,110.08528890516358,982.83,50.070238301251045,0.4829825998145517,Low
Ahmednagar,OILSEEDS,2005,90.7,555.4,20.4040625,32.80875357041665,982.83,730.1633333333334,228.40880747758683,806.17,10.40954307027193,0.5579587264070868,Low
Ahmednagar,OILSEEDS,2006,100.0,597.6,20.39875,42.89973196557615,806.17,775.7766666666666,223.80321385836558,1002.3,29.199554854704747,0.501836466705325,Low
Ahmednagar,OILSEEDS,2007,96.2,386.0,21.0496875,-7.698633636692781,1002.3,930.4333333333334,108.05462615424332,1187.11,27.5867875183606,0.5826027410403432,Low
Ahmednagar,OILSEEDS,2008,83.9,553.9,20.60375,32.450069504237995,1187.11,998.5266666666666,190.49802999856257,758.4,-24.0480975303614,0.6331647166952584,Medium
Ahmednagar,OILSEEDS,2009,92.5,445.7,21.185,6.576992197217685,758.4,982.6033333333334,215.0326371352341,849.41,-13.555147719832695,0.6499423950382748,Medium
Ahmednagar,OILSEEDS,2012,67.56,339.6,21.28,-18.793927417152503,849.41,931.64,225.87473453221799,488.9,-47.52264823322314,0.7622841725009273,High
Ahmednagar,OILSEEDS,2013,93.1,458.1,20.77,9.54211381096124,488.9,698.9033333333333,187.47467837906376,1230.93,76.12306899857397,0.4511113685227751,Low
Ahmednagar,OILSEEDS,2014,67.5,363.8,21.27,-13.007157816136871,1230.93,856.4133333333333,371.0645701671521,620.74,-27.518643645591688,0.7101048229034905,High
Ahmednagar,OILSEEDS,2015,48.2,272.3,21.27,-34.886885853034826,620.74,780.1899999999999,395.87922034378124,475.1,-39.10457709019597,0.7686215869099973,High
Ahmednagar,PEARL MILLET,1999,310.6,409.8,20.45,-2.0075131199914527,806.55,682.04,176.08373065107403,574.05,-15.833382206322211,0.6679885075156755,Medium
Ahmednagar,PEARL MILLET,2000,326.1,363.0,21.0734375,-13.198455984765491,574.05,646.0433333333333,139.2480525297691,574.36,-11.095746931320388,0.674814023482447,High
Ahmednagar,PEARL MILLET,2001,194.4,429.6,20.8,2.727116553566796,574.36,651.6533333333333,134.14453784382474,421.81,-35.27079837950649,0.7028723585950633,High
Ahmednagar,PEARL MILLET,2002,218.4,232.2,21.03,-44.47570655554421,421.81,523.4066666666666,87.9854308015442,727.56,39.004725452484365,0.6140284556551795,Medium
Ahmednagar,PEARL MILLET,2003,204.1,249.0,21.25,-40.45844501434327,727.56,574.5766666666667,152.8751151539495,346.89,-39.62685571406195,0.7782618688605207,High
Ahmednagar,PEARL MILLET,2004,240.5,525.4,20.46,25.63507224684355,346.89,498.7533333333333,201.66214229084574,596.26,19.55007819496613,0.5491096133779486,Low
Ahmednagar,PEARL MILLET,2005,217.7,555.4,20.4040625,32.80875357041665,596.26,556.9033333333333,193.36267125102847,251.72,-54.80005506640888,0.6992461890360909,High
Ahmednagar,PEARL MILLET,2006,243.9,597.6,20.39875,42.89973196557615,251.72,398.28999999999996,177.92813970814169,610.5,53.28027316779232,0.4496615770271426,Low
Ahmednagar,PEARL MILLET,2007,232.6,386.0,21.0496875,-7.698633636692781,610.5,486.16,203.15580129545893,748.28,53.91640612144148,0.5255552340671915,Low
Ahmednagar,PEARL MILLET,2008,128.2,553.9,20.60375,32.450069504237995,748.28,536.8333333333334,256.34555142099373,720.75,34.259546724619675,0.5068314874765539,Low
Ahmednagar,PEARL MILLET,2009,190.7,445.7,21.185,6.576992197217685,720.75,693.1766666666666,72.91123804553986,605.09,-12.707679139036216,0.6481062131132218,Medium
Ahmednagar,PEARL MILLET,2012,160.5,339.6,21.28,-18.793927417152503,605.09,691.3733333333333,75.98082279979187,344.92,-50.110890401712524,0.7678920305326355,High
Ahmednagar,PEARL MILLET,2013,181.8,458.1,20.77,9.54211381096124,344.92,556.92,192.48976310443106,1035.2,85.87947999712708,0.42997247802598054,Low
Ahmednagar,PEARL MILLET,2014,186.0,363.8,21.27,-13.007157816136871,1035.2,661.7366666666667,348.6090263222302,579.03,-12.498425859229004,0.6775610176998131,High
Ahmednagar,PEARL MILLET,2015,122.0,272.3,21.27,-34.886885853034826,579.03,653.05,351.04250440651776,249.18,-61.84365668784931,0.8178895927047487,High
Ahmednagar,PEARL MILLET,2016,146.4,417.1882352941177,20.89597426470588,-0.2408182685389294,249.18,621.1366666666667,394.69809808679514,1023.22,64.73347250470911,0.4907289582002672,Low
Ahmednagar,PEARL MILLET,2017,119.5,417.1882352941177,20.89597426470588,-0.2408182685389294,1023.22,617.1433333333333,388.4249606208815,1005.02,62.8503373068385,0.49480908446230665,Low
Ahmednagar,PIGEONPEA,1999,19.0,409.8,20.45,-2.0075131199914527,515.96,438.73,109.21971342207415,521.05,18.76324846716658,0.5930291410566997,Medium
Ahmednagar,PIGEONPEA,2000,19.1,363.0,21.0734375,-13.198455984765491,521.05,466.17,90.68259866148522,492.15,5.573074200398988,0.638698244363842,Medium
Ahmednagar,PIGEONPEA,2001,16.7,429.6,20.8,2.727116553566796,492.15,509.71999999999997,15.427433357496586,323.35,-36.56321117476261,0.7056725863181088,High
Ahmednagar,PIGEONPEA,2002,14.6,232.2,21.03,-44.47570655554421,323.35,445.51666666666665,106.78166197120794,390.41,-12.369159402940397,0.7253385395082288,High
Ahmednagar,PIGEONPEA,2003,9.0,249.0,21.25,-40.45844501434327,390.41,401.97,84.99167723959785,333.33,-17.07590118665573,0.7294014673846367,High
Ahmednagar,PIGEONPEA,2004,12.2,525.4,20.46,25.63507224684355,333.33,349.03000000000003,36.18187944261555,393.44,12.723834627395917,0.5638998077743014,Low
Ahmednagar,PIGEONPEA,2005,11.1,555.4,20.4040625,32.80875357041665,393.44,372.3933333333334,33.86374511676618,342.34,-8.070319912637194,0.5979984295365898,Medium
Ahmednagar,PIGEONPEA,2006,13.0,597.6,20.39875,42.89973196557615,342.34,356.36999999999995,32.41810759436719,507.69,42.46148665712604,0.47310228113350794,Low
Ahmednagar,PIGEONPEA,2007,14.6,386.0,21.0496875,-7.698633636692781,507.69,414.49,84.66098570179764,541.1,30.5459721585563,0.5761911743199406,Low
Ahmednagar,PIGEONPEA,2008,2.7,553.9,20.60375,32.450069504237995,541.1,463.71,106.42868363368964,481.48,3.8321364646007288,0.5727575430397086,Low
Ahmednagar,PIGEONPEA,2009,12.1,445.7,21.185,6.576992197217685,481.48,510.09,29.88237105719703,512.4,0.45286125977768676,0.6195917089158868,Medium
Ahmednagar,PIGEONPEA,2012,9.5,339.6,21.28,-18.793927417152503,512.4,511.66,29.816887832233718,228.42,-55.35707305632647,0.7792587596175944,High
Ahmednagar,PIGEONPEA,2013,11.0,458.1,20.77,9.54211381096124,228.42,407.43333333333334,155.79904278696102,836.36,105.27530066268511,0.3879481999174116,Low
Ahmednagar,PIGEONPEA,2014,9.1,363.8,21.27,-13.007157816136871,836.36,525.7266666666666,304.1890217173088,197.8,-62.37588607514677,0.7856288481672747,High
Ahmednagar,PIGEONPEA,2015,9.3,272.3,21.27,-34.886885853034826,197.8,420.85999999999996,360.15910872835076,236.56,-43.79128451266453,0.7787761196586456,High
Ahmednagar,PIGEONPEA,2016,21.97,417.1882352941177,20.89597426470588,-0.2408182685389294,236.56,423.5733333333333,358.0086710309309,1003.19,136.8397443968774,0.33449870243442337,Low
Ahmednagar,PIGEONPEA,2017,15.7,417.1882352941177,20.89597426470588,-0.2408182685389294,1003.19,479.1833333333334,454.21671527293375,993.63,107.35904838092584,0.3983735438021055,Low
Ahmednagar,RICE,1999,5.7,409.8,20.45,-2.0075131199914527,1321.43,1272.365,69.38838843783599,1403.51,10.30718386626479,0.6113506143585925,Medium
Ahmednagar,RICE,2000,5.5,363.0,21.0734375,-13.198455984765491,1403.51,1316.08,90.22404280456517,690.91,-47.502431463132936,0.7536951733011114,High
Ahmednagar,RICE,2001,7.3,429.6,20.8,2.727116553566796,690.91,1138.6166666666666,389.8913004073485,561.64,-50.67347805085117,0.7362448312161988,High
Ahmednagar,RICE,2002,7.4,232.2,21.03,-44.47570655554421,561.64,885.3533333333334,453.36787671088166,229.73,-74.0521674962162,0.8589850570432142,High
Ahmednagar,RICE,2003,7.6,249.0,21.25,-40.45844501434327,229.73,494.0933333333333,237.89422488436557,776.32,57.12011225949215,0.5686434382518522,Low
Ahmednagar,RICE,2004,8.0,525.4,20.46,25.63507224684355,776.32,522.5633333333334,275.38227327359533,725.0,38.73916399288123,0.5075332608159377,Low
Ahmednagar,RICE,2005,8.0,555.4,20.4040625,32.80875357041665,725.0,577.0166666666668,301.85171398110884,437.5,-24.17896652320847,0.6329004971927111,Medium
Ahmednagar,RICE,2006,8.4,597.6,20.39875,42.89973196557615,437.5,646.2733333333334,182.61479713685074,785.71,21.575494372865958,0.5183552644159207,Low
Ahmednagar,RICE,2007,8.6,386.0,21.0496875,-7.698633636692781,785.71,649.4033333333333,186.00723919604084,1190.7,83.35292396610224,0.4617761120706391,Low
Ahmednagar,RICE,2008,9.3,553.9,20.60375,32.450069504237995,1190.7,804.6366666666667,376.9565280418064,978.49,21.606439345294568,0.5342465534650003,Low
Ahmednagar,RICE,2009,7.4,445.7,21.185,6.576992197217685,978.49,984.9666666666666,202.5726670440343,378.38,-61.584486784662765,0.7540059630117264,High
Ahmednagar,RICE,2012,7.5,339.6,21.28,-18.793927417152503,378.38,849.1899999999999,421.31320071889485,614.67,-27.616905521732477,0.7191550632928412,High
Ahmednagar,RICE,2013,7.9,458.1,20.77,9.54211381096124,614.67,657.18,302.3050249334265,2405.06,265.9667062296479,0.1827113513539134,Low
Ahmednagar,RICE,2014,8.6,363.8,21.27,-13.007157816136871,2405.06,1132.7033333333331,1108.2088505481868,255.81,-77.41597535100394,0.8182157082648566,High
Ahmednagar,RICE,2015,14.0,272.3,21.27,-34.886885853034826,255.81,1091.8466666666666,1151.3435929527438,1228.57,12.522210078338231,0.6567635480452129,Medium
Ahmednagar,RICE,2016,15.0,417.1882352941177,20.89597426470588,-0.2408182685389294,1228.57,1296.4799999999998,1076.2331144784573,1746.67,34.72402196717268,0.5557494343647127,Low
Ahmednagar,RICE,2017,16.2,417.1882352941177,20.89597426470588,-0.2408182685389294,1746.67,1077.0166666666667,756.8964225925062,2302.47,113.78220702248494,0.38445670007877386,Low
Ahmednagar,SESAMUM,1999,1.3,409.8,20.45,-2.0075131199914527,307.69,230.76999999999998,108.78130721773849,230.77,1.2316033033064959e-14,0.6336828460687585,Medium
Ahmednagar,SESAMUM,2000,1.5,363.0,21.0734375,-13.198455984765491,230.77,230.77,76.92000000000002,200.0,-13.333622221259267,0.6796627532772984,High
Ahmednagar,SESAMUM,2001,1.0,429.6,20.8,2.727116553566796,200.0,246.15333333333334,55.468632877810634,300.0,21.875253906778973,0.5790559119751908,Low
Ahmednagar,SESAMUM,2002,1.4,232.2,21.03,-44.47570655554421,300.0,243.59000000000003,51.217812331258365,142.86,-41.35227226076604,0.7881352840333082,High
Ahmednagar,SESAMUM,2003,0.8,249.0,21.25,-40.45844501434327,142.86,214.28666666666672,79.53820800931669,375.0,74.99922222567895,0.5299053666585766,Low
Ahmednagar,SESAMUM,2004,1.2,525.4,20.46,25.63507224684355,375.0,272.62000000000006,118.4672663650175,333.33,22.269092509720455,0.5432184156960005,Low
Ahmednagar,SESAMUM,2005,27.0,555.4,20.4040625,32.80875357041665,333.33,283.73,123.76334231104137,337.04,18.788989532301837,0.5398032590727492,Low
Ahmednagar,SESAMUM,2006,1.0,597.6,20.39875,42.89973196557615,337.04,348.4566666666667,23.061926054285813,300.0,-13.906081100471612,0.5952320112745625,Medium
Ahmednagar,SESAMUM,2007,0.9,386.0,21.0496875,-7.698633636692781,300.0,323.4566666666667,20.39858900349102,444.44,37.40325855086202,0.5613337204699944,Low
Ahmednagar,SESAMUM,2008,0.2,553.9,20.60375,32.450069504237995,444.44,360.4933333333334,75.02181371663407,1000.0,177.39764027074006,0.19669895146099348,Low
Ahmednagar,SESAMUM,2009,0.6,445.7,21.185,6.576992197217685,1000.0,581.48,369.57404021386566,383.33,-34.07683841232717,0.6944060582051979,High
Ahmednagar,SESAMUM,2012,0.3,339.6,21.28,-18.793927417152503,383.33,609.2566666666668,339.7703230615254,200.0,-67.17311259075267,0.8048601786087659,High
Ahmednagar,SESAMUM,2013,0.8,458.1,20.77,9.54211381096124,200.0,527.7766666666668,419.10455692265305,250.0,-52.631479224166796,0.7300795563377837,High
Ahmednagar,SESAMUM,2015,0.1,272.3,21.27,-34.886885853034826,250.0,277.7766666666667,94.7688220531062,0.0,-100.0,0.9005616698807997,High
Ahmednagar,SESAMUM,2016,0.22,417.1882352941177,20.89597426470588,-0.2408182685389294,0.0,150.00000000000003,132.28756555322943,209.82,39.879999999999974,0.5445781486269575,Low
Ahmednagar,SESAMUM,2017,0.24,417.1882352941177,20.89597426470588,-0.2408182685389294,209.82,153.27333333333337,134.25030403441664,323.53,111.08042277412895,0.3903105659501923,Low
Ahmednagar,SOYABEAN,1999,7.5,409.8,20.45,-2.0075131199914527,1195.65,1005.72,268.601581901522,1386.67,37.87833591854592,0.5516131182455158,Low
Ahmednagar,SOYABEAN,2000,7.2,363.0,21.0734375,-13.198455984765491,1386.67,1132.7033333333334,290.5988742809121,861.11,-23.977446286317985,0.7027243720848487,High
Ahmednagar,SOYABEAN,2001,7.6,429.6,20.8,2.727116553566796,861.11,1147.8100000000002,266.02599045957896,1184.21,3.1712565668533865,0.6195812395448944,Medium
Ahmednagar,SOYABEAN,2002,15.1,232.2,21.03,-44.47570655554421,1184.21,1143.9966666666667,265.07765377966757,1245.03,8.831610814716823,0.6794035373701246,High
Ahmednagar,SOYABEAN,2003,17.9,249.0,21.25,-40.45844501434327,1245.03,1096.7833333333335,206.3521459382802,1033.52,-5.768079383652214,0.704901186811544,High
Ahmednagar,SOYABEAN,2004,35.5,525.4,20.46,25.63507224684355,1033.52,1154.2533333333333,108.89063978751024,1459.15,26.415056197946157,0.5342354943715415,Low
Ahmednagar,SOYABEAN,2005,37.5,555.4,20.4040625,32.80875357041665,1459.15,1245.8999999999999,212.81633372464617,1034.67,-16.954009150012027,0.6172464228841711,Medium
Ahmednagar,SOYABEAN,2006,49.0,597.6,20.39875,42.89973196557615,1034.67,1175.78,245.40629229911764,1316.33,11.95376686114749,0.5392023406912412,Low
Ahmednagar,SOYABEAN,2007,55.4,386.0,21.0496875,-7.698633636692781,1316.33,1270.05,215.99119519091508,1525.27,20.095271839691353,0.5988343583440725,Medium
Ahmednagar,SOYABEAN,2008,55.5,553.9,20.60375,32.450069504237995,1525.27,1292.0900000000001,246.1966149239261,722.52,-44.081294646657746,0.6765699771137559,High
Ahmednagar,SOYABEAN,2009,58.0,445.7,21.185,6.576992197217685,722.52,1188.04,416.46804643333667,917.59,-22.76438503754082,0.6698957425599092,Medium
Ahmednagar,SOYABEAN,2012,56.8,339.6,21.28,-18.793927417152503,917.59,1055.1266666666668,418.6754609877836,494.01,-53.18002893807379,0.7745418306947294,High
Ahmednagar,SOYABEAN,2013,65.9,458.1,20.77,9.54211381096124,494.01,711.3733333333333,212.00988239545057,1130.5,58.91796150169625,0.48838910143255265,Low
Ahmednagar,SOYABEAN,2014,58.2,363.8,21.27,-13.007157816136871,1130.5,847.3666666666667,324.0036534259034,616.84,-27.20506667715668,0.7094254061385502,High
Ahmednagar,SOYABEAN,2015,40.9,272.3,21.27,-34.886885853034826,616.84,747.1166666666667,337.6520212190841,484.11,-35.202891114729965,0.7601679339631826,High
Ahmednagar,SOYABEAN,2016,52.0,417.1882352941177,20.89597426470588,-0.2408182685389294,484.11,743.8166666666666,341.39026558080536,801.92,7.811512693540077,0.6140598711240557,Medium
Ahmednagar,SOYABEAN,2017,59.28,417.1882352941177,20.89597426470588,-0.2408182685389294,801.92,634.29,159.62197812331286,1465.83,131.09776285295368,0.3469396624462166,Low
Ahmednagar,SUGARCANE,1999,67.5,409.8,20.45,-2.0075131199914527,8778.19,8740.04,53.95224740453371,8953.04,2.437059784623411,0.6284025498687587,Medium
Ahmednagar,SUGARCANE,2000,67.1,363.0,21.0734375,-13.198455984765491,8953.04,8811.04,128.75722309835672,7695.83,-12.65696217472626,0.6781966565098152,High
Ahmednagar,SUGARCANE,2001,52.0,429.6,20.8,2.727116553566796,7695.83,8475.686666666666,681.0106064029654,6915.96,-18.402363466322885,0.6663240829499539,Medium
Ahmednagar,SUGARCANE,2002,49.4,232.2,21.03,-44.47570655554421,6915.96,7854.943333333334,1027.8188173181773,6686.23,-14.878698467164847,0.7307758741473636,High
Ahmednagar,SUGARCANE,2003,31.2,249.0,21.25,-40.45844501434327,6686.23,7099.34,529.192033481235,4765.38,-32.875732110308846,0.763634434385771,High
Ahmednagar,SUGARCANE,2004,17.0,525.4,20.46,25.63507224684355,4765.38,6122.5233333333335,1180.9201872410094,5892.94,-3.749815571684233,0.5995927165388562,Medium
Ahmednagar,SUGARCANE,2005,56.6,555.4,20.4040625,32.80875357041665,5892.94,5781.516666666666,965.2603534970976,7765.55,34.31683151191586,0.5061596014503642,Low
Ahmednagar,SUGARCANE,2006,93.5,597.6,20.39875,42.89973196557615,7765.55,6141.290000000001,1515.4251215748034,6564.49,6.891060347256015,0.5501715381379695,Low
Ahmednagar,SUGARCANE,2007,133.3,386.0,21.0496875,-7.698633636692781,6564.49,6740.993333333333,948.7002282245629,7825.96,16.09505621822304,0.6075014921905583,Medium
Ahmednagar,SUGARCANE,2008,77.5,553.9,20.60375,32.450069504237995,7825.96,7385.333333333333,711.5125968198557,7180.39,-2.7750045134500727,0.5870730151587709,Medium
Ahmednagar,SUGARCANE,2009,75.6,445.7,21.185,6.576992197217685,7180.39,7190.28,630.793150961551,8384.92,16.6146520024255,0.5845744956402665,Low
Ahmednagar,SUGARCANE,2012,115.5,339.6,21.28,-18.793927417152503,8384.92,7797.09,602.7837405736808,7130.48,-8.5494716618636,0.6778422899299297,High
Ahmednagar,SUGARCANE,2013,110.8,458.1,20.77,9.54211381096124,7130.48,7565.263333333333,710.2820147190364,8703.61,15.047019733615802,0.5834428085964101,Low
Ahmednagar,SUGARCANE,2014,122.0,363.8,21.27,-13.007157816136871,8703.61,8073.003333333334,831.6570834384394,9640.16,19.412312889750645,0.608421083743921,Medium
Ahmednagar,SUGARCANE,2015,112.4,272.3,21.27,-34.886885853034826,9640.16,8491.416666666666,1268.224323072748,5878.2,-30.774802005947176,0.750573740894185,High
Ahmednagar,SUGARCANE,2016,60.97,417.1882352941177,20.89597426470588,-0.2408182685389294,5878.2,8073.990000000001,1958.4181802413902,6857.9,-15.061821974017814,0.6636187629035993,Medium
Ahmednagar,SUGARCANE,2017,104.4,417.1882352941177,20.89597426470588,-0.2408182685389294,6857.9,7458.753333333333,1951.6286292564307,10831.86,45.223464511048775,0.5330006421863903,Low
Ahmednagar,SUNFLOWER,1999,20.3,409.8,20.45,-2.0075131199914527,419.05,454.75,50.48742417671948,448.28,-1.422759758108857,0.6367654922113174,Medium
Ahmednagar,SUNFLOWER,2000,18.5,363.0,21.0734375,-13.198455984765491,448.28,452.5933333333333,35.89489703750844,508.11,12.266346536257725,0.6241961543028632,Medium
Ahmednagar,SUNFLOWER,2001,14.1,429.6,20.8,2.727116553566796,508.11,458.48,45.397697078155865,709.22,54.689408480195425,0.5079585770663587,Low
Ahmednagar,SUNFLOWER,2002,13.5,232.2,21.03,-44.47570655554421,709.22,555.2033333333334,136.69585741101798,392.59,-29.288969206476917,0.761998127415769,High
Ahmednagar,SUNFLOWER,2003,9.7,249.0,21.25,-40.45844501434327,392.59,536.64,160.23142606867114,288.66,-46.209749552772806,0.7925248055110132,High
Ahmednagar,SUNFLOWER,2004,13.7,525.4,20.46,25.63507224684355,288.66,463.48999999999995,219.0611464865461,540.15,16.53973117003604,0.555632031931942,Low
Ahmednagar,SUNFLOWER,2005,12.7,555.4,20.4040625,32.80875357041665,540.15,407.1333333333334,126.37419211743091,551.18,35.380710659898455,0.5038545299630763,Low
Ahmednagar,SUNFLOWER,2006,14.7,597.6,20.39875,42.89973196557615,551.18,459.99666666666667,148.4843602314174,489.8,6.479032456756935,0.551064265234048,Low
Ahmednagar,SUNFLOWER,2007,12.0,386.0,21.0496875,-7.698633636692781,489.8,527.0433333333333,32.72177613353758,823.33,56.216756370443946,0.5205711418610361,Low
Ahmednagar,SUNFLOWER,2008,6.5,553.9,20.60375,32.450069504237995,823.33,621.4366666666667,177.5177868083459,630.77,1.5018961438816383,0.5778063970679164,Low
Ahmednagar,SUNFLOWER,2009,9.9,445.7,21.185,6.576992197217685,630.77,647.9666666666667,167.4286690902527,376.77,-41.85349040588508,0.7112554708578505,High
Ahmednagar,SUNFLOWER,2012,1.6,339.6,21.28,-18.793927417152503,376.77,610.2900000000001,223.9833279509884,325.0,-46.74662865195236,0.7606027967415128,High
Ahmednagar,SUNFLOWER,2013,1.4,458.1,20.77,9.54211381096124,325.0,444.18,163.65177756443725,571.43,28.648295735962886,0.5539733772580897,Low
Ahmednagar,SUNFLOWER,2014,0.9,363.8,21.27,-13.007157816136871,571.43,424.3999999999999,129.93613392740315,444.44,4.72196041470313,0.6402501807730845,Medium
Ahmednagar,SUNFLOWER,2015,0.54,272.3,21.27,-34.886885853034826,444.44,446.95666666666665,123.23427458841708,203.7,-54.42511205411412,0.8018160793317095,High
Ahmednagar,SUNFLOWER,2016,0.47,417.1882352941177,20.89597426470588,-0.2408182685389294,203.7,406.5233333333333,186.7741776406294,826.64,103.34380150380873,0.40707324536916356,Low
Ahmednagar,SUNFLOWER,2017,0.71,417.1882352941177,20.89597426470588,-0.2408182685389294,826.64,491.5933333333333,314.13554165890463,552.89,12.468978423900518,0.603968695374975,Medium
Akola,COTTON,1999,359.2,705.1,22.008125,19.2633112601131,109.79,97.415,17.50089283436705,161.05,65.32361545963148,0.459664332751315,Low
Akola,COTTON,2000,333.5,426.2,22.85,-27.91090163230719,161.05,118.62666666666667,38.767835035417356,106.57,-10.163538271327418,0.6952625387361782,High
Akola,COTTON,2001,329.6,499.6,22.54,-15.49574485101049,106.57,125.80333333333333,30.566938566584216,146.12,16.14954558702738,0.6192908906121124,Medium
Akola,COTTON,2002,308.9,526.4,22.1959375,-10.962690331408979,146.12,137.91333333333333,28.151902836812532,163.55,18.588968917677782,0.6070827608568253,Medium
Akola,COTTON,2003,292.9,518.4,22.38,-12.315840934275103,163.55,138.74666666666667,29.196825740709098,151.79,9.400826446280984,0.629056884233013,Medium
Akola,COTTON,2004,275.4,355.9,22.29,-39.801712554993266,151.79,153.82000000000002,8.89055116401675,115.07,-25.191782603042533,0.7459829396942514,High
Akola,COTTON,2005,271.2,775.8,22.38,31.221779712942464,115.07,143.47,25.288226509583463,132.34,-7.757719383843309,0.5997446959377721,Medium
Akola,COTTON,2006,267.1,883.3,22.2425,49.404740938956024,132.34,133.06666666666666,18.37078205557218,320.18,140.61623246492988,0.2504994570601116,Low
Akola,COTTON,2007,248.9,767.7,22.4659375,29.85171472754053,320.18,189.1966666666667,113.76308027358145,355.08,87.67772511848338,0.39506021188858387,Low
Akola,COTTON,2008,220.7,467.6,22.5040625,-20.908347262474987,355.08,269.2,119.80190816510397,257.41,-4.379643387815737,0.6720367254770342,Medium
Akola,COTTON,2009,208.3,550.9,23.0584375,-6.81866661013147,257.41,310.89,49.49328540317369,275.85,-11.270867509408461,0.6654504739659333,Medium
Akola,COTTON,2012,226.1,681.4,22.41,15.254602599122194,275.85,296.11333333333334,51.892284911471556,309.69,4.584956210459954,0.5973867121379552,Medium
Akola,COTTON,2013,181.8,985.2,22.39,66.64049674296331,309.69,280.98333333333335,26.51533392837699,377.12,34.21436621389169,0.45471502767862826,Low
Akola,COTTON,2014,167.2,659.8,23.426875,11.601095971383653,377.12,320.8866666666667,51.55508930584198,150.06,-53.235825732865194,0.7282445726729564,High
Akola,COTTON,2015,161.6,464.0,23.426875,-21.517265033764748,150.06,278.95666666666665,116.60816538018828,238.92,-14.352288885967951,0.6945740406659943,High
Akola,COTTON,2016,173.5,417.1882352941177,20.89597426470588,-29.43518598788873,238.92,255.36666666666667,114.41997436345343,498.19,95.08810860201018,0.46954513431213185,Low
Akola,COTTON,2017,183.8,417.1882352941177,20.89597426470588,-29.43518598788873,498.19,295.72333333333336,180.88280248086977,252.76,-14.528218943381773,0.707047177326356,High
Akola,GROUNDNUT,1999,3.0,705.1,22.008125,19.2633112601131,888.89,755.255,188.98842940772855,1166.67,54.47365459348168,0.4831725812945612,Low
Akola,GROUNDNUT,2000,2.5,426.2,22.85,-27.91090163230719,1166.67,892.3933333333334,272.5418878509015,640.0,-28.282745276746436,0.7345208205811219,High
Akola,GROUNDNUT,2001,1.7,499.6,22.54,-15.49574485101049,640.0,898.5200000000001,263.46702810788304,1117.65,24.387882295330098,0.601441161077516,Medium
Akola,GROUNDNUT,2002,1.1,526.4,22.1959375,-10.962690331408979,1117.65,974.7733333333334,290.9564033207267,1909.09,95.84963341905124,0.43968465443774085,Low
Akola,GROUNDNUT,2003,1.0,518.4,22.38,-12.315840934275103,1909.09,1222.2466666666667,640.9779278831162,1000.0,-18.183454512727927,0.6888228263106664,High
Akola,GROUNDNUT,2004,0.6,355.9,22.29,-39.801712554993266,1000.0,1342.2466666666667,494.41268595509695,666.67,-50.33178203708211,0.8004529384678224,High
Akola,GROUNDNUT,2005,1.3,775.8,22.38,31.221779712942464,666.67,1191.9199999999998,643.0605172921131,1461.54,22.620645680918194,0.5339249049643416,Low
Akola,GROUNDNUT,2006,2.9,883.3,22.2425,49.404740938956024,1461.54,1042.7366666666667,399.1546019192733,1275.86,22.35687501798152,0.506728064860979,Low
Akola,GROUNDNUT,2007,2.7,767.7,22.4659375,29.85171472754053,1275.86,1134.6899999999998,415.8140280221438,1055.56,-6.973710881386095,0.6001383232209508,Medium
Akola,GROUNDNUT,2008,2.4,467.6,22.5040625,-20.908347262474987,1055.56,1264.32,203.2358698655337,1125.0,-11.01936218678815,0.6864227828747598,High
Akola,GROUNDNUT,2009,2.0,550.9,23.0584375,-6.81866661013147,1125.0,1152.1399999999999,112.629734972609,1650.0,43.21176245942335,0.5474047757005245,Low
Akola,GROUNDNUT,2012,3.9,681.4,22.41,15.254602599122194,1650.0,1276.8533333333332,325.0143143514351,2092.31,63.864552441418496,0.46894758697130656,Low
Akola,GROUNDNUT,2013,4.5,985.2,22.39,66.64049674296331,2092.31,1622.4366666666665,484.2437010776013,1600.0,-1.382899383848563,0.5318424364734751,Low
Akola,GROUNDNUT,2014,3.9,659.8,23.426875,11.601095971383653,1600.0,1780.7699999999998,270.9573374167969,1358.97,-23.686382856854046,0.6642207797751456,Medium
Akola,GROUNDNUT,2015,4.9,464.0,23.426875,-21.517265033764748,1358.97,1683.76,373.77625941196425,918.37,-45.4571910486055,0.7619679953514844,High
Akola,GROUNDNUT,2016,13.0,417.1882352941177,20.89597426470588,-29.43518598788873,918.37,1292.4466666666665,345.64993799121913,1023.08,-20.841607906451316,0.7207261867462945,High
Akola,GROUNDNUT,2017,2.1,417.1882352941177,20.89597426470588,-29.43518598788873,1023.08,1100.1399999999999,230.18638686942472,1520.19,38.181504172196284,0.5928427772429843,Medium
Akola,KHARIF SORGHUM,1999,159.4,705.1,22.008125,19.2633112601131,1506.54,1502.425,5.819488809165299,1440.4,-4.128325873171697,0.610143538971887,Medium
Akola,KHARIF SORGHUM,2000,152.9,426.2,22.85,-27.91090163230719,1440.4,1481.75,36.04580558123225,1454.55,-1.8356672853045417,0.6772188182665222,High
Akola,KHARIF SORGHUM,2001,151.5,499.6,22.54,-15.49574485101049,1454.55,1467.1633333333332,34.82738912599293,1332.67,-9.166895755755423,0.6741431801879589,High
Akola,KHARIF SORGHUM,2002,145.8,526.4,22.1959375,-10.962690331408979,1332.67,1409.2066666666667,66.65922016745574,1621.4,15.057644726820293,0.6147339632703244,Medium
Akola,KHARIF SORGHUM,2003,141.6,518.4,22.38,-12.315840934275103,1621.4,1469.54,144.94750187567908,1684.32,14.615457898389971,0.6177585160868144,Medium
Akola,KHARIF SORGHUM,2004,134.7,355.9,22.29,-39.801712554993266,1684.32,1546.1299999999999,187.51962643947417,1199.7,-22.406265967286053,0.7399476536501326,High
Akola,KHARIF SORGHUM,2005,135.7,775.8,22.38,31.221779712942464,1199.7,1501.8066666666666,263.51671699027617,1769.34,17.814099462425258,0.5443390884377083,Low
Akola,KHARIF SORGHUM,2006,135.1,883.3,22.2425,49.404740938956024,1769.34,1551.1200000000001,307.29320265830796,2004.44,29.225333952240955,0.4918464038367998,Low
Akola,KHARIF SORGHUM,2007,112.4,767.7,22.4659375,29.85171472754053,2004.44,1657.8266666666666,413.797093432679,2406.49,45.15932506011887,0.48718341201473325,Low
Akola,KHARIF SORGHUM,2008,76.4,467.6,22.5040625,-20.908347262474987,2406.49,2060.09,322.19981765978645,1934.56,-6.093423102874156,0.6757499148596484,High
Akola,KHARIF SORGHUM,2009,78.0,550.9,23.0584375,-6.81866661013147,1934.56,2115.1633333333334,254.70418848800452,1590.38,-24.810534726238632,0.6947864196023008,High
Akola,KHARIF SORGHUM,2012,57.5,681.4,22.41,15.254602599122194,1590.38,1977.1433333333332,409.71805944250605,1586.96,-19.734701412644164,0.6500793036545052,Medium
Akola,KHARIF SORGHUM,2013,51.8,985.2,22.39,66.64049674296331,1586.96,1703.9666666666665,199.7070057192114,577.22,-66.12492419648271,0.6721168235670482,Medium
Akola,KHARIF SORGHUM,2014,22.5,659.8,23.426875,11.601095971383653,577.22,1251.5200000000002,583.9634334442528,1004.44,-19.742393249808245,0.6556754689599081,Medium
Akola,KHARIF SORGHUM,2015,21.0,464.0,23.426875,-21.517265033764748,1004.44,1056.2066666666667,506.85654551690845,695.24,-34.17576105686388,0.7375248970361257,High
Akola,KHARIF SORGHUM,2016,18.9,417.1882352941177,20.89597426470588,-29.43518598788873,695.24,758.9666666666667,220.62422381355657,1185.19,56.15837322675568,0.5538928942915687,Low
Akola,KHARIF SORGHUM,2017,19.17,417.1882352941177,20.89597426470588,-29.43518598788873,1185.19,961.6233333333333,247.76541492576004,724.98,-24.608734535698314,0.7288882944429691,High
Akola,MAIZE,1999,0.2,705.1,22.008125,19.2633112601131,800.0,1150.0,494.9747468305833,1200.0,4.3478260869565215,0.591778543058337,Medium
Akola,MAIZE,2000,0.3,426.2,22.85,-27.91090163230719,1200.0,1166.6666666666667,351.1884584284246,1000.0,-14.28571428571429,0.7041939201006533,High
Akola,MAIZE,2001,0.5,499.6,22.54,-15.49574485101049,1000.0,1000.0,200.00000000000009,2600.0,160.0,0.3076149060517106,Low
Akola,MAIZE,2002,0.6,526.4,22.1959375,-10.962690331408979,2600.0,1600.0,871.7797887081346,2000.0,25.0,0.5931921935118402,Medium
Akola,MAIZE,2003,0.9,518.4,22.38,-12.315840934275103,2000.0,1866.6666666666667,808.2903768654758,2000.0,7.142857142857138,0.6339491510570816,Medium
Akola,MAIZE,2004,0.8,355.9,22.29,-39.801712554993266,2000.0,2200.0,346.4101615137744,1125.0,-48.86363636363637,0.7972719561753673,High
Akola,MAIZE,2005,1.5,775.8,22.38,31.221779712942464,1125.0,1708.3333333333333,505.18148554092255,1733.33,1.4632195121951221,0.5797659949964222,Low
Akola,MAIZE,2006,3.5,883.3,22.2425,49.404740938956024,1733.33,1619.4433333333334,448.4795197479293,1314.29,-18.843100406929956,0.5959946782813229,Medium
Akola,MAIZE,2007,3.7,767.7,22.4659375,29.85171472754053,1314.29,1390.8733333333332,311.3119053832238,3091.89,122.29845996040858,0.32004861973132936,Low
Akola,MAIZE,2008,2.5,467.6,22.5040625,-20.908347262474987,3091.89,2046.5033333333333,929.259701339369,2880.0,40.7278431014853,0.5743038380838743,Low
Akola,MAIZE,2009,2.1,550.9,23.0584375,-6.81866661013147,2880.0,2428.726666666667,970.9279870481299,1885.71,-22.358080640335544,0.6894727690828618,High
Akola,MAIZE,2012,1.03,681.4,22.41,15.254602599122194,1885.71,2619.2000000000003,643.9953634149862,1718.45,-34.39027183872938,0.681833039577584,High
Akola,MAIZE,2013,0.5,985.2,22.39,66.64049674296331,1718.45,2161.3866666666668,627.9313808318017,2600.0,20.293145141390706,0.48487767333561316,Low
Akola,MAIZE,2014,0.9,659.8,23.426875,11.601095971383653,2600.0,2068.0533333333333,468.20873446928897,1222.22,-40.89997678976686,0.7015168999629992,High
Akola,MAIZE,2015,1.3,464.0,23.426875,-21.517265033764748,1222.22,1846.89,697.8123367353143,1538.46,-16.699965888601923,0.6996606741716843,High
Akola,MAIZE,2016,0.7,417.1882352941177,20.89597426470588,-29.43518598788873,1538.46,1786.8933333333334,721.7054613437069,2000.0,11.926098927747967,0.649729488605766,Medium
Akola,MAIZE,2017,1.15,417.1882352941177,20.89597426470588,-29.43518598788873,2000.0,1586.8933333333334,391.14546262654335,2168.26,36.63552265642724,0.5961924038604728,Medium
Akola,MINOR PULSES,1999,182.4,705.1,22.008125,19.2633112601131,682.96,548.3050000000001,190.4309272413491,527.96,-3.710526075815472,0.6092383060776182,Medium
Akola,MINOR PULSES,2000,213.3,426.2,22.85,-27.91090163230719,527.96,541.5233333333334,135.16634948585883,415.85,-23.20737179684471,0.7235241780413715,High
Akola,MINOR PULSES,2001,197.2,499.6,22.54,-15.49574485101049,415.85,542.2566666666667,134.12767810311684,651.62,20.168186037362382,0.6105838363030822,Medium
Akola,MINOR PULSES,2002,195.0,526.4,22.1959375,-10.962690331408979,651.62,531.8100000000001,117.93214192916194,497.44,-6.4628344709576835,0.6613616681986879,Medium
Akola,MINOR PULSES,2003,190.8,518.4,22.38,-12.315840934275103,497.44,521.6366666666667,119.7329621839088,575.47,10.320082305052694,0.627065163205681,Medium
Akola,MINOR PULSES,2004,166.9,355.9,22.29,-39.801712554993266,575.47,574.8433333333334,77.09191029760073,349.13,-39.26519109554488,0.7764753247612383,High
Akola,MINOR PULSES,2005,132.4,775.8,22.38,31.221779712942464,349.13,474.0133333333333,114.97415115291501,280.36,-40.85398441675339,0.6714532701755049,Medium
Akola,MINOR PULSES,2006,134.5,883.3,22.2425,49.404740938956024,280.36,401.65333333333336,154.40694101410523,573.09,42.682744655424244,0.4626886806466666,Low
Akola,MINOR PULSES,2007,164.1,767.7,22.4659375,29.85171472754053,573.09,400.85999999999996,153.06765791636076,646.25,61.21588584543234,0.4523941969800034,Low
Akola,MINOR PULSES,2008,119.8,467.6,22.5040625,-20.908347262474987,646.25,499.90000000000003,193.61419137036415,110.52,-77.89157831566314,0.8313125844868393,High
Akola,MINOR PULSES,2009,102.17,550.9,23.0584375,-6.81866661013147,110.52,443.2866666666667,290.49670778398394,249.68,-43.67527408900185,0.7356600215548182,High
Akola,MINOR PULSES,2012,132.8,681.4,22.41,15.254602599122194,249.68,335.48333333333335,277.9807857268796,581.4,73.30220080480898,0.4484993488506953,Low
Akola,MINOR PULSES,2013,110.5,985.2,22.39,66.64049674296331,581.4,313.8666666666666,241.91308301398948,257.92,-17.82497875955818,0.5674669417873938,Low
Akola,MINOR PULSES,2014,49.7,659.8,23.426875,11.601095971383653,257.92,363.0,189.18481545832375,219.32,-39.58126721763085,0.6986596958900473,High
Akola,MINOR PULSES,2015,47.6,464.0,23.426875,-21.517265033764748,219.32,352.87999999999994,198.84298529241613,266.81,-24.390727726139183,0.7163239914862928,High
Akola,MINOR PULSES,2016,54.94,417.1882352941177,20.89597426470588,-29.43518598788873,266.81,248.01666666666665,25.246426149722126,819.27,230.32860694845775,0.24223603628391158,Low
Akola,MINOR PULSES,2017,59.3,417.1882352941177,20.89597426470588,-29.43518598788873,819.27,435.13333333333327,333.51845381227906,372.63,-14.36417956182012,0.7066917586663071,High
Akola,OILSEEDS,1999,150.8,705.1,22.008125,19.2633112601131,1059.51,789.495,381.8588750441712,1705.57,116.03303377475473,0.34979392640224755,Low
Akola,OILSEEDS,2000,143.9,426.2,22.85,-27.91090163230719,1705.57,1094.8533333333332,593.8343501628491,915.22,-16.407068222227625,0.7087901869630837,High
Akola,OILSEEDS,2001,136.1,499.6,22.54,-15.49574485101049,915.22,1226.7666666666667,420.8852278630522,1223.37,-0.27687960220634955,0.6548814785220002,Medium
Akola,OILSEEDS,2002,133.6,526.4,22.1959375,-10.962690331408979,1223.37,1281.3866666666665,398.3562862982501,1253.14,-2.204382752018629,0.6521350228076841,Medium
Akola,OILSEEDS,2003,158.3,518.4,22.38,-12.315840934275103,1253.14,1130.5766666666666,187.09739077104575,1250.16,10.577198067063136,0.6265080790546601,Medium
Akola,OILSEEDS,2004,248.5,355.9,22.29,-39.801712554993266,1250.16,1242.2233333333334,16.395311321637877,806.12,-35.106677006550086,0.7674652109017797,High
Akola,OILSEEDS,2005,271.1,775.8,22.38,31.221779712942464,806.12,1103.14,257.23118084711297,875.06,-20.67552622513916,0.6277332774271531,Medium
Akola,OILSEEDS,2006,293.6,883.3,22.2425,49.404740938956024,875.06,977.1133333333333,238.96452149499822,1258.75,28.823336767485173,0.4927173977371011,Low
Akola,OILSEEDS,2007,313.7,767.7,22.4659375,29.85171472754053,1258.75,979.9766666666668,243.8731420909926,1638.19,67.16622504617456,0.43950179537843825,Low
Akola,OILSEEDS,2008,392.0,467.6,22.5040625,-20.908347262474987,1638.19,1257.3333333333333,381.56697240895153,309.87,-75.35498409331919,0.8258166303384458,High
Akola,OILSEEDS,2009,389.4,550.9,23.0584375,-6.81866661013147,309.87,1068.9366666666667,684.2005055050263,610.79,-42.86003848060846,0.7338936777366385,High
Akola,OILSEEDS,2012,358.72,681.4,22.41,15.254602599122194,610.79,852.9500000000002,696.4837433852998,1778.99,108.5690837680989,0.3720877690971552,Low
Akola,OILSEEDS,2013,514.8,985.2,22.39,66.64049674296331,1778.99,899.8833333333333,776.0538706387163,927.54,3.0733613616579896,0.5221872048582431,Low
Akola,OILSEEDS,2014,535.8,659.8,23.426875,11.601095971383653,927.54,1105.7733333333333,604.150768296568,367.3,-66.78342758612375,0.7575977100215855,High
Akola,OILSEEDS,2015,536.5,464.0,23.426875,-21.517265033764748,367.3,1024.6100000000001,710.8333860336049,512.95,-49.937049218727125,0.7716743547200489,High
Akola,PEARL MILLET,1999,5.0,705.1,22.008125,19.2633112601131,500.0,460.0,56.568542494923804,520.0,13.043478260869565,0.572937963348255,Low
Akola,PEARL MILLET,2000,5.0,426.2,22.85,-27.91090163230719,520.0,480.0,52.91502622129181,600.0,25.0,0.6190748724818895,Medium
Akola,PEARL MILLET,2001,4.6,499.6,22.54,-15.49574485101049,600.0,540.0,52.91502622129181,347.83,-35.58703703703704,0.731386819630545,High
Akola,PEARL MILLET,2002,4.8,526.4,22.1959375,-10.962690331408979,347.83,489.27666666666664,128.86182380105186,645.83,31.99689337321081,0.578032257869934,Low
Akola,PEARL MILLET,2003,3.9,518.4,22.38,-12.315840934275103,645.83,531.22,160.46500023369583,461.54,-13.116976017469224,0.6778454562376424,High
Akola,PEARL MILLET,2004,3.0,355.9,22.29,-39.801712554993266,461.54,485.06666666666666,150.38659525813244,433.33,-10.665887850467293,0.7145101677304435,High
Akola,PEARL MILLET,2005,2.8,775.8,22.38,31.221779712942464,433.33,513.5666666666667,115.40859167901384,500.0,-2.641656389952629,0.5886598927843794,Medium
Akola,PEARL MILLET,2006,2.7,883.3,22.2425,49.404740938956024,500.0,464.95666666666665,33.46606390559459,555.56,19.48640375088717,0.512947419272996,Low
Akola,PEARL MILLET,2007,1.8,767.7,22.4659375,29.85171472754053,555.56,496.2966666666666,61.199095036882156,544.44,9.700515148869313,0.5640108334888513,Low
Akola,PEARL MILLET,2008,1.3,467.6,22.5040625,-20.908347262474987,544.44,533.3333333333334,29.398077034617987,538.46,0.9612499999999996,0.6604647898034719,Medium
Akola,PEARL MILLET,2009,1.0,550.9,23.0584375,-6.81866661013147,538.46,546.1533333333333,8.677795418960509,710.0,30.000122065842323,0.5760299965531879,Low
Akola,PEARL MILLET,2012,0.8,681.4,22.41,15.254602599122194,710.0,597.6333333333333,97.3583120916408,637.5,6.670756874337666,0.5928674773662354,Medium
Akola,PEARL MILLET,2013,0.6,985.2,22.39,66.64049674296331,637.5,628.6533333333333,86.11150058693283,666.67,6.047318076735453,0.5157436319755967,Low
Akola,PEARL MILLET,2014,0.5,659.8,23.426875,11.601095971383653,666.67,671.39,36.479738211780074,200.0,-70.21105467760914,0.7650242353864456,High
Akola,PEARL MILLET,2015,0.3,464.0,23.426875,-21.517265033764748,200.0,501.39000000000004,261.41857489474614,0.0,-100.0,0.8801440814124452,High
Akola,PEARL MILLET,2016,0.4,417.1882352941177,20.89597426470588,-29.43518598788873,0.0,288.89,342.1086030780284,340.0,17.69185503132681,0.6372370170480536,Medium
Akola,PEARL MILLET,2017,0.3,417.1882352941177,20.89597426470588,-29.43518598788873,340.0,180.0,170.88007490635061,483.33,168.51666666666665,0.31044992517257314,Low
Akola,PIGEONPEA,1999,84.1,705.1,22.008125,19.2633112601131,1080.83,936.795,203.6962504564087,1246.14,33.02163226746515,0.5296519630007754,Low
Akola,PIGEONPEA,2000,88.1,426.2,22.85,-27.91090163230719,1246.14,1039.91,229.44321933759562,765.04,-26.43209508515161,0.7305110784993465,High
Akola,PIGEONPEA,2001,86.9,499.6,22.54,-15.49574485101049,765.04,1030.67,244.4408347637522,843.5,-18.160031823959176,0.6936283083356687,High
Akola,PIGEONPEA,2002,87.7,526.4,22.1959375,-10.962690331408979,843.5,951.5600000000001,258.1124274419967,917.9,-3.5373491950061036,0.6550231167674806,Medium
Akola,PIGEONPEA,2003,95.3,518.4,22.38,-12.315840934275103,917.9,842.1466666666666,76.43898569011324,869.88,3.2931714190718977,0.6422901367919218,Medium
Akola,PIGEONPEA,2004,99.6,355.9,22.29,-39.801712554993266,869.88,877.0933333333332,37.72087132256271,650.6,-25.823173512511012,0.7473509533314286,High
Akola,PIGEONPEA,2005,108.1,775.8,22.38,31.221779712942464,650.6,812.7933333333334,142.50083555310596,752.08,-7.469713498306256,0.5991206831857773,Medium
Akola,PIGEONPEA,2006,106.1,883.3,22.2425,49.404740938956024,752.08,757.52,109.74117185450511,945.33,24.792744746013316,0.5014503471169277,Low
Akola,PIGEONPEA,2007,108.3,767.7,22.4659375,29.85171472754053,945.33,782.6700000000001,149.72726638792292,1060.02,35.43639081605273,0.508249769543473,Low
Akola,PIGEONPEA,2008,99.1,467.6,22.5040625,-20.908347262474987,1060.02,919.1433333333334,155.63118914065177,425.83,-53.67099074137875,0.7788346447427313,High
Akola,PIGEONPEA,2009,100.9,550.9,23.0584375,-6.81866661013147,425.83,810.3933333333334,337.9425499006205,1143.01,41.04385524724618,0.5521019079935594,Low
Akola,PIGEONPEA,2012,116.3,681.4,22.41,15.254602599122194,1143.01,876.2866666666667,392.30758523553095,1108.43,26.49171123604908,0.5499220762493371,Low
Akola,PIGEONPEA,2013,112.7,985.2,22.39,66.64049674296331,1108.43,892.4233333333335,404.45141628301093,941.44,5.492535306487563,0.5169456613111298,Low
Akola,PIGEONPEA,2014,102.4,659.8,23.426875,11.601095971383653,941.44,1064.2933333333333,107.78984290429848,349.61,-67.15097341585027,0.7583940593193236,High
Akola,PIGEONPEA,2015,106.8,464.0,23.426875,-21.517265033764748,349.61,799.8266666666667,398.7388872850669,637.64,-20.277726840815514,0.7074124895681212,High
Akola,PIGEONPEA,2016,115.51,417.1882352941177,20.89597426470588,-29.43518598788873,637.64,642.8966666666668,295.9500154305338,1537.65,139.17529514852046,0.37402289679501133,Low
Akola,PIGEONPEA,2017,113.71,417.1882352941177,20.89597426470588,-29.43518598788873,1537.65,841.6333333333336,619.7335882726813,692.83,-17.680304170462215,0.713876695318341,High
Akola,RICE,1999,1.9,705.1,22.008125,19.2633112601131,700.0,622.725,109.28335303238089,631.58,1.4219759926131146,0.5981178849293933,Medium
Akola,RICE,2000,2.0,426.2,22.85,-27.91090163230719,631.58,625.6766666666667,77.44393219183365,400.0,-36.069215729103966,0.7513915065611738,High
Akola,RICE,2001,1.3,499.6,22.54,-15.49574485101049,400.0,577.1933333333333,157.22096594708145,1000.0,73.25217431478767,0.49556852836904414,Low
Akola,RICE,2002,1.1,526.4,22.1959375,-10.962690331408979,1000.0,677.1933333333333,302.5895439920774,636.36,-6.029789621870652,0.6604234043590025,Medium
Akola,RICE,2003,0.9,518.4,22.38,-12.315840934275103,636.36,678.7866666666667,302.2416525453322,333.33,-50.893260523679515,0.7596940726674919,High
Akola,RICE,2004,0.5,355.9,22.29,-39.801712554993266,333.33,656.5633333333334,333.79387836407864,400.0,-39.07670750219579,0.7760669436423167,High
Akola,RICE,2005,0.3,775.8,22.38,31.221779712942464,400.0,456.56333333333333,159.23678354366896,333.33,-26.991509027590187,0.6414179068324182,Medium
Akola,RICE,2006,0.2,883.3,22.2425,49.404740938956024,333.33,355.5533333333333,38.491942446871406,500.0,40.62587891174322,0.4671452230912939,Low
Akola,RICE,2007,0.1,767.7,22.4659375,29.85171472754053,500.0,411.10999999999996,83.8885945763781,800.0,94.59512052735279,0.3800725218360835,Low
Akola,RICE,2008,0.1,467.6,22.5040625,-20.908347262474987,800.0,544.4433333333333,236.4881173195247,1000.0,83.6738442323352,0.481254168967343,Low
Akola,RICE,2009,0.1,550.9,23.0584375,-6.81866661013147,1000.0,766.6666666666666,251.66114784235828,1600.0,108.69565217391306,0.40552301465293633,Low
Akola,SESAMUM,1999,7.8,705.1,22.008125,19.2633112601131,340.91,337.12,5.359869401394059,435.9,29.301139060275265,0.5377130316163267,Low
Akola,SESAMUM,2000,7.3,426.2,22.85,-27.91090163230719,435.9,370.0466666666666,57.15645399544422,232.88,-37.06739690489487,0.7535542324420468,High
Akola,SESAMUM,2001,3.7,499.6,22.54,-15.49574485101049,232.88,336.56333333333333,101.57977275685023,324.32,-3.6377502005566082,0.6621633648184014,Medium
Akola,SESAMUM,2002,3.7,526.4,22.1959375,-10.962690331408979,324.32,331.0333333333333,101.67635778947499,216.22,-34.68331487262108,0.7225060424020882,High
Akola,SESAMUM,2003,4.7,518.4,22.38,-12.315840934275103,216.22,257.8066666666667,58.20143068115533,276.6,7.2897002922086385,0.6336309909001544,Medium
Akola,SESAMUM,2004,4.5,355.9,22.29,-39.801712554993266,276.6,272.38,54.17341414383994,155.56,-42.8886114986416,0.7843260689679217,High
Akola,SESAMUM,2005,10.5,775.8,22.38,31.221779712942464,155.56,216.12666666666667,60.52005397662267,219.05,1.352601869274197,0.5800056665560834,Low
Akola,SESAMUM,2006,6.9,883.3,22.2425,49.404740938956024,219.05,217.07000000000002,60.54428709630652,144.93,-33.23351914129083,0.6271739188723342,Medium
Akola,SESAMUM,2007,4.9,767.7,22.4659375,29.85171472754053,144.93,173.17999999999998,40.07857158133237,265.31,53.1989837163645,0.46976415159292584,Low
Akola,SESAMUM,2008,2.5,467.6,22.5040625,-20.908347262474987,265.31,209.76333333333332,60.72493502123588,440.0,109.76020594638402,0.4247337185870923,Low
Akola,SESAMUM,2009,1.9,550.9,23.0584375,-6.81866661013147,440.0,283.41333333333336,148.36567741001733,389.47,37.42119872036131,0.5599509971351171,Low
Akola,SESAMUM,2012,1.8,681.4,22.41,15.254602599122194,389.47,364.9266666666667,89.89399553548243,238.89,-34.53753265496265,0.6821521046794218,High
Akola,SESAMUM,2013,1.4,985.2,22.39,66.64049674296331,238.89,356.11999999999995,104.62062368386074,142.86,-59.88430866000224,0.658595489904719,Medium
Akola,SESAMUM,2014,1.0,659.8,23.426875,11.601095971383653,142.86,257.0733333333333,124.30646899229878,100.0,-61.100593864267005,0.7452849036242702,High
Akola,SESAMUM,2015,1.22,464.0,23.426875,-21.517265033764748,100.0,160.58333333333331,71.12099150977387,114.75,-28.541774779449913,0.7253179267684361,High
Akola,SESAMUM,2016,1.5,417.1882352941177,20.89597426470588,-29.43518598788873,114.75,119.20333333333332,21.774274576511765,239.3,100.74941975895533,0.45727896013879155,Low
Akola,SESAMUM,2017,1.33,417.1882352941177,20.89597426470588,-29.43518598788873,239.3,151.35,76.52315009198195,169.43,11.945820944829872,0.6496867575687554,Medium
Akola,SOYABEAN,1999,105.3,705.1,22.008125,19.2633112601131,1498.56,1361.625,193.6553341635597,2163.34,58.879280271734146,0.47362705899171265,Low
Akola,SOYABEAN,2000,110.8,426.2,22.85,-27.91090163230719,2163.34,1628.8633333333335,482.70091633778094,1065.88,-34.56295699045756,0.7481279459607841,High
Akola,SOYABEAN,2001,114.6,499.6,22.54,-15.49574485101049,1065.88,1575.926666666667,552.8054031332666,1350.79,-14.285986234554079,0.6852345428919857,High
Akola,SOYABEAN,2002,118.3,526.4,22.1959375,-10.962690331408979,1350.79,1526.67,569.4777815683419,1340.66,-12.184034532675692,0.6737576016657023,High
Akola,SOYABEAN,2003,144.1,518.4,22.38,-12.315840934275103,1340.66,1252.4433333333334,161.6479577147006,1328.24,6.051903878552054,0.6363128831297348,Medium
Akola,SOYABEAN,2004,235.4,355.9,22.29,-39.801712554993266,1328.24,1339.8966666666668,11.294362900739237,831.35,-37.9541705952449,0.7736347803439312,High
Akola,SOYABEAN,2005,250.7,775.8,22.38,31.221779712942464,831.35,1166.75,290.53129624878704,899.88,-22.872937647310906,0.6324943355085094,Medium
Akola,SOYABEAN,2006,264.6,883.3,22.2425,49.404740938956024,899.88,1019.8233333333334,269.2855741277908,1327.66,30.18529353123254,0.4897664914156583,Low
Akola,SOYABEAN,2007,289.5,767.7,22.4659375,29.85171472754053,1327.66,1019.6300000000001,268.9534363045035,1716.89,68.38362935574669,0.43686408604104077,Low
Akola,SOYABEAN,2008,363.9,467.6,22.5040625,-20.908347262474987,1716.89,1314.8100000000002,408.6565512750289,290.19,-77.92913044470303,0.8313939474330921,High
Akola,SOYABEAN,2009,374.1,550.9,23.0584375,-6.81866661013147,290.19,1111.5800000000002,737.4863709249145,607.54,-45.34446463592366,0.7392766010731368,High
Akola,SOYABEAN,2012,351.3,681.4,22.41,15.254602599122194,607.54,871.54,749.0929331531574,1789.38,105.31243545907247,0.3791438404333556,Low
Akola,SOYABEAN,2013,463.4,985.2,22.39,66.64049674296331,1789.38,895.7033333333334,790.0450898735679,915.41,2.200133228635961,0.5240791991464511,Low
Akola,SOYABEAN,2014,529.6,659.8,23.426875,11.601095971383653,915.41,1104.11,613.1004924969484,360.46,-67.35289056344023,0.7588315464724337,High
Akola,SOYABEAN,2015,529.5,464.0,23.426875,-21.517265033764748,360.46,1021.75,720.3709032852456,510.48,-50.03865916320039,0.7718945095997403,High
Akola,SOYABEAN,2016,517.4,417.1882352941177,20.89597426470588,-29.43518598788873,510.48,595.4499999999999,287.0667192483324,1453.03,144.02216810815352,0.36352133871584136,Low
Akola,SOYABEAN,2017,504.5,417.1882352941177,20.89597426470588,-29.43518598788873,1453.03,774.6566666666666,592.2577856249204,735.58,-5.044385254542863,0.686498871000607,High
Akola,SUGARCANE,1999,1.6,705.1,22.008125,19.2633112601131,9788.23,10287.865,706.5905932362816,9262.5,-9.966742370744559,0.6227934413832527,Medium
Akola,SUGARCANE,2000,3.4,426.2,22.85,-27.91090163230719,9262.5,9946.076666666666,774.6566514484549,6932.35,-30.30065791436019,0.7388929646292706,High
Akola,SUGARCANE,2001,3.0,499.6,22.54,-15.49574485101049,6932.35,8661.026666666667,1519.9803523839796,6220.0,-28.18403360956438,0.7153469788710743,High
Akola,SUGARCANE,2002,1.5,526.4,22.1959375,-10.962690331408979,6220.0,7471.616666666666,1591.3227095197633,5533.33,-25.941998273466023,0.7035665231039819,High
Akola,SUGARCANE,2003,2.0,518.4,22.38,-12.315840934275103,5533.33,6228.56,699.5492801082579,5670.0,-8.967722876555742,0.6688554077656932,Medium
Akola,SUGARCANE,2004,1.8,355.9,22.29,-39.801712554993266,5670.0,5807.776666666668,363.47727526396034,5994.44,3.2140239552370073,0.6844370254848511,High
Akola,SUGARCANE,2005,0.6,775.8,22.38,31.221779712942464,5994.44,5732.59,236.8411685074596,6833.33,19.201442977781415,0.54133317748778,Low
Akola,SUGARCANE,2006,0.4,883.3,22.2425,49.404740938956024,6833.33,6165.923333333333,600.3241394724307,6925.0,12.310835306093656,0.5284944842366635,Low
Akola,SUGARCANE,2007,0.9,767.7,22.4659375,29.85171472754053,6925.0,6584.256666666667,512.8485375169915,7188.89,9.183015850435151,0.5651320819687883,Low
Akola,SUGARCANE,2008,0.3,467.6,22.5040625,-20.908347262474987,7188.89,6982.406666666667,184.60057538729208,5166.67,-26.004453096878727,0.7188904798465146,High
Akola,SUGARCANE,2009,0.4,550.9,23.0584375,-6.81866661013147,5166.67,6426.853333333333,1099.2979615342315,7475.0,16.308862398187618,0.6056943924996743,Medium
Akola,SUGARCANE,2014,0.2,659.8,23.426875,11.601095971383653,7475.0,6610.186666666666,1258.2805761169952,2900.0,-56.128319119581086,0.7345116416774866,High
Akola,SUGARCANE,2015,0.3,464.0,23.426875,-21.517265033764748,2900.0,5180.556666666666,2287.5316128161617,4700.0,-9.276158868384151,0.6835757589612661,High
Akola,SUGARCANE,2016,0.32,417.1882352941177,20.89597426470588,-29.43518598788873,4700.0,5025.0,2304.750528799153,5358.26,6.632039800995029,0.6611999500470258,Medium
Akola,SUGARCANE,2017,0.2,417.1882352941177,20.89597426470588,-29.43518598788873,5358.26,4319.42,1272.5531066324772,4623.12,7.031036574354886,0.6603354570380824,Medium
Akola,SUNFLOWER,1999,14.4,705.1,22.008125,19.2633112601131,107.14,165.87,83.05676251817187,638.89,285.17513715560375,0.1678654995814892,Low
Akola,SUNFLOWER,2000,10.8,426.2,22.85,-27.91090163230719,638.89,323.54333333333335,279.341821131984,574.07,77.43218322120686,0.5054718088363199,Low
Akola,SUNFLOWER,2001,7.3,499.6,22.54,-15.49574485101049,574.07,440.0333333333333,290.1101284569936,547.95,24.524657222937677,0.6011448154010339,Medium
Akola,SUNFLOWER,2002,5.1,526.4,22.1959375,-10.962690331408979,547.95,586.9700000000001,46.82230664971573,568.63,-3.124520844336191,0.6541286553410322,Medium
Akola,SUNFLOWER,2003,3.8,518.4,22.38,-12.315840934275103,568.63,563.5500000000001,13.781088491117668,447.37,-20.615739508473084,0.6940927771347634,High
Akola,SUNFLOWER,2004,3.6,355.9,22.29,-39.801712554993266,447.37,521.3166666666666,64.86908148982336,527.78,1.2398094568240738,0.6887144902313981,High
Akola,SUNFLOWER,2005,5.6,775.8,22.38,31.221779712942464,527.78,514.5933333333334,61.69613467092845,696.43,35.33599347057221,0.5063749847535164,Low
Akola,SUNFLOWER,2006,7.3,883.3,22.2425,49.404740938956024,696.43,557.1933333333333,127.10853249618351,698.63,25.383768650019757,0.500169795324918,Low
Akola,SUNFLOWER,2007,7.1,767.7,22.4659375,29.85171472754053,698.63,640.9466666666667,98.01138114185187,756.34,18.003578040814624,0.5460208638896964,Low
Akola,SUNFLOWER,2008,18.8,467.6,22.5040625,-20.908347262474987,756.34,717.1333333333332,33.97178289894956,553.19,-22.860927767965027,0.7120795083005574,High
Akola,SUNFLOWER,2009,8.1,550.9,23.0584375,-6.81866661013147,553.19,669.3866666666667,104.68457399891042,495.06,-26.04274559796032,0.6974562098243556,High
Akola,SUNFLOWER,2012,0.62,681.4,22.41,15.254602599122194,495.06,601.5300000000001,137.18373190724918,419.35,-30.286103768723095,0.6729406754259333,Medium
Akola,SUNFLOWER,2013,0.1,985.2,22.39,66.64049674296331,419.35,489.20000000000005,67.11215314680346,0.0,-100.0,0.7455128211410909,High
Akola,SUNFLOWER,2014,0.1,659.8,23.426875,11.601095971383653,0.0,304.80333333333334,266.66796776765915,0.0,-100.0,0.8295669502514107,High
Akola,SUNFLOWER,2015,0.07,464.0,23.426875,-21.517265033764748,0.0,139.78333333333333,242.11183538466946,285.71,104.39489686419456,0.4372884715414998,Low
Akola,SUNFLOWER,2016,0.09,417.1882352941177,20.89597426470588,-29.43518598788873,285.71,95.23666666666666,164.95474541016796,855.56,798.351475272129,0.24223603628391158,Low
Akola,SUNFLOWER,2017,0.17,417.1882352941177,20.89597426470588,-29.43518598788873,855.56,380.42333333333335,435.5728297694122,413.79,8.770930629912293,0.6565656865843872,Medium
Amarawati,COTTON,1999,326.5,738.4,21.46,17.189275060881453,75.69,66.85,12.501647891378163,130.02,94.49513836948395,0.3996267575162574,Low
Amarawati,COTTON,2000,309.1,674.3,22.25,7.016154081192255,130.02,87.90666666666668,37.52725986977112,82.34,-6.332473835886557,0.6336225965677296,Medium
Amarawati,COTTON,2001,324.6,460.9,22.04,-26.851927308287838,82.34,96.01666666666667,29.63487191356382,118.98,23.915986807845865,0.6198063414662223,Medium
Amarawati,COTTON,2002,279.0,393.2,21.4978125,-37.5963936160095,118.98,110.44666666666667,24.959145284511116,148.49,34.44498098629806,0.6134020707230665,Medium
Amarawati,COTTON,2003,266.6,599.3,21.58,-4.886873586150796,148.49,116.60333333333335,33.138980571727515,173.63,48.906549269603474,0.5321159083711683,Low
Amarawati,COTTON,2004,268.2,506.4,21.75,-19.630757190099718,173.63,147.03333333333333,27.354104506149223,143.83,-2.1786442983450365,0.6653168059980538,Medium
Amarawati,COTTON,2005,256.4,727.0,21.74,15.380014855445316,143.83,155.3166666666667,16.030050946061685,147.78,-4.852451979826176,0.6176429049425153,Medium
Amarawati,COTTON,2006,241.8,770.4,21.69,22.267900198947824,147.78,155.08,16.18571901399502,151.28,-2.450348207376845,0.6019194240363834,Medium
Amarawati,COTTON,2007,175.4,846.2,21.88,34.297893494742546,151.28,147.63000000000002,3.7272644124075223,342.25,131.82957393483704,0.29260783367106236,Low
Amarawati,COTTON,2008,116.1,501.9,21.96,-20.344938850140302,342.25,213.77,111.28070497619973,270.89,26.720306871871625,0.6037930835080224,Medium
Amarawati,COTTON,2009,179.4,537.7,22.38,-14.663226976928541,270.89,254.8066666666667,96.49554618392156,293.03,15.000915726956359,0.620508198258392,Medium
Amarawati,COTTON,2012,191.3,867.0,21.5640625,37.598999834485674,293.03,302.0566666666667,36.52633205419543,543.39,79.89670812319983,0.40008771590535935,Low
Amarawati,COTTON,2013,186.7,796.5,21.653125,26.41015382718321,543.39,369.1033333333333,151.3420844753149,610.5,65.40083626084838,0.4485826284267215,Low
Amarawati,COTTON,2014,196.5,726.8,22.58,15.348273448332392,610.5,482.3066666666667,167.31760347713973,179.75,-62.731180714897846,0.7430952914997258,High
Amarawati,COTTON,2015,200.0,538.3,22.58,-14.568002755589813,179.75,444.5466666666666,231.76258117593824,375.3,-15.576917309018915,0.6866147469411981,High
Amarawati,COTTON,2016,200.3,417.1882352941177,20.89597426470588,-33.789291904054586,375.3,388.51666666666665,215.67892997076316,722.52,85.96885590493758,0.4959529440322526,Low
Amarawati,COTTON,2017,207.46,417.1882352941177,20.89597426470588,-33.789291904054586,722.52,425.8566666666666,274.8941626032341,329.97,-22.516183066289898,0.731003861802462,High
Amarawati,GROUNDNUT,1999,8.4,738.4,21.46,17.189275060881453,1076.92,985.0250000000001,129.9591553142756,809.52,-17.817314281363426,0.6429704049256156,Medium
Amarawati,GROUNDNUT,2000,6.6,674.3,22.25,7.016154081192255,809.52,926.5233333333334,136.7919077772269,712.12,-23.140629665739674,0.6700402675322901,Medium
Amarawati,GROUNDNUT,2001,3.5,460.9,22.04,-26.851927308287838,712.12,866.1866666666666,188.88645619348512,1000.0,15.448556123391425,0.638152441282479,Medium
Amarawati,GROUNDNUT,2002,2.5,393.2,21.4978125,-37.5963936160095,1000.0,840.5466666666666,146.42648030098024,600.0,-28.617883599562187,0.7500382773253083,High
Amarawati,GROUNDNUT,2003,2.0,599.3,21.58,-4.886873586150796,600.0,770.7066666666666,206.33540203594094,850.0,10.288393335986031,0.6157885795603938,Medium
Amarawati,GROUNDNUT,2004,2.0,506.4,21.75,-19.630757190099718,850.0,816.6666666666666,202.0725942163691,1050.0,28.571428571428577,0.5986916481137663,Medium
Amarawati,GROUNDNUT,2005,2.3,727.0,21.74,15.380014855445316,1050.0,833.3333333333334,225.4624876411448,1304.35,56.521999999999984,0.4846649256533352,Low
Amarawati,GROUNDNUT,2006,2.3,770.4,21.69,22.267900198947824,1304.35,1068.1166666666666,227.71614091524836,1478.26,38.39873921388114,0.5134130679572861,Low
Amarawati,GROUNDNUT,2007,2.2,846.2,21.88,34.297893494742546,1478.26,1277.5366666666666,215.38540580395218,1036.36,-18.878257897359767,0.6191414693064003,Medium
Amarawati,GROUNDNUT,2008,1.8,501.9,21.96,-20.344938850140302,1036.36,1272.99,222.61286957406543,555.56,-56.357866126206815,0.7837957916699256,High
Amarawati,GROUNDNUT,2009,1.7,537.7,22.38,-14.663226976928541,555.56,1023.3933333333333,461.48664480495364,1135.29,10.933886612511316,0.6293200946729935,Medium
Amarawati,GROUNDNUT,2012,2.6,867.0,21.5640625,37.598999834485674,1135.29,909.07,310.11897120298875,1550.0,70.50392159019655,0.4204387533934652,Low
Amarawati,GROUNDNUT,2013,3.8,796.5,21.653125,26.41015382718321,1550.0,1080.2833333333333,499.4967751981322,1578.95,46.16072943826467,0.4902695265421806,Low
Amarawati,GROUNDNUT,2014,5.8,726.8,22.58,15.348273448332392,1578.95,1421.4133333333332,248.21250378120183,1327.59,-6.60070727726394,0.621479265718591,Medium
Amarawati,GROUNDNUT,2015,7.9,538.3,22.58,-14.568002755589813,1327.59,1485.5133333333333,137.52948786835887,1392.41,-6.267418221310697,0.6664441655845642,Medium
Amarawati,GROUNDNUT,2016,4.6,417.1882352941177,20.89597426470588,-33.789291904054586,1392.41,1432.9833333333333,130.499459513567,1326.09,-7.459495923423168,0.6983810396596928,High
Amarawati,GROUNDNUT,2017,3.37,417.1882352941177,20.89597426470588,-33.789291904054586,1326.09,1348.6966666666667,37.864285723266654,1188.35,-11.889008895007288,0.7079783177647597,High
Amarawati,KHARIF SORGHUM,1999,117.0,738.4,21.46,17.189275060881453,1506.08,1481.74,34.42195810816102,1116.24,-24.66694561798966,0.6578112728215897,Medium
Amarawati,KHARIF SORGHUM,2000,118.7,674.3,22.25,7.016154081192255,1116.24,1359.9066666666668,212.42061795723444,1433.02,5.376349357308826,0.6082534796492242,Medium
Amarawati,KHARIF SORGHUM,2001,109.0,460.9,22.04,-26.851927308287838,1433.02,1351.78,207.22876151731452,1401.83,3.7025255588927157,0.6636021741721415,Medium
Amarawati,KHARIF SORGHUM,2002,102.9,393.2,21.4978125,-37.5963936160095,1401.83,1317.03,174.58714757965438,1399.42,6.2557420863609865,0.6744787550060598,High
Amarawati,KHARIF SORGHUM,2003,100.2,599.3,21.58,-4.886873586150796,1399.42,1411.4233333333334,18.742039198906845,1428.14,1.1843836127596985,0.6355139339606518,Medium
Amarawati,KHARIF SORGHUM,2004,92.8,506.4,21.75,-19.630757190099718,1428.14,1409.7966666666664,15.93142910517965,955.82,-32.2015704392359,0.7303664793031005,High
Amarawati,KHARIF SORGHUM,2005,94.1,727.0,21.74,15.380014855445316,955.82,1261.1266666666668,264.792994872095,1315.62,4.321003969995066,0.5977670837179688,Medium
Amarawati,KHARIF SORGHUM,2006,94.7,770.4,21.69,22.267900198947824,1315.62,1233.1933333333334,246.71271173843738,1177.4,-4.524297352672462,0.6064129805178423,Medium
Amarawati,KHARIF SORGHUM,2007,77.9,846.2,21.88,34.297893494742546,1177.4,1149.6133333333335,181.50229787342428,1358.54,18.173646791384915,0.5388623424810545,Low
Amarawati,KHARIF SORGHUM,2008,40.3,501.9,21.96,-20.344938850140302,1358.54,1283.8533333333332,94.65603907481707,910.67,-29.067442802396947,0.7246665411352013,High
Amarawati,KHARIF SORGHUM,2009,49.1,537.7,22.38,-14.663226976928541,910.67,1148.8700000000001,225.2939300114407,1072.71,-6.629122529093811,0.6673732811463445,Medium
Amarawati,KHARIF SORGHUM,2012,37.7,867.0,21.5640625,37.598999834485674,1072.71,1113.9733333333334,226.76834266125692,1298.94,16.60422750993441,0.5372214239003106,Low
Amarawati,KHARIF SORGHUM,2013,35.2,796.5,21.653125,26.41015382718321,1298.94,1094.1066666666668,195.01733572514325,644.89,-41.05784932608644,0.6792431138643115,High
Amarawati,KHARIF SORGHUM,2014,26.8,726.8,22.58,15.348273448332392,644.89,1005.5133333333333,332.1624521726277,1022.39,1.6784130162371458,0.6035411717493984,Medium
Amarawati,KHARIF SORGHUM,2015,25.4,538.3,22.58,-14.568002755589813,1022.39,988.7400000000001,328.32086820669787,728.35,-26.33553815967798,0.7099250921175484,High
Amarawati,KHARIF SORGHUM,2016,23.9,417.1882352941177,20.89597426470588,-33.789291904054586,728.35,798.5433333333334,198.29747989657616,1230.13,54.046743445356746,0.5651175210277805,Low
Amarawati,KHARIF SORGHUM,2017,18.34,417.1882352941177,20.89597426470588,-33.789291904054586,1230.13,993.6233333333334,252.1238444362873,954.15,-3.9726656982693105,0.6908262408385513,High
Amarawati,MAIZE,1999,0.8,738.4,21.46,17.189275060881453,1700.0,1564.2849999999999,191.9299936174647,1250.0,-20.091287712916756,0.6478973473606313,Medium
Amarawati,MAIZE,2000,0.9,674.3,22.25,7.016154081192255,1250.0,1459.5233333333333,226.59122143925464,1000.0,-31.48448009281569,0.6881186101242277,High
Amarawati,MAIZE,2001,1.1,460.9,22.04,-26.851927308287838,1000.0,1316.6666666666667,354.72994422987944,2363.64,79.51696202531645,0.499337561828771,Low
Amarawati,MAIZE,2002,1.0,393.2,21.4978125,-37.5963936160095,2363.64,1537.88,725.9715443459199,1900.0,23.546700652846766,0.6370150114454656,Medium
Amarawati,MAIZE,2003,1.2,599.3,21.58,-4.886873586150796,1900.0,1754.5466666666669,693.3585050558862,2166.67,23.488878418736835,0.5871875285478624,Medium
Amarawati,MAIZE,2004,1.6,506.4,21.75,-19.630757190099718,2166.67,2143.436666666667,232.69154095783907,1268.75,-40.807674902143134,0.7490130389726707,High
Amarawati,MAIZE,2005,1.9,727.0,21.74,15.380014855445316,1268.75,1778.4733333333334,461.1308161827114,1626.32,-8.555277747581263,0.625665694105958,Medium
Amarawati,MAIZE,2006,1.7,770.4,21.69,22.267900198947824,1626.32,1687.2466666666667,452.0499149798985,1576.47,-6.5655288497631235,0.6108356487615241,Medium
Amarawati,MAIZE,2007,1.8,846.2,21.88,34.297893494742546,1576.47,1490.5133333333333,193.66333580038662,3077.78,106.49127593625465,0.34750747933447457,Low
Amarawati,MAIZE,2008,1.6,501.9,21.96,-20.344938850140302,3077.78,2093.523333333333,852.7556185879599,2900.0,38.5224589487897,0.5782217540081185,Low
Amarawati,MAIZE,2009,1.4,537.7,22.38,-14.663226976928541,2900.0,2518.0833333333335,820.2915239311781,2221.43,-11.780918026276611,0.6785355047235366,High
Amarawati,MAIZE,2012,2.64,867.0,21.5640625,37.598999834485674,2221.43,2733.0699999999997,451.92150789711434,1708.33,-37.49410004134544,0.6544344669276929,Medium
Amarawati,MAIZE,2013,1.3,796.5,21.653125,26.41015382718321,1708.33,2276.5866666666666,597.7466358193362,2538.46,11.502893220259576,0.5653615050142746,Low
Amarawati,MAIZE,2014,2.6,726.8,22.58,15.348273448332392,2538.46,2156.0733333333333,418.906403189703,692.31,-67.89023873646846,0.7542732505464248,High
Amarawati,MAIZE,2015,1.0,538.3,22.58,-14.568002755589813,692.31,1646.3666666666666,924.6334661006672,1400.0,-14.964264744589089,0.6852873330516045,High
Amarawati,MAIZE,2016,2.2,417.1882352941177,20.89597426470588,-33.789291904054586,1400.0,1543.5900000000001,931.4134536820908,2136.36,38.402036810292884,0.5990143854036393,Medium
Amarawati,MAIZE,2017,8.02,417.1882352941177,20.89597426470588,-33.789291904054586,2136.36,1409.5566666666666,722.0724326778675,2344.14,66.30335306372925,0.5385615335213952,Low
Amarawati,MINOR PULSES,1999,70.8,738.4,21.46,17.189275060881453,522.3,447.46999999999997,105.82560087237867,529.66,18.36771180190851,0.5645695150787877,Low
Amarawati,MINOR PULSES,2000,95.1,674.3,22.25,7.016154081192255,529.66,474.8666666666666,88.60734130608665,381.7,-19.61954232767092,0.6624112449664998,Medium
Amarawati,MINOR PULSES,2001,85.4,460.9,22.04,-26.851927308287838,381.7,477.8866666666667,83.38134403650093,344.26,-27.961999358285794,0.7322086448257996,High
Amarawati,MINOR PULSES,2002,87.1,393.2,21.4978125,-37.5963936160095,344.26,418.53999999999996,98.03662172882129,326.06,-22.095857026807465,0.7359072197510534,High
Amarawati,MINOR PULSES,2003,80.3,599.3,21.58,-4.886873586150796,326.06,350.67333333333335,28.369006562326497,422.17,20.388395657877226,0.5939052411963692,Medium
Amarawati,MINOR PULSES,2004,69.2,506.4,21.75,-19.630757190099718,422.17,364.16333333333336,51.05281611560058,236.99,-34.92205878314676,0.7362608707148877,High
Amarawati,MINOR PULSES,2005,67.1,727.0,21.74,15.380014855445316,236.99,328.4066666666667,92.6123006588937,207.45,-36.83136761332495,0.6869305554815317,High
Amarawati,MINOR PULSES,2006,73.7,770.4,21.69,22.267900198947824,207.45,288.87,116.38221685463799,281.41,-2.582476546543421,0.6022057021045767,Medium
Amarawati,MINOR PULSES,2007,83.1,846.2,21.88,34.297893494742546,281.41,241.95000000000002,37.22863951314864,364.62,50.700557966522,0.4683873682684923,Low
Amarawati,MINOR PULSES,2008,51.8,501.9,21.96,-20.344938850140302,364.62,284.49333333333334,78.63035312990341,137.07,-51.81960912968084,0.7739629015108188,High
Amarawati,MINOR PULSES,2009,41.27,537.7,22.38,-14.663226976928541,137.07,261.0333333333333,115.1353856697988,358.61,37.380921976759055,0.5720181847173144,Low
Amarawati,MINOR PULSES,2012,57.9,867.0,21.5640625,37.598999834485674,358.61,286.76666666666665,129.6759385288316,249.57,-12.971056608159943,0.6013012061559682,Medium
Amarawati,MINOR PULSES,2013,67.1,796.5,21.653125,26.41015382718321,249.57,248.41666666666666,110.77450308321546,216.1,-13.009057363300904,0.6184707312784787,Medium
Amarawati,MINOR PULSES,2014,30.1,726.8,22.58,15.348273448332392,216.1,274.76000000000005,74.51964237702687,152.82,-44.38055029844229,0.7033355922642046,High
Amarawati,MINOR PULSES,2015,32.0,538.3,22.58,-14.568002755589813,152.82,206.16333333333333,49.134444469570525,353.13,71.28652039644942,0.4984106319133107,Low
Amarawati,MINOR PULSES,2016,42.78,417.1882352941177,20.89597426470588,-33.789291904054586,353.13,240.6833333333333,102.3927694387319,685.29,184.72681947233573,0.28197735630360315,Low
Amarawati,MINOR PULSES,2017,38.29,417.1882352941177,20.89597426470588,-33.789291904054586,685.29,397.0799999999999,268.9419586081725,129.29,-67.43981061750782,0.8283383881631097,High
Amarawati,OILSEEDS,1999,214.8,738.4,21.46,17.189275060881453,1244.29,1066.08,252.02699895050927,740.83,-30.50896743208764,0.6704689867520931,Medium
Amarawati,OILSEEDS,2000,204.5,674.3,22.25,7.016154081192255,740.83,957.6633333333333,258.88477153616685,660.64,-31.015422956571374,0.6871023196623685,High
Amarawati,OILSEEDS,2001,166.3,460.9,22.04,-26.851927308287838,660.64,881.9200000000001,316.3725994772619,903.67,2.4662100870827155,0.6662808576943876,Medium
Amarawati,OILSEEDS,2002,167.2,393.2,21.4978125,-37.5963936160095,903.67,768.38,123.83516100042003,922.97,20.118951560425835,0.644441801145686,Medium
Amarawati,OILSEEDS,2003,165.3,599.3,21.58,-4.886873586150796,922.97,829.0933333333334,146.20368201017826,1334.72,60.985494194461424,0.5059448610340633,Low
Amarawati,OILSEEDS,2004,176.9,506.4,21.75,-19.630757190099718,1334.72,1053.7866666666666,243.4867056603573,482.08,-54.25260014677228,0.7781437103359367,High
Amarawati,OILSEEDS,2005,197.5,727.0,21.74,15.380014855445316,482.08,913.2566666666667,426.40298314309825,1088.0,19.13408789788924,0.5656720685409719,Low
Amarawati,OILSEEDS,2006,229.4,770.4,21.69,22.267900198947824,1088.0,968.2666666666668,438.7491261909628,1455.27,50.29640594877443,0.4876347900317699,Low
Amarawati,OILSEEDS,2007,305.0,846.2,21.88,34.297893494742546,1455.27,1008.4499999999998,491.4477041354452,1636.36,62.264861916803035,0.4433313763763003,Low
Amarawati,OILSEEDS,2008,395.3,501.9,21.96,-20.344938850140302,1636.36,1393.2099999999998,279.3980227202769,345.56,-75.19684756784692,0.8246135847933432,High
Amarawati,OILSEEDS,2009,334.7,537.7,22.38,-14.663226976928541,345.56,1145.7299999999998,698.8579388545287,802.48,-29.959065399352365,0.7179214906984028,High
Amarawati,OILSEEDS,2012,314.32,867.0,21.5640625,37.598999834485674,802.48,928.1333333333332,654.5095340278347,1516.86,63.43125987645454,0.4357628537731886,Low
Amarawati,OILSEEDS,2013,369.9,796.5,21.653125,26.41015382718321,1516.86,888.2999999999998,590.347123987235,970.53,9.257007767646082,0.5702275901615876,Low
Amarawati,OILSEEDS,2014,377.6,726.8,22.58,15.348273448332392,970.53,1096.6233333333332,373.5094947030577,361.49,-67.03608349266081,0.7524225808515144,High
Amarawati,OILSEEDS,2015,373.9,538.3,22.58,-14.568002755589813,361.49,949.6266666666666,577.9685728768765,368.28,-61.21844373929404,0.7855047208731312,High
Amarawati,PEARL MILLET,1999,1.0,738.4,21.46,17.189275060881453,526.32,463.16,89.32172859948471,500.0,7.954054754296566,0.5871324386818717,Medium
Amarawati,PEARL MILLET,2000,0.9,674.3,22.25,7.016154081192255,500.0,475.44000000000005,66.64518587264952,555.56,16.851758371192975,0.5833900934525581,Low
Amarawati,PEARL MILLET,2001,1.0,460.9,22.04,-26.851927308287838,555.56,527.2933333333334,27.792785634645117,400.0,-24.140895643158782,0.7239295867763853,High
Amarawati,PEARL MILLET,2002,0.8,393.2,21.4978125,-37.5963936160095,400.0,485.18666666666667,78.83086028538148,625.0,28.816400560608972,0.6255973283120189,Medium
Amarawati,PEARL MILLET,2003,0.8,599.3,21.58,-4.886873586150796,625.0,526.8533333333334,115.21416811023431,500.0,-5.096927671205146,0.6491234417425303,Medium
Amarawati,PEARL MILLET,2004,0.7,506.4,21.75,-19.630757190099718,500.0,508.3333333333333,112.73124382057237,571.43,12.412459016393438,0.6337027488162258,Medium
Amarawati,PEARL MILLET,2005,0.3,727.0,21.74,15.380014855445316,571.43,565.4766666666666,62.71229252174838,333.33,-41.05327069198257,0.696078012151926,High
Amarawati,PEARL MILLET,2006,0.2,770.4,21.69,22.267900198947824,333.33,468.25333333333333,122.18343027323036,500.0,6.779805803126513,0.5819207570136928,Low
Amarawati,PEARL MILLET,2007,0.2,846.2,21.88,34.297893494742546,500.0,468.25333333333333,122.18343027323036,550.0,17.457786383439164,0.5404133733649319,Low
Amarawati,PEARL MILLET,2008,0.3,501.9,21.96,-20.344938850140302,550.0,461.10999999999996,113.44953195143653,666.67,44.57938452863742,0.5650984152518255,Low
Amarawati,PEARL MILLET,2009,0.2,537.7,22.38,-14.663226976928541,666.67,572.2233333333334,85.52853110707174,800.0,39.80555377562373,0.5667648158197918,Low
Amarawati,PEARL MILLET,2012,0.3,867.0,21.5640625,37.598999834485674,800.0,672.2233333333334,125.0924843199356,633.33,-5.785775560701549,0.5857330972198602,Medium
Amarawati,PEARL MILLET,2015,0.1,538.3,22.58,-14.568002755589813,633.33,700.0,88.19234037035184,0.0,-100.0,0.8695314261043807,High
Amarawati,PEARL MILLET,2017,0.1,417.1882352941177,20.89597426470588,-33.789291904054586,0.0,477.77666666666664,422.07538382773913,442.31,-7.423273077379244,0.6983025568265978,High
Amarawati,PIGEONPEA,1999,92.2,738.4,21.46,17.189275060881453,993.06,864.045,182.45476274956482,1048.81,21.383724227326123,0.5580348214904047,Low
Amarawati,PIGEONPEA,2000,99.6,674.3,22.25,7.016154081192255,1048.81,925.6333333333332,167.4044164092851,675.7,-27.00133242104504,0.6784051235020905,High
Amarawati,PIGEONPEA,2001,95.5,460.9,22.04,-26.851927308287838,675.7,905.8566666666666,201.26123330967965,874.35,-3.478107279665276,0.6791602119889653,High
Amarawati,PIGEONPEA,2002,93.3,393.2,21.4978125,-37.5963936160095,874.35,866.2866666666667,186.6856476361622,952.84,9.991303879393266,0.6663850377878502,Medium
Amarawati,PIGEONPEA,2003,97.5,599.3,21.58,-4.886873586150796,952.84,834.2966666666667,142.84553557368653,885.13,6.0929565422371645,0.624878692613486,Medium
Amarawati,PIGEONPEA,2004,90.9,506.4,21.75,-19.630757190099718,885.13,904.1066666666667,42.54709664986955,770.08,-14.824209532798488,0.6927155306726116,High
Amarawati,PIGEONPEA,2005,92.8,727.0,21.74,15.380014855445316,770.08,869.35,92.39621583160213,851.29,-2.077414160004608,0.6116303229995885,Medium
Amarawati,PIGEONPEA,2006,95.4,770.4,21.69,22.267900198947824,851.29,835.5,59.127985759706064,791.4,-5.278276481149016,0.6080466019628694,Medium
Amarawati,PIGEONPEA,2007,84.8,846.2,21.88,34.297893494742546,791.4,804.2566666666667,42.10387670195389,1070.75,33.13535894428396,0.5064452994832146,Low
Amarawati,PIGEONPEA,2008,94.4,501.9,21.96,-20.344938850140302,1070.75,904.48,147.07476908021988,840.04,-7.124535644790382,0.6771235756272124,High
Amarawati,PIGEONPEA,2009,102.1,537.7,22.38,-14.663226976928541,840.04,900.73,149.2365997334434,984.23,9.270258568050359,0.6329246221026469,Medium
Amarawati,PIGEONPEA,2012,123.8,867.0,21.5640625,37.598999834485674,984.23,965.0066666666667,116.55011125405814,1075.36,11.435499582040874,0.5484203344107093,Low
Amarawati,PIGEONPEA,2013,96.2,796.5,21.653125,26.41015382718321,1075.36,966.5433333333334,118.6528096310126,1391.89,44.00699399578567,0.49493595333420287,Low
Amarawati,PIGEONPEA,2014,103.8,726.8,22.58,15.348273448332392,1391.89,1150.4933333333333,213.9636236217113,354.53,-69.1845237405403,0.7570775347219044,High
Amarawati,PIGEONPEA,2015,108.2,538.3,22.58,-14.568002755589813,354.53,940.5933333333332,531.6488345076413,532.35,-43.402745784575686,0.7469040419713702,High
Amarawati,PIGEONPEA,2016,122.61,417.1882352941177,20.89597426470588,-33.789291904054586,532.35,759.59,554.7589166475831,1198.35,57.76274042575598,0.5570661942369424,Low
Amarawati,PIGEONPEA,2017,112.3,417.1882352941177,20.89597426470588,-33.789291904054586,1198.35,695.0766666666665,444.82358765395213,989.31,42.3310618013361,0.590501497923074,Medium
Amarawati,RICE,1999,8.8,738.4,21.46,17.189275060881453,701.15,656.13,63.66789457803671,636.36,-3.0131223995244816,0.6108946558484049,Medium
Amarawati,RICE,2000,8.9,674.3,22.25,7.016154081192255,636.36,649.54,46.44442593035248,494.38,-23.88767435415832,0.6716588643571917,Medium
Amarawati,RICE,2001,10.3,460.9,22.04,-26.851927308287838,494.38,610.63,105.75907951566137,941.75,54.22596334932774,0.5541347256265639,Low
Amarawati,RICE,2002,11.0,393.2,21.4978125,-37.5963936160095,941.75,690.8299999999999,228.60493192405104,654.55,-5.251653807738514,0.6994114461098591,High
Amarawati,RICE,2003,10.2,599.3,21.58,-4.886873586150796,654.55,696.8933333333333,226.67090160259508,588.24,-15.591099546559011,0.6718608141390545,Medium
Amarawati,RICE,2004,9.6,506.4,21.75,-19.630757190099718,588.24,728.18,187.90519604311112,437.5,-39.918701419978575,0.7470869297613205,High
Amarawati,RICE,2005,10.2,727.0,21.74,15.380014855445316,437.5,560.0966666666667,111.22819351825036,490.2,-12.479393438037487,0.6341679447685847,Medium
Amarawati,RICE,2006,8.5,770.4,21.69,22.267900198947824,490.2,505.31333333333333,76.49801653202105,541.18,7.097906249587704,0.5812315393796958,Low
Amarawati,RICE,2007,6.3,846.2,21.88,34.297893494742546,541.18,489.6266666666666,51.84237777468704,822.22,67.92794510102938,0.4310613628105175,Low
Amarawati,RICE,2008,4.5,501.9,21.96,-20.344938850140302,822.22,617.8666666666667,178.80143660869552,400.0,-35.26111350884765,0.7380861609991332,High
Amarawati,RICE,2009,4.3,537.7,22.38,-14.663226976928541,400.0,587.8,214.93603792756588,1448.84,146.485199047295,0.33562558439860785,Low
Amarawati,RICE,2012,3.8,867.0,21.5640625,37.598999834485674,1448.84,890.3533333333334,527.7290495446817,407.89,-54.18785051627444,0.6906042596232519,High
Amarawati,RICE,2013,4.7,796.5,21.653125,26.41015382718321,407.89,752.2433333333333,603.2833082667987,170.21,-77.37301316506627,0.7579259688485054,High
Amarawati,RICE,2014,5.3,726.8,22.58,15.348273448332392,170.21,675.6466666666666,680.0690359318921,301.89,-55.31836166832763,0.7270341835655438,High
Amarawati,RICE,2015,5.6,538.3,22.58,-14.568002755589813,301.89,293.33,119.07099058964893,214.29,-26.945760747281216,0.7112472410573509,High
Amarawati,RICE,2016,6.9,417.1882352941177,20.89597426470588,-33.789291904054586,214.29,228.79666666666665,67.02789071225233,666.67,191.38099331283965,0.26755997964922607,Low
Amarawati,RICE,2017,8.9,417.1882352941177,20.89597426470588,-33.789291904054586,666.67,394.2833333333333,239.92563875778998,337.08,-14.50817939721858,0.7136531871861986,High
Amarawati,SESAMUM,1999,4.3,738.4,21.46,17.189275060881453,272.73,279.22,9.17824601980138,116.28,-58.355418666284656,0.7308029644259855,High
Amarawati,SESAMUM,2000,4.2,674.3,22.25,7.016154081192255,116.28,224.90666666666667,94.29705527392326,238.1,5.866137064263692,0.6071922729508256,Medium
Amarawati,SESAMUM,2001,3.0,460.9,22.04,-26.851927308287838,238.1,209.03666666666666,82.17456196009408,200.0,-4.323005533319511,0.6809908248718768,High
Amarawati,SESAMUM,2002,2.4,393.2,21.4978125,-37.5963936160095,200.0,184.79333333333332,62.31741436655842,208.33,12.736750965042043,0.6604365691022978,Medium
Amarawati,SESAMUM,2003,1.5,599.3,21.58,-4.886873586150796,208.33,215.4766666666667,20.030193042837613,133.33,-38.123230666893555,0.7206804315662834,High
Amarawati,SESAMUM,2004,1.0,506.4,21.75,-19.630757190099718,133.33,180.55333333333337,41.108145583732444,200.0,10.770594099619665,0.6372601228025571,Medium
Amarawati,SESAMUM,2005,1.9,727.0,21.74,15.380014855445316,200.0,180.55333333333337,41.108145583732444,210.53,16.60266587896464,0.5711568162486235,Low
Amarawati,SESAMUM,2006,0.2,770.4,21.69,22.267900198947824,210.53,181.28666666666666,41.86408524419637,500.0,175.80627367337186,0.21569674329604863,Low
Amarawati,SESAMUM,2007,0.2,846.2,21.88,34.297893494742546,500.0,303.51,170.24676296482113,500.0,64.73921781819381,0.4379702719233048,Low
Amarawati,SESAMUM,2008,0.1,501.9,21.96,-20.344938850140302,500.0,403.51,167.1255824223209,1000.0,147.82533270550917,0.341398860869349,Low
Amarawati,SESAMUM,2009,0.2,537.7,22.38,-14.663226976928541,1000.0,666.6666666666666,288.6751345948129,200.0,-70.0,0.8046768489995167,High
Amarawati,SESAMUM,2012,0.8,867.0,21.5640625,37.598999834485674,200.0,566.6666666666666,404.14518843273805,212.5,-62.5,0.7086139168379305,High
Amarawati,SESAMUM,2013,0.2,796.5,21.653125,26.41015382718321,212.5,470.8333333333333,458.314393548068,0.0,-100.0,0.8069511069906984,High
Amarawati,SESAMUM,2015,0.04,538.3,22.58,-14.568002755589813,0.0,137.5,119.24240017711837,250.0,81.81818181818183,0.4755920321662999,Low
Amarawati,SESAMUM,2016,0.08,417.1882352941177,20.89597426470588,-33.789291904054586,250.0,154.16666666666666,134.8224140613621,263.16,70.69837837837841,0.5290389786730205,Low
Amarawati,SESAMUM,2017,0.06,417.1882352941177,20.89597426470588,-33.789291904054586,263.16,171.05333333333337,148.28259686602934,183.33,7.177098760620454,0.6666684178443706,Medium
Amarawati,SOYABEAN,1999,186.8,738.4,21.46,17.189275060881453,1313.93,1169.565,204.1629409319919,763.92,-34.683407933718954,0.6795136078389308,High
Amarawati,SOYABEAN,2000,180.3,674.3,22.25,7.016154081192255,763.92,1034.3500000000001,275.1191412824633,693.84,-32.920191424566156,0.6912293180096768,High
Amarawati,SOYABEAN,2001,153.2,460.9,22.04,-26.851927308287838,693.84,923.8966666666669,339.5913756757278,937.34,1.4550689290649195,0.6684716635367522,Medium
Amarawati,SOYABEAN,2002,156.5,393.2,21.4978125,-37.5963936160095,937.34,798.3666666666667,125.35147439632769,958.47,20.05385996409336,0.6445828329377394,Medium
Amarawati,SOYABEAN,2003,155.0,599.3,21.58,-4.886873586150796,958.47,863.2166666666667,147.0644778093378,1394.19,61.5110150020273,0.5048062326176743,Low
Amarawati,SOYABEAN,2004,167.1,506.4,21.75,-19.630757190099718,1394.19,1096.6666666666667,257.8792733690192,478.76,-56.344072948328275,0.782675234739293,High
Amarawati,SOYABEAN,2005,181.2,727.0,21.74,15.380014855445316,478.76,943.8066666666667,457.8911237765297,1128.04,19.52024072726758,0.5648354040773216,Low
Amarawati,SOYABEAN,2006,216.7,770.4,21.69,22.267900198947824,1128.04,1000.33,470.88788931124566,1493.31,49.28173702678115,0.48983323936274814,Low
Amarawati,SOYABEAN,2007,285.8,846.2,21.88,34.297893494742546,1493.31,1033.3700000000001,513.8576965464271,1699.51,64.46287389802295,0.438569017083673,Low
Amarawati,SOYABEAN,2008,373.0,501.9,21.96,-20.344938850140302,1699.51,1440.2866666666669,289.40127096012145,332.98,-76.88099128414251,0.8282625628453048,High
Amarawati,SOYABEAN,2009,317.6,537.7,22.38,-14.663226976928541,332.98,1175.2666666666667,736.6917480421058,808.78,-31.18327755403029,0.7205739503668628,High
Amarawati,SOYABEAN,2012,309.5,867.0,21.5640625,37.598999834485674,808.78,947.0900000000001,693.684584159112,1524.49,60.96569491811758,0.4411049111829008,Low
Amarawati,SOYABEAN,2013,366.4,796.5,21.653125,26.41015382718321,1524.49,888.75,599.766971998292,962.61,8.310548523206753,0.5722782518578661,Low
Amarawati,SOYABEAN,2014,370.6,726.8,22.58,15.348273448332392,962.61,1098.6266666666668,376.74341564695396,346.2,-68.48793038581502,0.7555682491200048,High
Amarawati,SOYABEAN,2015,365.9,538.3,22.58,-14.568002755589813,346.2,944.4333333333335,589.3552616489764,346.27,-63.335686302191796,0.7900920797593944,High
Amarawati,SOYABEAN,2016,362.9,417.1882352941177,20.89597426470588,-33.789291904054586,346.27,551.6933333333334,355.86427389291714,1332.05,141.44754332116872,0.3757491212974858,Low
Amarawati,SOYABEAN,2017,287.1,417.1882352941177,20.89597426470588,-33.789291904054586,1332.05,674.84,569.1605566973171,923.72,36.87985300219311,0.6023124503211778,Medium
Amarawati,SUGARCANE,1999,2.2,738.4,21.46,17.189275060881453,8495.0,9237.085,1049.4666714336377,9836.36,6.487706890214841,0.5903095257207049,Medium
Amarawati,SUGARCANE,2000,3.5,674.3,22.25,7.016154081192255,9836.36,9436.843333333332,818.7797765170642,8197.14,-13.13684342892909,0.648365397352606,Medium
Amarawati,SUGARCANE,2001,3.0,460.9,22.04,-26.851927308287838,8197.14,8842.833333333334,873.2133604871905,6803.33,-23.063912396102314,0.7215961230744374,High
Amarawati,SUGARCANE,2002,2.3,393.2,21.4978125,-37.5963936160095,6803.33,8278.943333333335,1518.1688259983905,5391.3,-34.87937067653159,0.7636048326586968,High
Amarawati,SUGARCANE,2003,2.5,599.3,21.58,-4.886873586150796,5391.3,6797.256666666667,1402.929859413266,6212.0,-8.610189306764452,0.6567355086195501,Medium
Amarawati,SUGARCANE,2005,1.1,727.0,21.74,15.380014855445316,6212.0,6135.543333333334,709.1131056702637,6590.91,7.421782259979135,0.5910487307563591,Medium
Amarawati,SUGARCANE,2006,0.7,770.4,21.69,22.267900198947824,6590.91,6064.736666666667,613.2135884284745,5671.43,-6.485140052797012,0.6106614730347647,Medium
Amarawati,SUGARCANE,2007,1.2,846.2,21.88,34.297893494742546,5671.43,6158.113333333334,462.1024748184396,7991.67,29.774649595059955,0.5137268364065091,Low
Amarawati,SUGARCANE,2008,0.8,501.9,21.96,-20.344938850140302,7991.67,6751.336666666667,1168.4095818390597,5487.5,-18.719799190382552,0.7022466466425783,High
Amarawati,SUGARCANE,2009,0.2,537.7,22.38,-14.663226976928541,5487.5,6383.533333333334,1395.720321279778,7000.0,9.657138679728043,0.6320863818606813,Medium
Amarawati,SUGARCANE,2012,0.3,867.0,21.5640625,37.598999834485674,7000.0,6826.39,1261.0797640514231,5566.67,-18.453677566034173,0.6131802182313226,Medium
Amarawati,SUGARCANE,2013,0.3,796.5,21.653125,26.41015382718321,5566.67,6018.056666666666,851.3087011380339,7233.33,20.193783486031208,0.5465312427718323,Low
Amarawati,SUGARCANE,2014,0.4,726.8,22.58,15.348273448332392,7233.33,6600.0,902.4626800593995,4025.0,-39.015151515151516,0.6917105615671133,High
Amarawati,SUGARCANE,2015,0.3,538.3,22.58,-14.568002755589813,4025.0,5608.333333333333,1604.5707283361876,5300.0,-5.4977711738484345,0.6647765969817349,Medium
Amarawati,SUGARCANE,2016,0.43,417.1882352941177,20.89597426470588,-33.789291904054586,5300.0,5519.443333333334,1615.3828894826524,2744.19,-50.28139915075977,0.7911618299852795,High
Amarawati,SUGARCANE,2017,0.12,417.1882352941177,20.89597426470588,-33.789291904054586,2744.19,4023.063333333333,1277.9061006323263,3966.94,-1.395039766546048,0.6852413846531695,High
Amarawati,SUNFLOWER,1999,6.3,738.4,21.46,17.189275060881453,471.7,364.41999999999996,151.71683097138566,555.56,52.45046923879041,0.49072354063245643,Low
Amarawati,SUNFLOWER,2000,3.4,674.3,22.25,7.016154081192255,555.56,428.13333333333327,153.90635117932376,558.82,30.524758642167583,0.5537652595322119,Low
Amarawati,SUNFLOWER,2001,1.6,460.9,22.04,-26.851927308287838,558.82,528.6933333333333,49.38458193944097,562.5,6.3943811157066595,0.6577698204657307,Medium
Amarawati,SUNFLOWER,2002,1.3,393.2,21.4978125,-37.5963936160095,562.5,558.96,3.472117509536416,615.38,10.093745527408036,0.666163080883819,Medium
Amarawati,SUNFLOWER,2003,1.4,599.3,21.58,-4.886873586150796,615.38,578.9,31.646143524923154,357.14,-38.307134220072555,0.7210788892648364,High
Amarawati,SUNFLOWER,2004,2.1,506.4,21.75,-19.630757190099718,357.14,511.67333333333335,136.4165933210962,571.43,11.678675196414366,0.6352926137595085,Medium
Amarawati,SUNFLOWER,2005,2.9,727.0,21.74,15.380014855445316,571.43,514.65,138.1663877359469,655.17,27.303993004954823,0.547970607475722,Low
Amarawati,SUNFLOWER,2006,3.7,770.4,21.69,22.267900198947824,655.17,527.9133333333333,153.7066863650809,594.59,12.630229709422014,0.5692448385500949,Low
Amarawati,SUNFLOWER,2007,11.8,846.2,21.88,34.297893494742546,594.59,607.0633333333334,43.24100985561494,627.12,3.303883724378008,0.5710801624594621,Low
Amarawati,SUNFLOWER,2008,17.4,501.9,21.96,-20.344938850140302,627.12,625.6266666666667,30.317596100835484,580.46,-7.219427986871824,0.6773291757017215,High
Amarawati,SUNFLOWER,2009,12.6,537.7,22.38,-14.663226976928541,580.46,600.7233333333334,23.927018897752106,603.17,0.4072867709483458,0.6521277276629706,Medium
Amarawati,SUNFLOWER,2012,0.22,867.0,21.5640625,37.598999834485674,603.17,603.5833333333334,23.332745944988716,409.09,-32.22311197017811,0.6430139927735351,Medium
Amarawati,SUNFLOWER,2013,0.2,796.5,21.653125,26.41015382718321,409.09,530.9066666666666,106.10566070353346,500.0,-5.82148776935054,0.6028976638249715,Medium
Amarawati,SUNFLOWER,2014,0.2,726.8,22.58,15.348273448332392,500.0,504.08666666666664,97.10451705936933,0.0,-100.0,0.8238443999505112,High
Amarawati,SUNFLOWER,2015,0.03,538.3,22.58,-14.568002755589813,0.0,303.03,266.3391497696123,0.0,-100.0,0.8695314261043807,High
Amarawati,SUNFLOWER,2016,0.05,417.1882352941177,20.89597426470588,-33.789291904054586,0.0,166.66666666666666,288.6751345948127,236.36,41.81600000000002,0.5916174651592984,Medium
Amarawati,SUNFLOWER,2017,0.01,417.1882352941177,20.89597426470588,-33.789291904054586,236.36,78.78666666666668,136.46250962565995,428.57,443.9625994246064,0.24888546516044088,Low
Beed,COTTON,1999,111.2,510.0,20.29,4.037939624150788,140.89,119.41499999999999,30.370236251962208,133.0,11.376292760540977,0.5998018208059791,Medium
Beed,COTTON,2000,82.9,354.3,20.9290625,-27.724231355222308,133.0,123.94333333333333,22.862480909414295,141.25,13.963370357421406,0.6427024941250916,Medium
Beed,COTTON,2001,108.0,538.8,20.77125,9.913023273514588,141.25,138.38,4.662692355281436,125.65,-9.19930625812978,0.6354100757532509,Medium
Beed,COTTON,2002,78.8,387.1,21.1421875,-21.033163865669074,125.65,133.29999999999998,7.804325723597138,120.18,-9.842460615153772,0.6840634447512117,High
Beed,COTTON,2003,94.9,471.7,21.379375,-3.775105645662892,120.18,129.02666666666667,10.933326727640281,106.95,-17.110158106851298,0.6734542569703027,Medium
Beed,COTTON,2004,101.5,484.0,20.393125,-1.2659553370804293,106.95,117.59333333333335,9.614605209437018,195.27,66.05533193491694,0.48943048070004774,Low
Beed,COTTON,2005,138.6,617.5,20.19625,25.967505329241398,195.27,140.79999999999998,47.633957425349415,197.98,40.61079545454546,0.502970379856297,Low
Beed,COTTON,2006,155.4,613.1,20.42875,25.069923105033038,197.98,166.73333333333332,51.79161354247744,231.27,38.7065173930428,0.5084670698995857,Low
Beed,COTTON,2007,188.2,489.2,20.97,-0.2051763448341882,231.27,208.17333333333332,20.048142889887117,260.89,25.323448408377637,0.5760629127196244,Low
Beed,COTTON,2008,205.2,562.3,20.57,14.706928334627417,260.89,230.04666666666662,31.47283643609726,172.66,-24.94566319877125,0.6622061086579898,Medium
Beed,COTTON,2009,222.8,611.6,21.2403125,24.763929164962008,172.66,221.60666666666665,44.90176202927153,228.59,3.151228904064265,0.5859708308750863,Medium
Beed,COTTON,2012,329.0,375.3,21.2153125,-23.440316194227858,228.59,220.71333333333328,44.639272320831246,176.2,-20.167940314737052,0.7101114310862685,High
Beed,COTTON,2013,338.6,527.0,20.78,7.505870944955814,176.2,192.48333333333332,31.31934599146875,290.46,50.90137674257511,0.5088680429048588,Low
Beed,COTTON,2014,373.3,335.2,21.34,-31.620554192126775,290.46,231.75,57.19550769072687,80.82,-65.12621359223301,0.8200135789052623,High
Beed,COTTON,2015,334.1,236.8,21.34,-51.69375666078646,80.82,182.4933333333333,104.9615974217872,54.41,-70.18521224519617,0.8616297920961753,High
Beed,COTTON,2016,341.4,417.1882352941177,20.89597426470588,-14.895285420714844,54.41,141.89666666666665,129.33549409707038,251.46,77.21346519767908,0.4860687321107262,Low
Beed,COTTON,2017,348.51,417.1882352941177,20.89597426470588,-14.895285420714844,251.46,128.89666666666665,106.96120807719652,143.48,11.313972432698035,0.628850966434376,Medium
Beed,GROUNDNUT,1999,18.0,510.0,20.29,4.037939624150788,658.06,515.925,201.00924468789984,694.44,34.60095944177935,0.5494817096634638,Low
Beed,GROUNDNUT,2000,18.0,354.3,20.9290625,-27.724231355222308,694.44,575.43,175.5701947939912,638.89,11.028274507759422,0.6490618684660047,Medium
Beed,GROUNDNUT,2001,12.4,538.8,20.77125,9.913023273514588,638.89,663.7966666666666,28.215822393355214,572.58,-13.741657836988223,0.6452518375074114,Medium
Beed,GROUNDNUT,2002,11.2,387.1,21.1421875,-21.033163865669074,572.58,635.3033333333334,61.00912254190646,580.36,-8.648362199684149,0.6814762315177028,High
Beed,GROUNDNUT,2003,9.9,471.7,21.379375,-3.775105645662892,580.36,597.2766666666666,36.24754106602748,444.44,-25.588923056316727,0.6918249143607499,High
Beed,GROUNDNUT,2004,8.9,484.0,20.393125,-1.2659553370804293,444.44,532.46,76.32674760527937,651.69,22.392292378770236,0.5840337330713836,Low
Beed,GROUNDNUT,2005,11.7,617.5,20.19625,25.967505329241398,651.69,558.83,105.28910817363789,641.03,14.709303365961013,0.5590902793813763,Low
Beed,GROUNDNUT,2006,11.6,613.1,20.42875,25.069923105033038,641.03,579.0533333333334,116.70034718600175,689.66,19.101291763568103,0.550945058763306,Low
Beed,GROUNDNUT,2007,9.6,489.2,20.97,-0.2051763448341882,689.66,660.7933333333334,25.561146948705673,672.92,1.8351678285696813,0.6269541873090386,Medium
Beed,GROUNDNUT,2008,9.4,562.3,20.57,14.706928334627417,672.92,667.87,24.70518366659094,670.21,0.3503675865063608,0.6073980419567375,Medium
Beed,GROUNDNUT,2009,9.8,611.6,21.2403125,24.763929164962008,670.21,677.5966666666667,10.53465867189461,731.63,7.974261974921163,0.5755209258882645,Low
Beed,GROUNDNUT,2012,5.1,375.3,21.2153125,-23.440316194227858,731.63,691.5866666666667,34.70500588291728,578.43,-16.36189245985079,0.7018649940673758,High
Beed,GROUNDNUT,2013,7.7,527.0,20.78,7.505870944955814,578.43,660.09,77.09974578427608,909.09,37.722128800618094,0.5374230801123372,Low
Beed,GROUNDNUT,2014,12.4,335.2,21.34,-31.620554192126775,909.09,739.7166666666667,165.4782600021324,290.32,-60.752540387085155,0.8105372869608068,High
Beed,GROUNDNUT,2015,18.4,236.8,21.34,-51.69375666078646,290.32,592.6133333333333,309.6287348314645,48.91,-91.74672636457724,0.9083464060213453,High
Beed,GROUNDNUT,2016,28.5,417.1882352941177,20.89597426470588,-14.895285420714844,48.91,416.1066666666666,443.6711870668788,390.88,-6.062548064598813,0.6665000941783936,Medium
Beed,GROUNDNUT,2017,31.66,417.1882352941177,20.89597426470588,-14.895285420714844,390.88,243.37,175.7529433608439,551.17,126.47409294489869,0.3793373719921062,Low
Beed,KHARIF SORGHUM,1999,75.2,510.0,20.29,4.037939624150788,788.04,777.435,14.997734828966658,1182.18,52.061587142333465,0.5116503496457226,Low
Beed,KHARIF SORGHUM,2000,80.2,354.3,20.9290625,-27.724231355222308,1182.18,912.35,233.9201524024812,1305.49,43.09091905518715,0.5795928052801428,Low
Beed,KHARIF SORGHUM,2001,67.6,538.8,20.77125,9.913023273514588,1305.49,1091.9033333333334,270.2795460876264,642.01,-41.20267056607575,0.7047506984202361,High
Beed,KHARIF SORGHUM,2002,68.9,387.1,21.1421875,-21.033163865669074,642.01,1043.2266666666667,352.89155449420053,1209.0,15.890442473351907,0.6283088213929685,Medium
Beed,KHARIF SORGHUM,2003,68.5,471.7,21.379375,-3.775105645662892,1209.0,1052.1666666666667,358.46749982855255,781.02,-25.77031522255664,0.6922179307209351,High
Beed,KHARIF SORGHUM,2004,55.9,484.0,20.393125,-1.2659553370804293,781.02,877.3433333333332,295.51320348392784,602.86,-31.28573762457114,0.7003361314115688,High
Beed,KHARIF SORGHUM,2005,53.0,617.5,20.19625,25.967505329241398,602.86,864.2933333333334,311.53211862235537,807.55,-6.565286476813441,0.6051852240405673,Medium
Beed,KHARIF SORGHUM,2006,50.8,613.1,20.42875,25.069923105033038,807.55,730.4766666666666,111.31249001497224,1086.61,48.753553615675614,0.48669849141728716,Low
Beed,KHARIF SORGHUM,2007,41.0,489.2,20.97,-0.2051763448341882,1086.61,832.34,242.8259123322714,878.29,5.520580531994129,0.6189691264516456,Medium
Beed,KHARIF SORGHUM,2008,34.8,562.3,20.57,14.706928334627417,878.29,924.15,145.07231162423787,675.29,-26.928528918465624,0.6665023177173133,Medium
Beed,KHARIF SORGHUM,2009,32.4,611.6,21.2403125,24.763929164962008,675.29,880.0633333333334,205.6657339795167,722.22,-17.935451615224665,0.6316586386667267,Medium
Beed,KHARIF SORGHUM,2012,28.8,375.3,21.2153125,-23.440316194227858,722.22,758.6,106.27736494663411,1052.78,38.77933034537305,0.5823923446564557,Low
Beed,KHARIF SORGHUM,2013,18.1,527.0,20.78,7.505870944955814,1052.78,816.7633333333333,205.73892785113216,1276.24,56.25579013096409,0.4972668138967212,Low
Beed,KHARIF SORGHUM,2014,19.4,335.2,21.34,-31.620554192126775,1276.24,1017.0799999999999,278.7299904925911,530.93,-47.7985999134778,0.7824704159347512,High
Beed,KHARIF SORGHUM,2015,19.2,236.8,21.34,-51.69375666078646,530.93,953.3166666666666,382.48067275789685,291.67,-69.40470987255021,0.8599387036221147,High
Beed,KHARIF SORGHUM,2016,19.0,417.1882352941177,20.89597426470588,-14.895285420714844,291.67,699.6133333333333,513.5027472500352,296.84,-57.5708486592594,0.7781014121331196,High
Beed,KHARIF SORGHUM,2017,21.0,417.1882352941177,20.89597426470588,-14.895285420714844,296.84,373.1466666666667,136.6688239260649,695.71,86.44411491460015,0.4660689910574639,Low
Beed,MAIZE,1999,6.5,510.0,20.29,4.037939624150788,1785.71,1637.5349999999999,209.55109460463353,1676.92,2.4051394321342885,0.6192393196841289,Medium
Beed,MAIZE,2000,7.8,354.3,20.9290625,-27.724231355222308,1676.92,1650.6633333333332,149.90960620765227,1025.64,-37.86497953348047,0.7549972522216714,High
Beed,MAIZE,2001,4.2,538.8,20.77125,9.913023273514588,1025.64,1496.0900000000001,411.03675979162733,1357.14,-9.287542861726235,0.6356012550610426,Medium
Beed,MAIZE,2002,5.6,387.1,21.1421875,-21.033163865669074,1357.14,1353.2333333333336,325.6575749669171,928.57,-31.381382860802532,0.7307311096166285,High
Beed,MAIZE,2003,5.0,471.7,21.379375,-3.775105645662892,928.57,1103.7833333333335,224.7172593134159,640.0,-42.0176061123107,0.7274203943152849,High
Beed,MAIZE,2004,5.3,484.0,20.393125,-1.2659553370804293,640.0,975.2366666666667,360.84037777573184,1011.32,3.6999565917332924,0.6245337939431619,Medium
Beed,MAIZE,2005,6.8,617.5,20.19625,25.967505329241398,1011.32,859.9633333333335,194.93535244622186,1676.47,94.94668377333915,0.38524262183263647,Low
Beed,MAIZE,2006,7.7,613.1,20.42875,25.069923105033038,1676.47,1109.2633333333333,525.1306386351239,1909.09,72.10430946664303,0.43610518707369317,Low
Beed,MAIZE,2007,8.2,489.2,20.97,-0.2051763448341882,1909.09,1532.2933333333333,465.9269541820194,1458.54,-4.813264649066324,0.6413591243438687,Medium
Beed,MAIZE,2008,11.2,562.3,20.57,14.706928334627417,1458.54,1681.3666666666668,225.31490992238813,1109.82,-33.99298189964514,0.6818086325098178,High
Beed,MAIZE,2009,12.1,611.6,21.2403125,24.763929164962008,1109.82,1492.4833333333333,400.71466860265247,942.98,-36.81805491965292,0.6725709458261849,Medium
Beed,MAIZE,2012,10.56,375.3,21.2153125,-23.440316194227858,942.98,1170.4466666666665,263.0726571374018,712.12,-39.15827006214151,0.7512571455388412,High
Beed,MAIZE,2013,15.2,527.0,20.78,7.505870944955814,712.12,921.64,199.70695831642723,1263.16,37.055683347076965,0.5388670452616714,Low
Beed,MAIZE,2014,16.0,335.2,21.34,-31.620554192126775,1263.16,972.7533333333334,276.7238857296794,700.0,-28.03931109633824,0.739658623497758,High
Beed,MAIZE,2015,17.2,236.8,21.34,-51.69375666078646,700.0,891.7600000000001,321.69891762329445,313.95,-64.79433928411234,0.8499495673471993,High
Beed,MAIZE,2016,42.2,417.1882352941177,20.89597426470588,-14.895285420714844,313.95,759.0366666666667,477.35092126582543,1953.32,157.34198172244643,0.31245694630764237,Low
Beed,MAIZE,2017,48.83,417.1882352941177,20.89597426470588,-14.895285420714844,1953.32,989.09,857.0666661934761,743.82,-24.797541174210636,0.7070925792490839,High
Beed,MINOR PULSES,1999,43.6,510.0,20.29,4.037939624150788,408.16,316.82500000000005,129.16719571934664,337.16,6.41836976248717,0.6105439873017267,Medium
Beed,MINOR PULSES,2000,46.1,354.3,20.9290625,-27.724231355222308,337.16,323.60333333333335,92.08647910162126,327.55,1.2196001277283892,0.6703139962893344,Medium
Beed,MINOR PULSES,2001,35.1,538.8,20.77125,9.913023273514588,327.55,357.6233333333334,44.029013540316,279.2,-21.92903147632054,0.662991147059239,Medium
Beed,MINOR PULSES,2002,34.9,387.1,21.1421875,-21.033163865669074,279.2,314.63666666666666,31.062936650183754,595.99,89.42166096343932,0.46899118133164347,Low
Beed,MINOR PULSES,2003,28.7,471.7,21.379375,-3.775105645662892,595.99,400.91333333333336,170.66226892120392,505.23,26.019754892994328,0.5800061121376153,Low
Beed,MINOR PULSES,2004,28.0,484.0,20.393125,-1.2659553370804293,505.23,460.14000000000004,163.13738719251327,545.71,18.596514104403006,0.5922579193324851,Medium
Beed,MINOR PULSES,2005,25.0,617.5,20.19625,25.967505329241398,545.71,548.9766666666667,45.4680957742163,489.2,-10.888744512517235,0.6145527164512277,Medium
Beed,MINOR PULSES,2006,30.2,613.1,20.42875,25.069923105033038,489.2,513.38,29.123219258866087,488.08,-4.928123417351672,0.6030087916551253,Medium
Beed,MINOR PULSES,2007,35.1,489.2,20.97,-0.2051763448341882,488.08,507.66333333333336,32.9541383339532,501.71,-1.1726931890557473,0.633471219513872,Medium
Beed,MINOR PULSES,2008,14.6,562.3,20.57,14.706928334627417,501.71,492.99666666666667,7.566718795708295,329.45,-33.173990358285046,0.6800341508368768,High
Beed,MINOR PULSES,2009,19.14,611.6,21.2403125,24.763929164962008,329.45,439.7466666666666,95.76251998215866,387.67,-11.842424426184758,0.6184570797571842,Medium
Beed,MINOR PULSES,2012,16.0,375.3,21.2153125,-23.440316194227858,387.67,406.27666666666664,87.6243854947545,204.37,-49.69684041252677,0.7740907146312663,High
Beed,MINOR PULSES,2013,25.0,527.0,20.78,7.505870944955814,204.37,307.16333333333336,93.66025909281578,553.6,80.2298451421068,0.4453230280394186,Low
Beed,MINOR PULSES,2014,22.1,335.2,21.34,-31.620554192126775,553.6,381.87999999999994,174.68698091157228,253.39,-33.64669529695192,0.7518079559323806,High
Beed,MINOR PULSES,2015,27.9,236.8,21.34,-51.69375666078646,253.39,337.11999999999995,189.0725598811209,43.01,-87.24193165638349,0.898586017486958,High
Beed,MINOR PULSES,2016,32.97,417.1882352941177,20.89597426470588,-14.895285420714844,43.01,283.3333333333333,256.6086308629026,506.11,78.62705882352942,0.48300594592139406,Low
Beed,MINOR PULSES,2017,41.34,417.1882352941177,20.89597426470588,-14.895285420714844,506.11,267.5033333333333,231.87236172802787,408.83,52.83174041444969,0.5388958024742139,Low
Beed,OILSEEDS,1999,111.6,510.0,20.29,4.037939624150788,448.72,342.90500000000003,149.64500810250905,550.18,60.44677097155186,0.49348245134914326,Low
Beed,OILSEEDS,2000,103.6,354.3,20.9290625,-27.724231355222308,550.18,411.99666666666667,159.74288539191136,445.95,8.241166999733004,0.6551006014000418,Medium
Beed,OILSEEDS,2001,89.0,538.8,20.77125,9.913023273514588,445.95,481.6166666666666,59.393739007856084,464.61,-3.531162404401828,0.623129097403548,Medium
Beed,OILSEEDS,2002,97.1,387.1,21.1421875,-21.033163865669074,464.61,486.91333333333336,55.57924282799583,593.92,21.976532442460655,0.6151222931266102,Medium
Beed,OILSEEDS,2003,105.0,471.7,21.379375,-3.775105645662892,593.92,501.49333333333334,80.58576445832924,462.1,-7.855205785387639,0.6534018602738649,Medium
Beed,OILSEEDS,2004,105.1,484.0,20.393125,-1.2659553370804293,462.1,506.8766666666666,75.39218416608792,567.74,12.007523197622053,0.6065340662971296,Medium
Beed,OILSEEDS,2005,116.0,617.5,20.19625,25.967505329241398,567.74,541.2533333333333,69.78743248847397,708.53,30.90542937379908,0.5239986730311774,Low
Beed,OILSEEDS,2006,119.3,613.1,20.42875,25.069923105033038,708.53,579.4566666666666,123.63210114421453,613.66,5.902655936308158,0.5795421030556073,Low
Beed,OILSEEDS,2007,113.4,489.2,20.97,-0.2051763448341882,613.66,629.9766666666666,71.79924256796359,455.2,-27.74335557401596,0.6910409880144273,High
Beed,OILSEEDS,2008,117.4,562.3,20.57,14.706928334627417,455.2,592.4633333333333,127.98826599861917,313.12,-47.14947197857532,0.7103143610140716,High
Beed,OILSEEDS,2009,104.6,611.6,21.2403125,24.763929164962008,313.12,460.6599999999999,150.34437668233568,519.89,12.8576390396388,0.5649402755814116,Low
Beed,OILSEEDS,2012,91.5,375.3,21.2153125,-23.440316194227858,519.89,429.40333333333325,105.77125901365359,1453.66,238.53020858400424,0.23308089373926164,Low
Beed,OILSEEDS,2013,149.3,527.0,20.78,7.505870944955814,1453.66,762.2233333333334,607.661053740762,1574.01,106.5024686552935,0.38839901042770375,Low
Beed,OILSEEDS,2014,137.6,335.2,21.34,-31.620554192126775,1574.01,1182.52,577.0007957533504,332.85,-71.85248452457463,0.8345871659252871,High
Beed,OILSEEDS,2015,172.5,236.8,21.34,-51.69375666078646,332.85,1120.1733333333334,684.4921869775673,148.41,-86.75115755894922,0.8975226736091872,High
Beed,PEARL MILLET,1999,181.5,510.0,20.29,4.037939624150788,659.5,587.44,101.90822930460519,684.85,16.58211902492169,0.5885225305665253,Medium
Beed,PEARL MILLET,2000,213.6,354.3,20.9290625,-27.724231355222308,684.85,619.91,91.40867737802571,798.22,28.763852817344464,0.6106347821286986,Medium
Beed,PEARL MILLET,2001,151.4,538.8,20.77125,9.913023273514588,798.22,714.1899999999999,73.86769456264327,491.41,-31.19337991290832,0.6830639020051122,High
Beed,PEARL MILLET,2002,187.1,387.1,21.1421875,-21.033163865669074,491.41,658.16,155.13658852765838,838.59,27.414306551598404,0.6033404492235177,Medium
Beed,PEARL MILLET,2003,180.5,471.7,21.379375,-3.775105645662892,838.59,709.4066666666668,189.86664855454023,555.12,-21.74869139468665,0.6835044124272458,High
Beed,PEARL MILLET,2004,176.2,484.0,20.393125,-1.2659553370804293,555.12,628.3733333333333,184.81890117986669,619.18,-1.4630368358513068,0.6357202797028914,Medium
Beed,PEARL MILLET,2005,191.3,617.5,20.19625,25.967505329241398,619.18,670.9633333333333,148.6605039455111,675.9,0.7357580394358447,0.5893662942554132,Medium
Beed,PEARL MILLET,2006,184.1,613.1,20.42875,25.069923105033038,675.9,616.7333333333332,60.42716055991146,837.05,35.72316506323642,0.514930999947478,Low
Beed,PEARL MILLET,2007,162.5,489.2,20.97,-0.2051763448341882,837.05,710.71,113.02936034500057,718.28,1.065132051047535,0.6286225981603311,Medium
Beed,PEARL MILLET,2008,135.0,562.3,20.57,14.706928334627417,718.28,743.7433333333333,83.53811485383976,726.67,-2.2955948064520526,0.613130960474795,Medium
Beed,PEARL MILLET,2009,131.7,611.6,21.2403125,24.763929164962008,726.67,760.6666666666666,66.28278987288726,784.66,3.1542506573181432,0.5859642837430363,Medium
Beed,PEARL MILLET,2012,107.1,375.3,21.2153125,-23.440316194227858,784.66,743.2033333333334,36.14677625090961,643.98,-13.350765380492554,0.6953408853954547,High
Beed,PEARL MILLET,2013,122.1,527.0,20.78,7.505870944955814,643.98,718.4366666666666,70.70046982399273,1067.16,48.53918925815778,0.5139861157877459,Low
Beed,PEARL MILLET,2014,127.1,335.2,21.34,-31.620554192126775,1067.16,831.9333333333334,215.51427825861884,442.17,-46.85030851831076,0.7804157845785626,High
Beed,PEARL MILLET,2015,127.6,236.8,21.34,-51.69375666078646,442.17,717.77,318.96214211094076,257.05,-64.18769243629575,0.8486351658436009,High
Beed,PEARL MILLET,2016,144.7,417.1882352941177,20.89597426470588,-14.895285420714844,257.05,588.7933333333334,424.4918779356482,643.33,9.262446359220545,0.6332959395935622,Medium
Beed,PEARL MILLET,2017,152.7,417.1882352941177,20.89597426470588,-14.895285420714844,643.33,447.5166666666666,193.19549615178158,590.96,32.05318237682026,0.5839160115555942,Low
Beed,PIGEONPEA,1999,47.8,510.0,20.29,4.037939624150788,616.05,389.94,319.7678285881805,378.66,-2.8927527311894066,0.6307180860379586,Medium
Beed,PIGEONPEA,2000,53.4,354.3,20.9290625,-27.724231355222308,378.66,386.18,226.20376853624697,359.55,-6.895748096742451,0.6878972507756294,High
Beed,PIGEONPEA,2001,44.3,538.8,20.77125,9.913023273514588,359.55,451.42,142.89358173130105,252.82,-43.99450622480174,0.7107996756807888,High
Beed,PIGEONPEA,2002,49.1,387.1,21.1421875,-21.033163865669074,252.82,330.3433333333333,67.81370387564262,350.31,6.0442166231093,0.6496423107350897,Medium
Beed,PIGEONPEA,2003,44.9,471.7,21.379375,-3.775105645662892,350.31,320.8933333333333,59.133987125284754,224.94,-29.90194041633772,0.7011697853074309,High
Beed,PIGEONPEA,2004,44.3,484.0,20.393125,-1.2659553370804293,224.94,276.0233333333333,65.82708586390058,539.5,95.45449056239208,0.42573230367406384,Low
Beed,PIGEONPEA,2005,52.1,617.5,20.19625,25.967505329241398,539.5,371.5833333333333,158.35534229489494,990.4,166.5350975555057,0.23013439197179264,Low
Beed,PIGEONPEA,2006,53.2,613.1,20.42875,25.069923105033038,990.4,584.9466666666666,384.7483626129335,842.11,43.963552232682204,0.49707682774707174,Low
Beed,PIGEONPEA,2007,51.1,489.2,20.97,-0.2051763448341882,842.11,790.67,229.80917670972147,622.31,-21.29333350196669,0.6770659401917004,High
Beed,PIGEONPEA,2008,47.8,562.3,20.57,14.706928334627417,622.31,818.2733333333332,185.19908756074724,472.8,-42.21979615613364,0.6996333967321502,High
Beed,PIGEONPEA,2009,56.1,611.6,21.2403125,24.763929164962008,472.8,645.7399999999999,185.76650047842298,455.79,-29.41586397001888,0.6565328654353645,Medium
Beed,PIGEONPEA,2012,50.2,375.3,21.2153125,-23.440316194227858,455.79,516.9666666666666,91.62558831098012,403.39,-21.969823973176855,0.7140155123462084,High
Beed,PIGEONPEA,2013,56.4,527.0,20.78,7.505870944955814,403.39,443.99333333333334,36.177452001671,668.44,50.55181008723856,0.5096254373247521,Low
Beed,PIGEONPEA,2014,60.6,335.2,21.34,-31.620554192126775,668.44,509.20666666666665,140.36695064484812,168.32,-66.94465901205797,0.8239535439815365,High
Beed,PIGEONPEA,2015,72.3,236.8,21.34,-51.69375666078646,168.32,413.3833333333334,250.20971930229493,161.83,-60.85231625206629,0.8414085174444614,High
Beed,PIGEONPEA,2016,89.19,417.1882352941177,20.89597426470588,-14.895285420714844,161.83,332.8633333333333,290.6360342994881,915.17,174.93866351555693,0.2743308024226967,Low
Beed,PIGEONPEA,2017,92.6,417.1882352941177,20.89597426470588,-14.895285420714844,915.17,415.10666666666657,433.07970748273715,563.71,35.798830822599854,0.5758004399230987,Low
Beed,RICE,1999,3.8,510.0,20.29,4.037939624150788,400.0,969.23,805.0127861096369,455.26,-53.028692879914985,0.7393459563598352,High
Beed,RICE,2000,3.4,354.3,20.9290625,-27.724231355222308,455.26,797.9066666666668,641.9328987778499,588.24,-26.277091723342753,0.7298901619664566,High
Beed,RICE,2001,2.4,538.8,20.77125,9.913023273514588,588.24,481.1666666666667,96.75712342423805,625.0,29.89262209906477,0.5507108976462785,Low
Beed,RICE,2002,2.4,387.1,21.1421875,-21.033163865669074,625.0,556.1666666666666,89.29972527020024,250.0,-55.049445609829185,0.7820119122393485,High
Beed,RICE,2003,2.5,471.7,21.379375,-3.775105645662892,250.0,487.74666666666667,206.71340675760058,400.0,-17.99021349881086,0.6753610436528754,High
Beed,RICE,2004,2.3,484.0,20.393125,-1.2659553370804293,400.0,425.0,188.7458608817684,260.87,-38.61882352941176,0.7162244842053372,High
Beed,RICE,2005,2.2,617.5,20.19625,25.967505329241398,260.87,303.62333333333333,83.6414109955899,409.09,34.7360216057176,0.515699056528715,Low
Beed,RICE,2006,2.0,613.1,20.42875,25.069923105033038,409.09,356.65333333333336,83.07522033273936,750.0,110.28823507420837,0.3533733482575774,Low
Beed,RICE,2007,1.5,489.2,20.97,-0.2051763448341882,750.0,473.32,250.8110023503751,466.67,-1.404969154060673,0.6339744841047144,Medium
Beed,RICE,2008,1.0,562.3,20.57,14.706928334627417,466.67,541.9200000000001,182.48788699527398,400.0,-26.18836728668439,0.6648986341817926,Medium
Beed,RICE,2009,0.6,611.6,21.2403125,24.763929164962008,400.0,538.89,185.84078212276196,283.33,-47.423407374417785,0.6955492094780988,High
Beed,RICE,2012,0.6,375.3,21.2153125,-23.440316194227858,283.33,383.3333333333333,92.79936547915165,450.0,17.391304347826093,0.6287330676509862,Medium
Beed,RICE,2013,0.5,527.0,20.78,7.505870944955814,450.0,377.77666666666664,85.52853110707068,600.0,58.82399654116631,0.491702366674635,Low
Beed,RICE,2014,0.4,335.2,21.34,-31.620554192126775,600.0,444.4433333333333,158.4081110086639,250.0,-43.74985937464844,0.7736981447673168,High
Beed,RICE,2015,0.3,236.8,21.34,-51.69375666078646,250.0,433.3333333333333,175.59422921421185,0.0,-100.0,0.9262284988980349,High
Beed,RICE,2016,0.1,417.1882352941177,20.89597426470588,-14.895285420714844,0.0,283.3333333333333,301.385688667085,700.0,147.05882352941177,0.33473712239247655,Low
Beed,RICE,2017,0.06,417.1882352941177,20.89597426470588,-14.895285420714844,700.0,316.6666666666667,354.72994422987904,461.54,45.74947368421052,0.5542407137230142,Low
Beed,SESAMUM,1999,9.2,510.0,20.29,4.037939624150788,263.89,222.855,58.03225353197995,315.22,41.44623185479349,0.5346502861019826,Low
Beed,SESAMUM,2000,9.9,354.3,20.9290625,-27.724231355222308,315.22,253.64333333333335,67.28770789180841,242.42,-4.424848540601642,0.6825436350706754,High
Beed,SESAMUM,2001,6.0,538.8,20.77125,9.913023273514588,242.42,273.84333333333336,37.406705726825706,216.67,-20.878117658515222,0.6607141671206684,Medium
Beed,SESAMUM,2002,5.6,387.1,21.1421875,-21.033163865669074,216.67,258.10333333333335,51.112628902584696,321.43,24.535392801332794,0.6095780956824057,Medium
Beed,SESAMUM,2003,6.6,471.7,21.379375,-3.775105645662892,321.43,260.17333333333335,54.58983452377682,257.58,-0.9967713831804549,0.6385419190691323,Medium
Beed,SESAMUM,2004,5.6,484.0,20.393125,-1.2659553370804293,257.58,265.2266666666667,52.79695098519739,214.29,-19.204956766539322,0.6741611062192538,High
Beed,SESAMUM,2005,3.5,617.5,20.19625,25.967505329241398,214.29,264.43333333333334,53.89778319498249,257.14,-2.758099079793275,0.5969363180137177,Medium
Beed,SESAMUM,2006,5.4,613.1,20.42875,25.069923105033038,257.14,243.00333333333333,24.86744927276097,203.7,-16.17398938286169,0.6273748345803158,Medium
Beed,SESAMUM,2007,5.5,489.2,20.97,-0.2051763448341882,203.7,225.04333333333332,28.29636077896491,181.82,-19.206671307748135,0.6725448387709085,Medium
Beed,SESAMUM,2008,3.9,562.3,20.57,14.706928334627417,181.82,214.22000000000003,38.74633402013683,153.85,-28.181308934740002,0.669216674419232,Medium
Beed,SESAMUM,2009,2.6,611.6,21.2403125,24.763929164962008,153.85,179.79,24.98692257962193,130.77,-27.265142666444177,0.6518729692776349,Medium
Beed,SESAMUM,2012,1.9,375.3,21.2153125,-23.440316194227858,130.77,155.48000000000002,25.564003989986112,242.11,55.7177772060715,0.5456923764583981,Low
Beed,SESAMUM,2013,2.4,527.0,20.78,7.505870944955814,242.11,175.57666666666668,58.76380632101154,333.33,89.84868908169268,0.42448219950371857,Low
Beed,SESAMUM,2014,2.9,335.2,21.34,-31.620554192126775,333.33,235.40333333333334,101.44640424053156,172.41,-26.75974568471135,0.7368862317725757,High
Beed,SESAMUM,2015,3.3,236.8,21.34,-51.69375666078646,172.41,249.28333333333333,80.69946798668093,75.76,-69.60887878585277,0.8603810696009355,High
Beed,SESAMUM,2016,5.67,417.1882352941177,20.89597426470588,-14.895285420714844,75.76,193.83333333333334,130.11454812331073,183.6,-5.279449699054178,0.6648033810530525,Medium
Beed,SESAMUM,2017,6.6,417.1882352941177,20.89597426470588,-14.895285420714844,183.6,143.92333333333335,59.29573368576659,151.84,5.500613752692399,0.6414465769076795,Medium
Beed,SOYABEAN,1999,2.0,510.0,20.29,4.037939624150788,1181.82,715.91,658.8962408452487,1650.0,130.47589780838376,0.3417526765365133,Low
Beed,SOYABEAN,2000,3.3,354.3,20.9290625,-27.724231355222308,1650.0,1027.2733333333333,712.6805063514319,1333.33,29.793109266602197,0.6084047264886476,Medium
Beed,SOYABEAN,2001,6.9,538.8,20.77125,9.913023273514588,1333.33,1388.3833333333332,238.89596110720126,1072.46,-22.754762733635033,0.664780231450081,Medium
Beed,SOYABEAN,2002,16.5,387.1,21.1421875,-21.033163865669074,1072.46,1351.93,289.21891864122597,1363.64,0.866169106388647,0.660861413687947,Medium
Beed,SOYABEAN,2003,25.5,471.7,21.379375,-3.775105645662892,1363.64,1256.4766666666667,160.0820859226086,1015.69,-19.163640125960686,0.6779034680116915,High
Beed,SOYABEAN,2004,27.9,484.0,20.393125,-1.2659553370804293,1015.69,1150.5966666666668,186.671649248978,874.55,-23.99161015009605,0.6845321885502589,High
Beed,SOYABEAN,2005,36.1,617.5,20.19625,25.967505329241398,874.55,1084.6266666666668,251.72694538593504,1099.72,1.3915694493957904,0.587945369533838,Medium
Beed,SOYABEAN,2006,42.1,613.1,20.42875,25.069923105033038,1099.72,996.6533333333333,113.78566796101131,819.48,-17.776826445838736,0.6308476482167545,Medium
Beed,SOYABEAN,2007,46.5,489.2,20.97,-0.2051763448341882,819.48,931.25,148.47485275291638,451.61,-51.50496644295301,0.7425244782302859,High
Beed,SOYABEAN,2008,71.4,562.3,20.57,14.706928334627417,451.61,790.27,325.0408606621639,203.08,-74.30245359181039,0.7691458211758848,High
Beed,SOYABEAN,2009,68.8,611.6,21.2403125,24.763929164962008,203.08,491.39000000000004,310.11945488795163,515.12,4.82915810252548,0.5823353176117658,Low
Beed,SOYABEAN,2012,76.4,375.3,21.2153125,-23.440316194227858,515.12,389.93666666666667,164.90888524677385,1662.04,326.23331994084504,0.23308089373926164,Low
Beed,SOYABEAN,2013,93.5,527.0,20.78,7.505870944955814,1662.04,793.4133333333333,768.2619702505998,1863.1,134.82085840083352,0.32704249931257157,Low
Beed,SOYABEAN,2014,113.4,335.2,21.34,-31.620554192126775,1863.1,1346.7533333333333,727.1978972283497,351.85,-73.87420611544802,0.8389675627054982,High
Beed,SOYABEAN,2015,145.1,236.8,21.34,-51.69375666078646,351.85,1292.3299999999997,820.6602547339551,164.02,-87.3081952752006,0.8987295886610613,High
Beed,SOYABEAN,2016,169.2,417.1882352941177,20.89597426470588,-14.895285420714844,164.02,792.9899999999999,931.4889083075545,782.21,-1.3594118463032145,0.6563099657054536,Medium
Beed,SOYABEAN,2017,181.3,417.1882352941177,20.89597426470588,-14.895285420714844,782.21,432.6933333333333,316.92499496463375,707.67,63.5500123258967,0.5156728799994894,Low
Beed,SUGARCANE,1999,34.1,510.0,20.29,4.037939624150788,8096.04,10227.81,3014.7780458600923,6968.92,-31.86302835113284,0.6934870165476269,High
Beed,SUGARCANE,2000,34.0,354.3,20.9290625,-27.724231355222308,6968.92,9141.513333333334,2843.336891213092,7505.59,-17.895541730143886,0.711730136981253,High
Beed,SUGARCANE,2001,34.7,538.8,20.77125,9.913023273514588,7505.59,7523.516666666666,563.7738000593193,6645.53,-11.6698972776472,0.6407630229621875,Medium
Beed,SUGARCANE,2002,34.0,387.1,21.1421875,-21.033163865669074,6645.53,7040.013333333333,434.41512109193894,6514.71,-7.4616809437860905,0.6789050887965988,High
Beed,SUGARCANE,2003,21.6,471.7,21.379375,-3.775105645662892,6514.71,6888.610000000001,538.3091197443995,3930.56,-42.9411739088147,0.7294214578743702,High
Beed,SUGARCANE,2004,13.1,484.0,20.393125,-1.2659553370804293,3930.56,5696.933333333333,1531.1219848964743,6683.21,17.312413696257636,0.5950401368834575,Medium
Beed,SUGARCANE,2005,23.4,617.5,20.19625,25.967505329241398,6683.21,5709.493333333333,1542.903404569878,6893.16,20.73155352956013,0.5460420706936218,Low
Beed,SUGARCANE,2006,46.7,613.1,20.42875,25.069923105033038,6893.16,5835.643333333333,1653.18681062768,6683.94,14.536472128465691,0.5608355013059949,Low
Beed,SUGARCANE,2007,74.0,489.2,20.97,-0.2051763448341882,6683.94,6753.436666666666,121.00450666534046,8780.95,30.02194931864323,0.5658828274140828,Low
Beed,SUGARCANE,2008,44.4,562.3,20.57,14.706928334627417,8780.95,7452.683333333333,1155.059524627768,9156.31,22.859238618752524,0.5586288213870334,Low
Beed,SUGARCANE,2009,43.2,611.6,21.2403125,24.763929164962008,9156.31,8207.066666666666,1332.3512729131635,7396.53,-9.876082400532866,0.6141966720349527,Medium
Beed,SUGARCANE,2012,51.4,375.3,21.2153125,-23.440316194227858,7396.53,8444.596666666666,926.8530550919749,5480.54,-35.10003832825645,0.7424643101154528,High
Beed,SUGARCANE,2013,46.0,527.0,20.78,7.505870944955814,5480.54,7344.459999999999,1838.438124305518,5581.09,-24.00952554714709,0.6711749978653825,Medium
Beed,SUGARCANE,2014,37.6,335.2,21.34,-31.620554192126775,5581.09,6152.72,1078.343666323491,4583.78,-25.49994148929255,0.7341566560158441,High
Beed,SUGARCANE,2015,36.1,236.8,21.34,-51.69375666078646,4583.78,5215.136666666666,549.0774135159089,2209.42,-57.63447554266714,0.8344365292407863,High
Beed,SUGARCANE,2016,12.29,417.1882352941177,20.89597426470588,-14.895285420714844,2209.42,4124.763333333333,1732.068668509801,4034.33,-2.192449021317588,0.6581148795846457,Medium
Beed,SUGARCANE,2017,36.05,417.1882352941177,20.89597426470588,-14.895285420714844,4034.33,3609.1766666666663,1242.965353512845,5749.93,59.314174146827604,0.5248505293874418,Low
Beed,SUNFLOWER,1999,44.4,510.0,20.29,4.037939624150788,413.5,395.0,26.16295090390226,583.33,47.67848101265824,0.5211470795933206,Low
Beed,SUNFLOWER,2000,32.3,354.3,20.9290625,-27.724231355222308,583.33,457.77666666666664,110.2949664913741,479.88,4.82840977769364,0.6624949087144357,Medium
Beed,SUNFLOWER,2001,23.1,538.8,20.77125,9.913023273514588,479.88,492.2366666666667,85.58663817053063,411.26,-16.45075878134502,0.651121556220165,Medium
Beed,SUNFLOWER,2002,27.7,387.1,21.1421875,-21.033163865669074,411.26,491.49,86.6205247040215,436.82,-11.123318887464652,0.6868386376745426,High
Beed,SUNFLOWER,2003,31.2,471.7,21.379375,-3.775105645662892,436.82,442.65333333333336,34.679921184070416,339.74,-23.249194252838944,0.6867555019532317,High
Beed,SUNFLOWER,2004,30.0,484.0,20.393125,-1.2659553370804293,339.74,395.94,50.32055643571531,483.33,22.071525988786174,0.5847287269163468,Low
Beed,SUNFLOWER,2005,30.4,617.5,20.19625,25.967505329241398,483.33,419.9633333333333,73.26412787533431,523.03,24.5418250799673,0.5377864823344336,Low
Beed,SUNFLOWER,2006,27.7,613.1,20.42875,25.069923105033038,523.03,448.7,96.4273493361712,501.81,11.836416313795413,0.5666856222377611,Low
Beed,SUNFLOWER,2007,23.9,489.2,20.97,-0.2051763448341882,501.81,502.72333333333336,19.865752775400313,560.67,11.526552046519942,0.6059561881702163,Medium
Beed,SUNFLOWER,2008,16.6,562.3,20.57,14.706928334627417,560.67,528.5033333333333,29.809275961239333,512.05,-3.113193861911948,0.6149024250949523,Medium
Beed,SUNFLOWER,2009,11.0,611.6,21.2403125,24.763929164962008,512.05,524.8433333333334,31.44641367999413,579.09,10.335782741516516,0.5704042975606584,Low
Beed,SUNFLOWER,2012,2.6,375.3,21.2153125,-23.440316194227858,579.09,550.6033333333334,34.63515170074071,411.54,-25.2565367687567,0.7211367234032744,High
Beed,SUNFLOWER,2013,2.5,527.0,20.78,7.505870944955814,411.54,500.8933333333334,84.33032688975732,528.0,5.411664492772903,0.607429086112435,Medium
Beed,SUNFLOWER,2014,2.2,335.2,21.34,-31.620554192126775,528.0,506.21000000000004,85.87405720006474,318.18,-37.14466328203711,0.7593868865667065,High
Beed,SUNFLOWER,2015,2.11,236.8,21.34,-51.69375666078646,318.18,419.24,105.12171802249044,85.31,-79.65127373342239,0.8821395919872637,High
Beed,SUNFLOWER,2016,0.88,417.1882352941177,20.89597426470588,-14.895285420714844,85.31,310.4966666666667,221.44499143880705,167.8,-45.957551879247234,0.7529392691098438,High
Beed,SUNFLOWER,2017,1.11,417.1882352941177,20.89597426470588,-14.895285420714844,167.8,190.43000000000006,118.0728457351647,806.33,323.425930788216,0.2200312400399177,Low
Bhandara,GROUNDNUT,1999,0.4,1086.1,22.6415625,30.097703811563388,1000.0,1125.0,176.7766952966369,1000.0,-11.11111111111111,0.6087270249903839,Medium
Bhandara,GROUNDNUT,2000,0.3,1680.4,23.16,101.28549994010785,1000.0,1083.3333333333333,144.33756729740642,1666.67,53.846461538461554,0.3592702587135226,Low
Bhandara,GROUNDNUT,2001,0.1,908.3,23.0575,8.800059268983546,1666.67,1222.2233333333334,384.9021039606478,1000.0,-18.181892561915856,0.6565720233786906,Medium
Bhandara,GROUNDNUT,2002,0.3,861.8,22.790625,3.230090364428073,1000.0,1222.2233333333334,384.9021039606478,666.67,-45.454322314252444,0.7241685375263105,High
Bhandara,GROUNDNUT,2003,0.2,1252.2,22.3309375,49.993872307190586,666.67,1111.1133333333335,509.1754409173064,1000.0,-10.000179999640011,0.5759353178492511,Low
Bhandara,GROUNDNUT,2004,0.2,581.0,22.715,-30.40533476243593,1000.0,888.89,192.44816522897773,1000.0,12.499859375175783,0.64996791615416,Medium
Bhandara,GROUNDNUT,2005,0.2,1388.7,22.8,66.34442618830502,1000.0,888.89,192.44816522897773,500.0,-43.750070312412106,0.6240901214423045,Medium
Bhandara,GROUNDNUT,2006,0.3,1158.9,22.9596875,38.817999214824454,500.0,833.3333333333334,288.6751345948129,1000.0,19.999999999999996,0.5280023062493119,Low
Bhandara,GROUNDNUT,2007,0.2,0.0,22.85,-100.0,1000.0,833.3333333333334,288.6751345948129,1700.0,103.99999999999999,0.5579999999977796,Low
Bhandara,GROUNDNUT,2008,0.1,0.0,22.98,-100.0,1700.0,1066.6666666666667,602.7713773341708,1000.0,-6.250000000000007,0.7968749999969833,High
Bhandara,GROUNDNUT,2012,0.1,1177.8,22.3,41.081922059901814,1000.0,1233.3333333333333,404.14518843273794,900.0,-27.027027027027025,0.6264368192368737,Medium
Bhandara,GROUNDNUT,2013,0.1,1338.4,22.4990625,60.31927702918375,900.0,1200.0,435.8898943540673,1000.0,-16.666666666666664,0.5746107976106188,Low
Bhandara,GROUNDNUT,2016,0.01,417.1882352941177,20.89597426470588,-50.02740864656759,1000.0,966.6666666666666,57.735026918962085,500.0,-48.275862068965516,0.8116147485694436,High
Bhandara,KHARIF SORGHUM,2003,0.1,1252.2,22.3309375,49.993872307190586,1000.0,875.0,176.7766952966369,1000.0,14.285714285714285,0.5233158802311588,Low
Bhandara,MAIZE,1999,0.2,1086.1,22.6415625,30.097703811563388,2000.0,1750.0,353.5533905932738,1200.0,-31.428571428571427,0.6527481890114011,Medium
Bhandara,MAIZE,2000,0.2,1680.4,23.16,101.28549994010785,1200.0,1566.6666666666667,404.1451884327381,1000.0,-36.17021276595745,0.5543063863724469,Low
Bhandara,MAIZE,2001,0.2,908.3,23.0575,8.800059268983546,1000.0,1400.0,529.1502622129182,2500.0,78.57142857142857,0.44693982759047646,Low
Bhandara,MAIZE,2002,0.2,861.8,22.790625,3.230090364428073,2500.0,1566.6666666666667,814.4527815247077,2000.0,27.6595744680851,0.5657550944984406,Low
Bhandara,MAIZE,2003,0.3,1252.2,22.3309375,49.993872307190586,2000.0,1833.3333333333333,763.7626158259733,2000.0,9.090909090909095,0.5345712914865326,Low
Bhandara,MAIZE,2004,0.3,581.0,22.715,-30.40533476243593,2000.0,2166.6666666666665,288.67513459481273,1000.0,-53.84615384615385,0.7937176114665616,High
Bhandara,MAIZE,2005,0.2,1388.7,22.8,66.34442618830502,1000.0,1666.6666666666667,577.3502691896258,2000.0,19.999999999999996,0.4859649690992054,Low
Bhandara,MAIZE,2006,0.2,1158.9,22.9596875,38.817999214824454,2000.0,1666.6666666666667,577.3502691896258,2000.0,19.999999999999996,0.5280023062493119,Low
Bhandara,MAIZE,2007,0.2,0.0,22.85,-100.0,2000.0,1666.6666666666667,577.3502691896258,3000.0,80.0,0.6099999999976062,Medium
Bhandara,MAIZE,2008,0.1,0.0,22.98,-100.0,3000.0,2333.3333333333335,577.3502691896257,2000.0,-14.28571428571429,0.8142857142826394,High
Bhandara,MAIZE,2009,0.1,0.0,23.34,-100.0,2000.0,2333.3333333333335,577.3502691896257,2200.0,-5.714285714285721,0.7957142857112729,High
Bhandara,MAIZE,2012,0.15,1177.8,22.3,41.081922059901814,2200.0,2400.0,529.150262212918,1466.67,-38.88875,0.6521372190115629,Medium
Bhandara,MAIZE,2013,0.1,1338.4,22.4990625,60.31927702918375,1466.67,1888.89,379.08085720595267,3000.0,58.823435986214115,0.4110489085299224,Low
Bhandara,MAIZE,2014,0.6,851.2,23.21,1.9603770227444712,3000.0,2222.2233333333334,766.9065325274868,500.0,-77.50001124999437,0.7955399226213665,High
Bhandara,MAIZE,2015,2.2,761.5,23.21,-8.784272670559314,500.0,1655.5566666666666,1260.6580145437276,863.64,-47.83386051418758,0.7476720927303987,High
Bhandara,MAIZE,2016,0.93,417.1882352941177,20.89597426470588,-50.02740864656759,863.64,1454.5466666666669,1350.6953825838502,1585.31,8.989971675023586,0.6875387754578808,High
Bhandara,MAIZE,2017,0.74,417.1882352941177,20.89597426470588,-50.02740864656759,1585.31,982.9833333333332,552.4097866922107,444.15,-54.81612099221756,0.8257853095697758,High
Bhandara,MINOR PULSES,1999,38.2,1086.1,22.6415625,30.097703811563388,411.41,388.56,32.314779900225254,465.97,19.922277125797823,0.541488017143972,Low
Bhandara,MINOR PULSES,2000,22.3,1680.4,23.16,101.28549994010785,465.97,414.3633333333334,50.195204286199846,390.13,-5.84832956583998,0.48860897277241144,Low
Bhandara,MINOR PULSES,2001,27.0,908.3,23.0575,8.800059268983546,390.13,422.50333333333333,39.1180640284426,503.7,19.21799433535041,0.5755389351015505,Low
Bhandara,MINOR PULSES,2002,19.7,861.8,22.790625,3.230090364428073,503.7,453.26666666666665,57.84087856640259,407.11,-10.1831151639947,0.6477475887010069,Medium
Bhandara,MINOR PULSES,2003,31.8,1252.2,22.3309375,49.993872307190586,407.11,433.6466666666667,61.25913999831643,389.94,-10.078866050701809,0.5761058042932178,Low
Bhandara,MINOR PULSES,2004,17.4,581.0,22.715,-30.40533476243593,389.94,433.5833333333333,61.326686143418286,247.7,-42.87142033442245,0.7699390221912229,High
Bhandara,MINOR PULSES,2005,33.6,1388.7,22.8,66.34442618830502,247.7,348.25,87.50102342258641,355.06,1.9554917444364686,0.5250614036527961,Low
Bhandara,MINOR PULSES,2006,27.6,1158.9,22.9596875,38.817999214824454,355.06,330.90000000000003,74.13388968616188,518.84,56.79661529162888,0.4482763064510484,Low
Bhandara,MINOR PULSES,2007,35.1,0.0,22.85,-100.0,518.84,373.8666666666666,136.54483854519492,504.56,34.957203994293884,0.7075927246763107,High
Bhandara,MINOR PULSES,2008,19.5,0.0,22.98,-100.0,504.56,459.4866666666667,90.71756243050918,435.38,-5.24643442682414,0.7947006079217762,High
Bhandara,MINOR PULSES,2009,27.83,0.0,23.34,-100.0,435.38,486.26,44.63810479847898,372.62,-23.37021346604697,0.8339687958399613,High
Bhandara,MINOR PULSES,2012,35.4,1177.8,22.3,41.081922059901814,372.62,437.52,65.99602715315517,331.07,-24.330316328396414,0.6205939460565268,Medium
Bhandara,MINOR PULSES,2013,35.0,1338.4,22.4990625,60.31927702918375,331.07,379.69000000000005,52.51316692030677,428.57,12.873660091126954,0.5106067563022794,Low
Bhandara,MINOR PULSES,2014,30.3,851.2,23.21,1.9603770227444712,428.57,377.42,48.92690977366138,217.82,-42.287107201526155,0.719245297183273,High
Bhandara,MINOR PULSES,2015,32.04,761.5,23.21,-8.784272670559314,217.82,325.82,105.47304157935339,450.69,38.32484193726598,0.5609949040862049,Low
Bhandara,MINOR PULSES,2016,32.47,417.1882352941177,20.89597426470588,-50.02740864656759,450.69,365.6933333333333,128.53877093442796,549.67,50.309002078244056,0.5980142095845349,Medium
Bhandara,MINOR PULSES,2017,27.77,417.1882352941177,20.89597426470588,-50.02740864656759,549.67,406.06,170.36720136223403,545.04,34.22646899472983,0.6328596979320329,Medium
Bhandara,OILSEEDS,1999,31.6,1086.1,22.6415625,30.097703811563388,758.31,542.245,305.56205335414273,663.92,22.43911884849099,0.536034860078155,Low
Bhandara,OILSEEDS,2000,23.5,1680.4,23.16,101.28549994010785,663.92,582.8033333333333,227.19819416829287,468.09,-19.683026292460003,0.5185841490133215,Low
Bhandara,OILSEEDS,2001,21.0,908.3,23.0575,8.800059268983546,468.09,630.1066666666667,148.03519255005995,520.48,-17.398112488890767,0.6548738332204752,Medium
Bhandara,OILSEEDS,2002,21.1,861.8,22.790625,3.230090364428073,520.48,550.83,101.38140411337761,561.14,1.871720857614862,0.6216287773209399,Medium
Bhandara,OILSEEDS,2003,20.3,1252.2,22.3309375,49.993872307190586,561.14,516.57,46.648062124808305,806.9,56.203418704144624,0.43249418732486256,Low
Bhandara,OILSEEDS,2004,18.2,581.0,22.715,-30.40533476243593,806.9,629.5066666666667,154.96646389891364,568.68,-9.662592929913378,0.6979865628150265,High
Bhandara,OILSEEDS,2005,26.9,1388.7,22.8,66.34442618830502,568.68,645.5733333333334,139.76384701822326,429.37,-33.49012763848156,0.6018602456488624,Medium
Bhandara,OILSEEDS,2006,26.4,1158.9,22.9596875,38.817999214824454,429.37,601.65,190.91225969015184,404.92,-32.698412698412696,0.6421822004288255,Medium
Bhandara,OILSEEDS,2007,28.3,0.0,22.85,-100.0,404.92,467.6566666666667,88.33875725486128,528.27,12.961075432831768,0.7552510032259865,High
Bhandara,OILSEEDS,2008,19.5,0.0,22.98,-100.0,528.27,454.18666666666667,65.31237121199403,648.72,42.83114138093002,0.6905325270053226,High
Bhandara,OILSEEDS,2009,20.0,0.0,23.34,-100.0,648.72,527.3033333333334,121.90287459011499,464.5,-11.910285667326217,0.8091389522761492,High
Bhandara,OILSEEDS,2012,21.3,1177.8,22.3,41.081922059901814,464.5,547.1633333333333,93.55196755458061,457.28,-16.427148505321384,0.6034704157732547,Medium
Bhandara,OILSEEDS,2013,19.4,1338.4,22.4990625,60.31927702918375,457.28,523.5,108.50377136302673,268.04,-48.798471824259785,0.644229708785172,Medium
Bhandara,OILSEEDS,2014,20.5,851.2,23.21,1.9603770227444712,268.04,396.6066666666666,111.4005068809534,297.56,-24.97352540720444,0.6817325366290343,High
Bhandara,OILSEEDS,2015,18.2,761.5,23.21,-8.784272670559314,297.56,340.96,101.81166141459452,225.27,-33.93066635382449,0.7175485053830458,High
Bhandara,PIGEONPEA,1999,10.1,1086.1,22.6415625,30.097703811563388,752.48,508.11,345.5913682371133,910.89,79.27023675975674,0.4129007712708229,Low
Bhandara,PIGEONPEA,2000,9.5,1680.4,23.16,101.28549994010785,910.89,642.37,337.33357333654175,768.42,19.622647383906465,0.4334218560481447,Low
Bhandara,PIGEONPEA,2001,9.7,908.3,23.0575,8.800059268983546,768.42,810.5966666666667,87.22147346458516,1072.16,32.268000115141525,0.547263922578764,Low
Bhandara,PIGEONPEA,2002,11.2,861.8,22.790625,3.230090364428073,1072.16,917.1566666666668,151.96693796129924,883.93,-3.622790726411714,0.6335335524196245,Medium
Bhandara,PIGEONPEA,2003,11.7,1252.2,22.3309375,49.993872307190586,883.93,908.1700000000001,153.3139918598431,948.72,4.465023068368252,0.5445940445353377,Low
Bhandara,PIGEONPEA,2004,11.7,581.0,22.715,-30.40533476243593,948.72,968.27,95.62575542185294,615.38,-36.445412952998645,0.7560160061981844,High
Bhandara,PIGEONPEA,2005,12.3,1388.7,22.8,66.34442618830502,615.38,816.0099999999999,176.74482651551648,780.49,-4.352887832256942,0.5387295594022529,Low
Bhandara,PIGEONPEA,2006,13.0,1158.9,22.9596875,38.817999214824454,780.49,781.5300000000001,166.67243353356312,569.23,-27.16466418435633,0.6301924119817433,Medium
Bhandara,PIGEONPEA,2007,14.0,0.0,22.85,-100.0,569.23,655.0333333333333,111.0719903185917,850.0,29.764388580733808,0.7188438247389868,High
Bhandara,PIGEONPEA,2008,13.5,0.0,22.98,-100.0,850.0,733.2400000000001,146.22711820999555,585.19,-20.191206153510453,0.827080946662822,High
Bhandara,PIGEONPEA,2009,13.1,0.0,23.34,-100.0,585.19,668.14,157.69741627560035,697.71,4.42571916065496,0.7737442751489747,High
Bhandara,PIGEONPEA,2012,15.1,1177.8,22.3,41.081922059901814,697.71,710.9666666666667,132.90179996272937,1066.23,49.96905621454358,0.4596119722140267,Low
Bhandara,PIGEONPEA,2013,17.3,1338.4,22.4990625,60.31927702918375,1066.23,783.0433333333334,251.61717694412948,630.06,-19.537020088288017,0.5808298966907778,Low
Bhandara,PIGEONPEA,2014,18.1,851.2,23.21,1.9603770227444712,630.06,798.0,234.74375454950888,342.54,-57.07518796992481,0.7512861388480299,High
Bhandara,PIGEONPEA,2015,18.0,761.5,23.21,-8.784272670559314,342.54,679.61,364.3805783792545,450.0,-33.785553479201305,0.7172340941546966,High
Bhandara,PIGEONPEA,2016,18.38,417.1882352941177,20.89597426470588,-50.02740864656759,450.0,474.2,145.27961866690018,1944.19,309.99367355546184,0.2736837140884781,Low
Bhandara,PIGEONPEA,2017,18.66,417.1882352941177,20.89597426470588,-50.02740864656759,1944.19,912.2433333333333,895.3057327155531,1066.24,16.881095321789143,0.6704413408899458,Medium
Bhandara,RICE,1999,336.7,1086.1,22.6415625,30.097703811563388,1190.83,1222.375,44.611366825059385,1414.91,15.75089477451683,0.5505260122383839,Low
Bhandara,RICE,2000,325.7,1680.4,23.16,101.28549994010785,1414.91,1286.5533333333333,115.54939391157946,941.36,-26.830860749392432,0.5340711236699568,Low
Bhandara,RICE,2001,327.6,908.3,23.0575,8.800059268983546,941.36,1182.3666666666666,236.88841599650524,1349.21,14.110963885991387,0.5866041677417915,Medium
Bhandara,RICE,2002,344.5,861.8,22.790625,3.230090364428073,1349.21,1235.16,256.550097446873,1077.79,-12.740859483791583,0.6532893680605484,Medium
Bhandara,RICE,2003,349.9,1252.2,22.3309375,49.993872307190586,1077.79,1122.7866666666666,207.6148613017221,1539.87,37.14715766723271,0.47378275290470073,Low
Bhandara,RICE,2004,329.7,581.0,22.715,-30.40533476243593,1539.87,1322.29,232.21325629687888,680.92,-48.504488425383244,0.7821440030549306,High
Bhandara,RICE,2005,361.5,1388.7,22.8,66.34442618830502,680.92,1099.5266666666666,429.8873545864466,1597.51,45.290700847031154,0.43116845059748715,Low
Bhandara,RICE,2006,378.1,1158.9,22.9596875,38.817999214824454,1597.51,1272.7666666666667,513.3638573500605,1307.33,2.7156064217059903,0.565451825668824,Low
Bhandara,RICE,2007,387.0,0.0,22.85,-100.0,1307.33,1195.2533333333333,468.46044809923205,1738.22,45.426910891972696,0.6849083597314156,High
Bhandara,RICE,2008,363.9,0.0,22.98,-100.0,1738.22,1547.6866666666665,219.72328377605604,729.32,-52.8767666151202,0.8978996609960737,High
Bhandara,RICE,2009,361.7,0.0,23.34,-100.0,729.32,1258.29,506.2346231738796,1055.63,-16.10598510677188,0.8182296343949178,High
Bhandara,RICE,2012,370.7,1177.8,22.3,41.081922059901814,1055.63,1174.39,514.8278893960581,1982.65,68.82381491668013,0.41875999502620037,Low
Bhandara,RICE,2013,396.1,1338.4,22.4990625,60.31927702918375,1982.65,1255.8666666666668,650.2153983360693,1639.96,30.583926106805382,0.47223451326843735,Low
Bhandara,RICE,2014,383.8,851.2,23.21,1.9603770227444712,1639.96,1559.4133333333332,468.72950006729167,1822.56,16.874722117719493,0.5910613336586681,Medium
Bhandara,RICE,2015,370.4,761.5,23.21,-8.784272670559314,1822.56,1815.0566666666666,171.4681720708925,1549.14,-14.650598603900331,0.6757750252583493,High
Bhandara,RICE,2016,391.7,417.1882352941177,20.89597426470588,-50.02740864656759,1549.14,1670.5533333333333,139.2536826562699,2268.83,35.81308388837232,0.6294220323291523,Medium
Bhandara,RICE,2017,315.89,417.1882352941177,20.89597426470588,-50.02740864656759,2268.83,1880.1766666666665,363.2880182903548,1421.69,-24.385297126333864,0.7598518578605808,High
Bhandara,SESAMUM,1999,2.4,1086.1,22.6415625,30.097703811563388,304.35,195.28,154.24827324803348,333.33,70.6933633756657,0.43148399693629164,Low
Bhandara,SESAMUM,2000,2.0,1680.4,23.16,101.28549994010785,333.33,241.29666666666665,135.0883626865517,300.0,24.32828192128639,0.42322631455052223,Low
Bhandara,SESAMUM,2001,2.1,908.3,23.0575,8.800059268983546,300.0,312.56,18.118369131905595,333.33,6.64512413616585,0.6027801538663595,Medium
Bhandara,SESAMUM,2002,1.9,861.8,22.790625,3.230090364428073,333.33,322.21999999999997,19.243084472089972,157.89,-50.99931723667059,0.7361826931915099,High
Bhandara,SESAMUM,2003,2.1,1252.2,22.3309375,49.993872307190586,157.89,263.74,93.17128903261984,190.48,-27.777356487449765,0.6144525335727105,Medium
Bhandara,SESAMUM,2004,2.0,581.0,22.715,-30.40533476243593,190.48,227.23333333333332,93.31615097791654,150.0,-33.9885580167229,0.7506928205029381,High
Bhandara,SESAMUM,2005,1.0,1388.7,22.8,66.34442618830502,150.0,166.12333333333333,21.459227230571702,300.0,80.58871922467243,0.3546894107795193,Low
Bhandara,SESAMUM,2006,2.0,1158.9,22.9596875,38.817999214824454,300.0,213.49333333333334,77.60290028944353,200.0,-6.320259805146143,0.5850295358269384,Low
Bhandara,SESAMUM,2007,2.0,0.0,22.85,-100.0,200.0,216.66666666666666,76.37626158259721,350.0,61.53846153846154,0.6499999999974728,Medium
Bhandara,SESAMUM,2008,1.5,0.0,22.98,-100.0,350.0,283.3333333333333,76.37626158259722,333.33,17.64588235294118,0.74510058823245,High
Bhandara,SESAMUM,2009,1.5,0.0,23.34,-100.0,333.33,294.4433333333333,82.21392603040749,206.67,-29.80992381103325,0.8479215015873852,High
Bhandara,SESAMUM,2012,1.7,1177.8,22.3,41.081922059901814,206.67,296.6666666666667,78.38381359268834,464.71,56.643820224719086,0.4451499835253614,Low
Bhandara,SESAMUM,2013,1.9,1338.4,22.4990625,60.31927702918375,464.71,334.9033333333333,129.0271945495728,210.53,-37.13708433279254,0.6189633692204105,Medium
Bhandara,SESAMUM,2015,1.8,761.5,23.21,-8.784272670559314,210.53,293.96999999999997,147.8777725014817,166.67,-43.30373847671531,0.7378568283159082,High
Bhandara,SESAMUM,2016,1.87,417.1882352941177,20.89597426470588,-50.02740864656759,166.67,280.6366666666666,160.9135449032595,272.73,-2.8174032853867694,0.7131214212053514,High
Bhandara,SESAMUM,2017,1.97,417.1882352941177,20.89597426470588,-50.02740864656759,272.73,216.64333333333335,53.29362563509181,192.07,-11.342759989537344,0.731593027397616,High
Bhandara,SOYABEAN,1999,11.7,1086.1,22.6415625,30.097703811563388,1680.67,1318.49,512.1998680202877,1350.43,2.4224681264173453,0.5794042699758366,Low
Bhandara,SOYABEAN,2000,9.7,1680.4,23.16,101.28549994010785,1350.43,1329.1366666666665,362.64915129272447,793.81,-40.276269558435175,0.563202842756119,Low
Bhandara,SOYABEAN,2001,7.2,908.3,23.0575,8.800059268983546,793.81,1274.97,448.2196153672885,1138.89,-10.673192310407298,0.6403031728338096,Medium
Bhandara,SOYABEAN,2002,9.4,861.8,22.790625,3.230090364428073,1138.89,1094.3766666666668,280.96713995293715,1042.55,-4.735724750466794,0.6359449094717358,Medium
Bhandara,SOYABEAN,2003,8.3,1252.2,22.3309375,49.993872307190586,1042.55,991.75,178.0604717504701,1674.7,68.86312074615579,0.40506483290059636,Low
Bhandara,SOYABEAN,2004,9.6,581.0,22.715,-30.40533476243593,1674.7,1285.38,340.5846380857482,937.5,-27.064370069551423,0.7356904132841164,High
Bhandara,SOYABEAN,2005,8.5,1388.7,22.8,66.34442618830502,937.5,1218.25,398.771648315173,894.12,-26.606197414323823,0.5869450634965704,Medium
Bhandara,SOYABEAN,2006,8.6,1158.9,22.9596875,38.817999214824454,894.12,1168.7733333333333,438.68188945217844,837.21,-28.36848890004335,0.6328006988657231,Medium
Bhandara,SOYABEAN,2007,9.0,0.0,22.85,-100.0,837.21,889.61,50.29687962488058,1144.44,28.64513663290656,0.7212688706259377,High
Bhandara,SOYABEAN,2008,8.4,0.0,22.98,-100.0,1144.44,958.59,163.44679225974357,1190.48,24.190738480476533,0.7309200666228373,High
Bhandara,SOYABEAN,2009,7.9,0.0,23.34,-100.0,1190.48,1057.3766666666668,192.05452671919286,813.92,-23.024592308638056,0.8332199499989112,High
Bhandara,SOYABEAN,2012,7.1,1177.8,22.3,41.081922059901814,813.92,1049.6133333333335,205.4103963613653,807.04,-23.1107328413003,0.6179515151678273,Medium
Bhandara,SOYABEAN,2013,7.0,1338.4,22.4990625,60.31927702918375,807.04,937.1466666666666,219.4200695773592,400.0,-57.31724667785903,0.6626870543012421,Medium
Bhandara,SOYABEAN,2014,8.1,851.2,23.21,1.9603770227444712,400.0,673.6533333333333,237.0157035585048,456.79,-32.19212651413189,0.697372839027325,High
Bhandara,SOYABEAN,2015,6.6,761.5,23.21,-8.784272670559314,456.79,554.61,220.44716986162388,136.36,-75.41335352770415,0.8074276609261521,High
Bhandara,SOYABEAN,2016,11.8,417.1882352941177,20.89597426470588,-50.02740864656759,136.36,331.05,170.98076821677807,1127.12,240.46820721945323,0.2736837140884781,Low
Bhandara,SOYABEAN,2017,5.3,417.1882352941177,20.89597426470588,-50.02740864656759,1127.12,573.4233333333333,505.5727892532716,1207.55,110.58612892162279,0.46741376809098295,Low
Bhandara,SUGARCANE,1999,2.0,1086.1,22.6415625,30.097703811563388,8471.43,10304.465,2592.302957304566,8755.0,-15.036831121266363,0.6172327516790252,Medium
Bhandara,SUGARCANE,2000,2.2,1680.4,23.16,101.28549994010785,8755.0,9787.976666666667,2039.6808345016466,7095.45,-27.50851129259606,0.5355393665135598,Low
Bhandara,SUGARCANE,2001,1.9,908.3,23.0575,8.800059268983546,7095.45,8107.293333333334,887.678536765047,4000.0,-50.661708716595925,0.7269449583802627,High
Bhandara,SUGARCANE,2002,1.9,861.8,22.790625,3.230090364428073,4000.0,6616.816666666667,2413.363555462238,4736.84,-28.412101488883117,0.6872437257381334,High
Bhandara,SUGARCANE,2003,2.0,1252.2,22.3309375,49.993872307190586,4736.84,5277.43,1616.982014958732,4990.0,-5.446400994423428,0.5660687966713147,Low
Bhandara,SUGARCANE,2004,1.4,581.0,22.715,-30.40533476243593,4990.0,4575.613333333334,514.3155923490314,6100.0,33.31546080525452,0.6048674463891397,Medium
Bhandara,SUGARCANE,2005,0.7,1388.7,22.8,66.34442618830502,6100.0,5275.613333333334,725.0741538169283,3485.71,-33.927871893568145,0.6028086915348803,Medium
Bhandara,SUGARCANE,2006,2.0,1158.9,22.9596875,38.817999214824454,3485.71,4858.57,1312.0912448073118,5805.0,19.47959996459864,0.5291298396593443,Low
Bhandara,SUGARCANE,2007,2.2,0.0,22.85,-100.0,5805.0,5130.236666666667,1431.8195479994447,5068.18,-1.2096258067366559,0.7859541892449491,High
Bhandara,SUGARCANE,2008,2.9,0.0,22.98,-100.0,5068.18,4786.296666666666,1185.0612584306916,4575.86,-4.396649044598848,0.7928594062602943,High
Bhandara,SUGARCANE,2009,1.5,0.0,23.34,-100.0,4575.86,5149.68,618.6097092674845,5246.67,1.88341799878827,0.7792525943330008,High
Bhandara,SUGARCANE,2012,3.1,1177.8,22.3,41.081922059901814,5246.67,4963.57,347.42474451311244,6706.45,35.11343649832681,0.49179914826572246,Low
Bhandara,SUGARCANE,2013,0.9,1338.4,22.4990625,60.31927702918375,6706.45,5509.66,1089.3696535611793,6400.0,16.159617834857325,0.5034871811908873,Low
Bhandara,SUGARCANE,2014,8.2,851.2,23.21,1.9603770227444712,6400.0,6117.706666666666,769.7444748962737,7168.29,17.172829469866716,0.5904154343956846,Medium
Bhandara,SUGARCANE,2015,5.4,761.5,23.21,-8.784272670559314,7168.29,6758.246666666667,386.7551577333433,6522.22,-3.4924245637675253,0.6515989815048088,Medium
Bhandara,SUGARCANE,2016,4.88,417.1882352941177,20.89597426470588,-50.02740864656759,6522.22,6696.836666666667,412.8384868605917,6430.18,-3.9818302273063257,0.7156443462461686,High
Bhandara,SUGARCANE,2017,4.7,417.1882352941177,20.89597426470588,-50.02740864656759,6430.18,6706.896666666667,402.2197116419617,5900.49,-12.023543924189491,0.733068059256024,High
Bhandara,SUNFLOWER,2007,0.2,0.0,22.85,-100.0,1000.0,500.0,707.1067811865476,700.0,40.0,0.6966666666639839,High
Bhandara,SUNFLOWER,2008,0.1,0.0,22.98,-100.0,700.0,566.6666666666666,513.1601439446883,1000.0,76.47058823529413,0.61764705882111,Medium
Bhandara,SUNFLOWER,2016,0.4,417.1882352941177,20.89597426470588,-50.02740864656759,1000.0,900.0,173.20508075688772,250.0,-72.22222222222221,0.8634985289013268,High
Buldhana,COTTON,1999,258.1,545.2,21.38,-2.9548841230723832,129.53,103.25,37.16553241916494,174.16,68.6779661016949,0.4863273759999436,Low
Buldhana,COTTON,2000,219.8,211.4,22.21,-62.37098771756696,174.16,126.88666666666666,48.6488893329882,68.97,-45.64440708243577,0.8247639183751587,High
Buldhana,COTTON,2001,220.1,632.4,21.82,12.566638445651169,68.97,124.21999999999998,52.79565417721424,152.79,22.999516985992603,0.5615934561689089,Low
Buldhana,COTTON,2002,168.3,719.7,21.86,28.10596092557741,152.79,131.97333333333333,55.598868993292776,196.67,49.022529804000804,0.48147918545191837,Low
Buldhana,COTTON,2003,183.1,559.4,21.84,-0.4272967322940166,196.67,139.47666666666666,64.88263352649408,236.65,69.66995674306337,0.4803180253359791,Low
Buldhana,COTTON,2004,198.7,452.4,21.61,-19.47320171914518,236.65,195.36999999999998,41.945111753337834,127.73,-34.62148743409939,0.7353690199271334,High
Buldhana,COTTON,2005,197.5,502.2,21.77,-10.608845940218188,127.73,187.01666666666665,55.097928575703584,195.75,4.669815524463069,0.6367005485269075,Medium
Buldhana,COTTON,2006,234.4,843.7,21.620625,50.177850816881566,195.75,186.71000000000004,55.01984005792819,213.52,14.359166622034152,0.5228757683540399,Low
Buldhana,COTTON,2007,249.2,580.3,21.82,3.292884709062889,213.52,179.0,45.28137475828225,378.53,111.46927374301674,0.3840715155452759,Low
Buldhana,COTTON,2008,247.6,547.5,21.79,-2.5454861654111047,378.53,262.59999999999997,100.79070840112198,290.02,10.441736481340449,0.6118806561513016,Medium
Buldhana,COTTON,2009,239.4,548.1,22.53,-2.4386866981951125,290.02,294.0233333333333,82.57781199168052,266.0,-9.530989603999677,0.6549917958221216,Medium
Buldhana,COTTON,2012,253.9,491.0,22.1428125,-12.602435994916625,266.0,311.51666666666665,59.264915703418815,231.71,-25.618746990530195,0.7053703040138178,High
Buldhana,COTTON,2013,227.9,656.8,21.95,16.909816779101337,231.71,262.57666666666665,29.30534820358459,505.18,92.39333274091378,0.4046074480224403,Low
Buldhana,COTTON,2014,174.3,560.8,22.97,-0.17809797545671566,505.18,334.2966666666667,148.9791469747808,136.83,-59.06928975261494,0.7588724923209385,High
Buldhana,COTTON,2015,170.7,453.7,22.97,-19.241802873510537,136.83,291.24,191.2545327567428,174.81,-39.97733827770911,0.7466199796969364,High
Buldhana,COTTON,2016,169.55,417.1882352941177,20.89597426470588,-25.74086456968343,174.81,272.2733333333333,202.59505579686126,548.44,101.42993560392746,0.45016267865069515,Low
Buldhana,COTTON,2017,174.54,417.1882352941177,20.89597426470588,-25.74086456968343,548.44,286.6933333333333,227.47331323329635,186.56,-34.926983536415214,0.7456026701204528,High
Buldhana,GROUNDNUT,1999,9.5,545.2,21.38,-2.9548841230723832,823.53,757.92,92.78655182729878,768.42,1.3853704876504118,0.6321279998298873,Medium
Buldhana,GROUNDNUT,2000,6.9,211.4,22.21,-62.37098771756696,768.42,761.42,65.88946880951464,507.25,-33.38105119382207,0.7981933139499175,High
Buldhana,GROUNDNUT,2001,3.3,632.4,21.82,12.566638445651169,507.25,699.7333333333332,168.9575486130564,666.67,-4.725133384146334,0.6216635319706765,Medium
Buldhana,GROUNDNUT,2002,2.1,719.7,21.86,28.10596092557741,666.67,647.4466666666666,131.64191822262885,809.52,25.032692525510473,0.5334571662218075,Low
Buldhana,GROUNDNUT,2003,1.1,559.4,21.84,-0.4272967322940166,809.52,661.1466666666666,151.21067632060013,909.09,37.50201669826161,0.5500152287661505,Low
Buldhana,GROUNDNUT,2004,0.6,452.4,21.61,-19.47320171914518,909.09,795.0933333333334,121.85220815944761,500.0,-37.114301046418035,0.740770116087139,High
Buldhana,GROUNDNUT,2005,0.4,502.2,21.77,-10.608845940218188,500.0,739.5366666666667,213.33519923663164,750.0,1.4148498384123283,0.643752974179994,Medium
Buldhana,GROUNDNUT,2006,1.7,843.7,21.620625,50.177850816881566,750.0,719.6966666666667,206.22166722566595,1000.0,38.94742692523238,0.46960120436395464,Low
Buldhana,GROUNDNUT,2007,1.6,580.3,21.82,3.292884709062889,1000.0,750.0,249.99999999999997,900.0,20.0,0.5822549419878182,Low
Buldhana,GROUNDNUT,2008,2.0,547.5,21.79,-2.5454861654111047,900.0,883.3333333333334,125.83057392117932,750.0,-15.094339622641515,0.6672088210430781,Medium
Buldhana,GROUNDNUT,2009,0.5,548.1,22.53,-2.4386866981951125,750.0,883.3333333333334,125.83057392117932,1200.0,35.849056603773576,0.556668362372274,Low
Buldhana,GROUNDNUT,2012,1.2,491.0,22.1428125,-12.602435994916625,1200.0,950.0,229.12878474779214,1366.67,43.860000000000014,0.5548330188681709,Low
Buldhana,GROUNDNUT,2013,2.6,656.8,21.95,16.909816779101337,1366.67,1105.5566666666666,318.99863578600684,1576.92,42.635836546897956,0.5124153564424485,Low
Buldhana,GROUNDNUT,2014,3.8,560.8,22.97,-0.17809797545671566,1576.92,1381.1966666666667,188.87943147239054,1078.95,-21.882956566648726,0.6783021037516136,High
Buldhana,GROUNDNUT,2015,3.8,453.7,22.97,-19.241802873510537,1078.95,1340.8466666666666,249.98732694545433,815.79,-39.15859133781143,0.7448460279938306,High
Buldhana,GROUNDNUT,2016,5.07,417.1882352941177,20.89597426470588,-25.74086456968343,815.79,1157.22,386.554477273256,1124.26,-2.8482051813829727,0.676098650351448,High
Buldhana,GROUNDNUT,2017,2.22,417.1882352941177,20.89597426470588,-25.74086456968343,1124.26,1006.3333333333334,166.56326255610358,1348.92,34.043060616098046,0.5961675744571722,Medium
Buldhana,KHARIF SORGHUM,1999,130.9,545.2,21.38,-2.9548841230723832,1781.61,1494.1599999999999,406.51568850414617,1867.84,25.00936981313916,0.5809426679581656,Low
Buldhana,KHARIF SORGHUM,2000,128.4,211.4,22.21,-62.37098771756696,1867.84,1618.72,359.4065710306366,1508.57,-6.804759316002773,0.7406113482148344,High
Buldhana,KHARIF SORGHUM,2001,129.7,632.4,21.82,12.566638445651169,1508.57,1719.34,187.5550529844507,1319.97,-23.228099154326657,0.6617532911392667,Medium
Buldhana,KHARIF SORGHUM,2002,116.8,719.7,21.86,28.10596092557741,1319.97,1565.46,278.3302683863182,1584.76,1.2328644615640103,0.5850234603601863,Low
Buldhana,KHARIF SORGHUM,2003,108.0,559.4,21.84,-0.4272967322940166,1584.76,1471.1000000000001,136.31374362110319,1655.56,12.538916457072924,0.6041019459552125,Medium
Buldhana,KHARIF SORGHUM,2004,101.9,452.4,21.61,-19.47320171914518,1655.56,1520.0966666666666,176.89310906118766,1127.58,-25.821822734957646,0.7163030797457232,High
Buldhana,KHARIF SORGHUM,2005,93.5,502.2,21.77,-10.608845940218188,1127.58,1455.9666666666665,286.58595941415757,1049.2,-27.937910666452975,0.7073506219403235,High
Buldhana,KHARIF SORGHUM,2006,71.5,843.7,21.620625,50.177850816881566,1049.2,1277.4466666666665,329.7925495418793,1416.78,10.907174206881448,0.5303550852535125,Low
Buldhana,KHARIF SORGHUM,2007,60.6,580.3,21.82,3.292884709062889,1416.78,1197.8533333333332,193.60402922804272,1863.2,55.54491924442616,0.5052409502918183,Low
Buldhana,KHARIF SORGHUM,2008,49.7,547.5,21.79,-2.5454861654111047,1863.2,1443.0600000000002,407.63584091686505,1788.73,23.953958948345864,0.5826041741395541,Low
Buldhana,KHARIF SORGHUM,2009,50.0,548.1,22.53,-2.4386866981951125,1788.73,1689.57,239.15943071516114,1751.8,3.6831856626242194,0.6263610827445321,Medium
Buldhana,KHARIF SORGHUM,2012,41.6,491.0,22.1428125,-12.602435994916625,1751.8,1801.2433333333336,56.74440618539747,1700.48,-5.594098890951262,0.6619835664648749,Medium
Buldhana,KHARIF SORGHUM,2013,44.6,656.8,21.95,16.909816779101337,1700.48,1747.0033333333333,44.32010416654424,856.5,-50.97319028202579,0.7152349145711074,High
Buldhana,KHARIF SORGHUM,2014,20.6,560.8,22.97,-0.17809797545671566,856.5,1436.26,502.742159362033,1072.82,-25.30461058582708,0.6857156874598086,High
Buldhana,KHARIF SORGHUM,2015,20.4,453.7,22.97,-19.241802873510537,1072.82,1209.9333333333332,438.3783864805985,622.55,-48.54675188715631,0.7651870425173434,High
Buldhana,KHARIF SORGHUM,2016,22.46,417.1882352941177,20.89597426470588,-25.74086456968343,622.55,850.6233333333333,225.19251682356773,1429.21,68.01913890597876,0.522552738162676,Low
Buldhana,KHARIF SORGHUM,2017,20.2,417.1882352941177,20.89597426470588,-25.74086456968343,1429.21,1041.5266666666666,404.2394629836788,920.7,-11.600919163535572,0.695062863979382,High
Buldhana,MAIZE,1999,19.4,545.2,21.38,-2.9548841230723832,1792.21,1644.305,209.1692569427926,1525.77,-7.208820747975593,0.6507487475070148,Medium
Buldhana,MAIZE,2000,21.1,211.4,22.21,-62.37098771756696,1525.77,1604.7933333333333,162.97056308834834,952.61,-40.639708539832746,0.8139204048662216,High
Buldhana,MAIZE,2001,21.6,632.4,21.82,12.566638445651169,952.61,1423.53,429.0358996634196,2449.07,72.04203634626599,0.4553346642220041,Low
Buldhana,MAIZE,2002,25.7,719.7,21.86,28.10596092557741,2449.07,1642.4833333333336,755.0262475790715,2035.02,23.898974114399923,0.5359135561125389,Low
Buldhana,MAIZE,2003,27.1,559.4,21.84,-0.4272967322940166,2035.02,1812.2333333333336,772.7053494271497,2129.15,17.48763036400757,0.5933797324902231,Medium
Buldhana,MAIZE,2004,34.9,452.4,21.61,-19.47320171914518,2129.15,2204.4133333333334,217.04326212378479,1228.08,-44.289939575760144,0.7563173329006618,High
Buldhana,MAIZE,2005,33.9,502.2,21.77,-10.608845940218188,1228.08,1797.4166666666667,495.3012156590505,1676.7,-6.716120357921092,0.661370076271991,Medium
Buldhana,MAIZE,2006,43.6,843.7,21.620625,50.177850816881566,1676.7,1677.9766666666667,450.5363566165699,1671.33,-0.39611198407606546,0.5548455386671721,Low
Buldhana,MAIZE,2007,64.6,580.3,21.82,3.292884709062889,1671.33,1525.37,257.47469254278053,3158.82,107.08549401128909,0.39356970496398747,Low
Buldhana,MAIZE,2008,56.4,547.5,21.79,-2.5454861654111047,3158.82,2168.9500000000003,857.2567712768449,2993.62,38.02162336614489,0.5521242345677577,Low
Buldhana,MAIZE,2009,84.94,548.1,22.53,-2.4386866981951125,2993.62,2607.9233333333336,815.308569826992,2184.25,-16.24562071737795,0.6695401632343928,Medium
Buldhana,MAIZE,2012,22.5,491.0,22.1428125,-12.602435994916625,2184.25,2778.896666666667,521.5613613308939,1783.11,-35.83388611067463,0.7275031054407238,High
Buldhana,MAIZE,2013,33.4,656.8,21.95,16.909816779101337,1783.11,2320.3266666666664,616.6208392791589,2616.77,12.77593097523626,0.5771118185141666,Low
Buldhana,MAIZE,2014,48.9,560.8,22.97,-0.17809797545671566,2616.77,2194.71,416.92842023541743,1229.04,-43.99989064614459,0.7262221275903615,High
Buldhana,MAIZE,2015,42.7,453.7,22.97,-19.241802873510537,1229.04,1876.3066666666666,698.5433789202596,1149.88,-38.71577496215969,0.7438865925132551,High
Buldhana,MAIZE,2016,60.36,417.1882352941177,20.89597426470588,-25.74086456968343,1149.88,1665.2300000000002,825.0077909329095,2208.42,32.619518024537136,0.5992519167388772,Medium
Buldhana,MAIZE,2017,39.6,417.1882352941177,20.89597426470588,-25.74086456968343,2208.42,1529.1133333333335,589.6267776596754,2242.37,46.64511459800231,0.5688631241631373,Low
Buldhana,MINOR PULSES,1999,138.8,545.2,21.38,-2.9548841230723832,634.92,459.96,247.43080487279667,541.07,17.634142099313,0.5969223280047357,Medium
Buldhana,MINOR PULSES,2000,169.7,211.4,22.21,-62.37098771756696,541.07,486.99666666666667,181.11859549293476,264.0,-45.79018336881156,0.8250797669956386,High
Buldhana,MINOR PULSES,2001,161.2,632.4,21.82,12.566638445651169,264.0,479.99666666666667,192.8545452752756,560.17,16.702893770095617,0.5752361398033069,Low
Buldhana,MINOR PULSES,2002,176.6,719.7,21.86,28.10596092557741,560.17,455.08,165.7554744193989,389.58,-14.393073745275556,0.6188796598082258,Medium
Buldhana,MINOR PULSES,2003,181.4,559.4,21.84,-0.4272967322940166,389.58,404.5833333333333,148.65393446973854,631.75,56.148300720906285,0.5096149467172217,Low
Buldhana,MINOR PULSES,2004,163.5,452.4,21.61,-19.47320171914518,631.75,527.1666666666666,124.41258872531087,361.77,-31.3746443250079,0.728334193190792,High
Buldhana,MINOR PULSES,2005,122.0,502.2,21.77,-10.608845940218188,361.77,461.0333333333333,148.49742163867137,170.16,-63.09160581302871,0.783516961424317,High
Buldhana,MINOR PULSES,2006,117.1,843.7,21.620625,50.177850816881566,170.16,387.8933333333334,231.90117169461078,480.36,23.838168568678668,0.5023379308030451,Low
Buldhana,MINOR PULSES,2007,125.3,580.3,21.82,3.292884709062889,480.36,337.43,156.52583396998722,670.39,98.67528079898052,0.41179183359059535,Low
Buldhana,MINOR PULSES,2008,80.1,547.5,21.79,-2.5454861654111047,670.39,440.30333333333334,252.5092387088705,128.21,-70.88143779667048,0.7880808670864047,High
Buldhana,MINOR PULSES,2009,82.02,548.1,22.53,-2.4386866981951125,128.21,426.32,275.10003507815117,412.22,-3.307374741977849,0.6415072969544526,Medium
Buldhana,MINOR PULSES,2012,84.2,491.0,22.1428125,-12.602435994916625,412.22,403.60666666666674,271.19260726157955,641.92,59.04593581209424,0.5219301579420764,Low
Buldhana,MINOR PULSES,2013,168.0,656.8,21.95,16.909816779101337,641.92,394.11666666666673,257.333031368562,678.57,72.17490590772613,0.4484140394942009,Low
Buldhana,MINOR PULSES,2014,26.3,560.8,22.97,-0.17809797545671566,678.57,577.57,144.36506675785498,323.19,-44.043146285298754,0.7263158481418619,High
Buldhana,MINOR PULSES,2015,25.43,453.7,22.97,-19.241802873510537,323.19,547.8933333333333,195.45970590721063,269.18,-50.86999902657451,0.7702207446527327,High
Buldhana,MINOR PULSES,2016,28.96,417.1882352941177,20.89597426470588,-25.74086456968343,269.18,423.6466666666667,222.41560069683356,794.0,87.42033455552581,0.48051681425546416,Low
Buldhana,MINOR PULSES,2017,30.64,417.1882352941177,20.89597426470588,-25.74086456968343,794.0,462.1233333333334,288.67951335924977,569.25,23.18140179028685,0.6197011685796847,Medium
Buldhana,OILSEEDS,1999,107.6,545.2,21.38,-2.9548841230723832,781.8,602.4399999999999,253.65334454723833,1136.06,88.57645574663037,0.44321398176939375,Low
Buldhana,OILSEEDS,2000,96.3,211.4,22.21,-62.37098771756696,1136.06,780.3133333333332,356.4923249290696,656.28,-15.895324100574967,0.7603075719146751,High
Buldhana,OILSEEDS,2001,87.7,632.4,21.82,12.566638445651169,656.28,858.0466666666666,248.81193245769657,1256.9,46.4838742259551,0.5107106821491598,Low
Buldhana,OILSEEDS,2002,91.0,719.7,21.86,28.10596092557741,1256.9,1016.4133333333333,317.68315934801046,1137.36,11.899358528682551,0.5619127232148399,Low
Buldhana,OILSEEDS,2003,98.3,559.4,21.84,-0.4272967322940166,1137.36,1016.8466666666667,317.92875575092825,1570.6,54.457899257180685,0.5132774832219483,Low
Buldhana,OILSEEDS,2004,152.5,452.4,21.61,-19.47320171914518,1570.6,1321.6200000000001,223.7537333766749,888.39,-32.780224270213836,0.7313796164053946,High
Buldhana,OILSEEDS,2005,175.3,502.2,21.77,-10.608845940218188,888.39,1198.7833333333333,345.2278094727211,513.46,-57.16824002113253,0.7706830022085848,High
Buldhana,OILSEEDS,2006,191.1,843.7,21.620625,50.177850816881566,513.46,990.8166666666666,535.9614365169693,1186.45,19.74465508250771,0.5112072100230527,Low
Buldhana,OILSEEDS,2007,207.8,580.3,21.82,3.292884709062889,1186.45,862.7666666666668,337.2258908110903,1889.75,119.03372870223694,0.3676818631336868,Low
Buldhana,OILSEEDS,2008,255.0,547.5,21.79,-2.5454861654111047,1889.75,1196.5533333333335,688.2006241157686,298.98,-75.01323245098422,0.7970330888373879,High
Buldhana,OILSEEDS,2009,220.5,548.1,22.53,-2.4386866981951125,298.98,1125.0600000000002,797.1598630764096,731.75,-34.95902440758716,0.7100858712297109,High
Buldhana,OILSEEDS,2012,284.3,491.0,22.1428125,-12.602435994916625,731.75,973.4933333333333,822.47624745845,1527.44,56.902974853448754,0.5265732400191262,Low
Buldhana,OILSEEDS,2013,364.3,656.8,21.95,16.909816779101337,1527.44,852.7233333333334,623.1006366818553,1505.35,76.53439763580995,0.4389684740833841,Low
Buldhana,OILSEEDS,2014,358.5,560.8,22.97,-0.17809797545671566,1505.35,1254.8466666666666,453.14962653999135,540.86,-56.89831958220659,0.7541687236184027,High
Buldhana,OILSEEDS,2015,359.4,453.7,22.97,-19.241802873510537,540.86,1191.2166666666667,563.3336821399317,457.71,-61.57625956654961,0.793417642489268,High
Buldhana,PEARL MILLET,1999,7.5,545.2,21.38,-2.9548841230723832,527.27,474.645,74.42298871988413,506.67,6.7471478684069215,0.6205108155049536,Medium
Buldhana,PEARL MILLET,2000,7.9,211.4,22.21,-62.37098771756696,506.67,485.32,55.77864734824609,620.25,27.802274787768898,0.6656294409902457,Medium
Buldhana,PEARL MILLET,2001,7.8,632.4,21.82,12.566638445651169,620.25,551.3966666666666,60.51178507806006,371.79,-32.57304179084627,0.6820006668516585,High
Buldhana,PEARL MILLET,2002,5.7,719.7,21.86,28.10596092557741,371.79,499.57,124.38207427117463,631.58,26.424725263726817,0.5304410952890155,Low
Buldhana,PEARL MILLET,2003,4.2,559.4,21.84,-0.4272967322940166,631.58,541.2066666666667,146.82846261312326,452.38,-16.412707406905565,0.6668304643269567,Medium
Buldhana,PEARL MILLET,2004,4.2,452.4,21.61,-19.47320171914518,452.38,485.25,132.97758720927376,452.38,-6.773827923750645,0.675032424321579,High
Buldhana,PEARL MILLET,2005,4.2,502.2,21.77,-10.608845940218188,452.38,512.1133333333333,103.46116823878099,500.0,-2.3653618339690454,0.6519434328034597,Medium
Buldhana,PEARL MILLET,2006,3.7,843.7,21.620625,50.177850816881566,500.0,468.25333333333333,27.493419818809983,486.49,3.894615450326037,0.5455489625593318,Low
Buldhana,PEARL MILLET,2007,3.0,580.3,21.82,3.292884709062889,486.49,479.6233333333333,24.541382058338392,540.0,12.588350580664006,0.5983135157296594,Medium
Buldhana,PEARL MILLET,2008,3.7,547.5,21.79,-2.5454861654111047,540.0,508.83,27.826366992476764,540.54,6.231943871234004,0.6210018734731685,Medium
Buldhana,PEARL MILLET,2009,3.5,548.1,22.53,-2.4386866981951125,540.54,522.3433333333334,31.051071371747103,731.43,40.0285891144394,0.547612708599195,Low
Buldhana,PEARL MILLET,2012,1.9,491.0,22.1428125,-12.602435994916625,731.43,603.9899999999999,110.36660772171984,1105.26,82.99309591218402,0.47004464439205484,Low
Buldhana,PEARL MILLET,2013,3.5,656.8,21.95,16.909816779101337,1105.26,792.41,287.2561398821616,657.14,-17.070708345427242,0.6417795370420554,Medium
Buldhana,PEARL MILLET,2014,1.7,560.8,22.97,-0.17809797545671566,657.14,831.2766666666666,240.16640321521518,176.47,-78.77120733971441,0.8015599804261784,High
Buldhana,PEARL MILLET,2015,1.9,453.7,22.97,-19.241802873510537,176.47,646.2900000000001,464.4900514542804,105.26,-83.71319376750375,0.8413809999245089,High
Buldhana,PEARL MILLET,2016,2.09,417.1882352941177,20.89597426470588,-25.74086456968343,105.26,312.95666666666665,300.19050823324415,334.93,7.021206343796274,0.6547149253802975,Medium
Buldhana,PEARL MILLET,2017,2.18,417.1882352941177,20.89597426470588,-25.74086456968343,334.93,205.55333333333337,117.56469467205477,458.72,123.16349365939088,0.40307330286401466,Low
Buldhana,PIGEONPEA,1999,55.7,545.2,21.38,-2.9548841230723832,961.04,715.52,347.21771383384225,759.43,6.13679561717352,0.6218332453826215,Medium
Buldhana,PIGEONPEA,2000,59.1,211.4,22.21,-62.37098771756696,759.43,730.1566666666666,246.82537639662038,404.4,-44.61462608481285,0.8225327262136498,High
Buldhana,PIGEONPEA,2001,58.3,632.4,21.82,12.566638445651169,404.4,708.29,281.8217470317009,672.38,-5.069957220912334,0.6224106502836669,Medium
Buldhana,PIGEONPEA,2002,57.4,719.7,21.86,28.10596092557741,672.38,612.07,185.03931284999956,712.54,16.414789158102817,0.5521292901844618,Low
Buldhana,PIGEONPEA,2003,59.5,559.4,21.84,-0.4272967322940166,712.54,596.44,167.5193350034557,695.8,16.65884246529406,0.5951754396040964,Medium
Buldhana,PIGEONPEA,2004,61.6,452.4,21.61,-19.47320171914518,695.8,693.5733333333333,20.172380457778353,615.26,-11.29128378638163,0.6848202453572468,High
Buldhana,PIGEONPEA,2005,60.8,502.2,21.77,-10.608845940218188,615.26,674.5333333333333,52.01012337356402,513.16,-23.923700336034788,0.6986531662244464,High
Buldhana,PIGEONPEA,2006,60.3,843.7,21.620625,50.177850816881566,513.16,608.0733333333333,91.53184436759331,805.97,32.54486849173895,0.4834734143031441,Low
Buldhana,PIGEONPEA,2007,66.3,580.3,21.82,3.292884709062889,805.97,644.7966666666667,148.62279446078702,993.97,54.15247183866747,0.508257919670952,Low
Buldhana,PIGEONPEA,2008,59.6,547.5,21.79,-2.5454861654111047,993.97,771.0333333333334,242.30144868187108,508.39,-34.063810470796774,0.7083093412139442,High
Buldhana,PIGEONPEA,2009,62.1,548.1,22.53,-2.4386866981951125,508.39,769.4433333333333,244.842055483394,1155.23,50.13841175221915,0.5257080928840785,Low
Buldhana,PIGEONPEA,2012,84.1,491.0,22.1428125,-12.602435994916625,1155.23,885.8633333333333,336.69835897036006,521.88,-41.087978205818054,0.7388869716468299,High
Buldhana,PIGEONPEA,2013,21.1,656.8,21.95,16.909816779101337,521.88,728.5,369.62056855645903,701.42,-3.717227179135215,0.6128469945151858,Medium
Buldhana,PIGEONPEA,2014,69.6,560.8,22.97,-0.17809797545671566,701.42,792.8433333333332,326.42261722088654,265.8,-66.47509175835495,0.7749183966666551,High
Buldhana,PIGEONPEA,2015,72.6,453.7,22.97,-19.241802873510537,265.8,496.3666666666666,218.92782768148302,333.33,-32.84601437109663,0.7311687778993274,High
Buldhana,PIGEONPEA,2016,77.86,417.1882352941177,20.89597426470588,-25.74086456968343,333.33,433.51666666666665,234.45516038964266,828.16,91.033024489639,0.472689319398245,Low
Buldhana,PIGEONPEA,2017,76.19,417.1882352941177,20.89597426470588,-25.74086456968343,828.16,475.7633333333333,307.04663038915294,627.18,31.826047965024618,0.6009711018678152,Medium
Buldhana,RICE,1999,0.2,545.2,21.38,-2.9548841230723832,800.0,614.285,262.6406717361194,500.0,-18.60455651692618,0.6754395083396588,High
Buldhana,RICE,2000,0.2,211.4,22.21,-62.37098771756696,500.0,576.1899999999999,197.08817392223207,1000.0,73.55386244120865,0.56650100107479,Low
Buldhana,RICE,2001,0.2,632.4,21.82,12.566638445651169,1000.0,766.6666666666666,251.6611478423584,1000.0,30.43478260869566,0.5454837139864394,Low
Buldhana,RICE,2002,0.1,719.7,21.86,28.10596092557741,1000.0,833.3333333333334,288.6751345948129,1000.0,19.999999999999996,0.5443613333603772,Low
Buldhana,RICE,2016,0.01,417.1882352941177,20.89597426470588,-25.74086456968343,1000.0,1000.0,0.0,400.0,-60.0,0.7999275391247055,High
Buldhana,SESAMUM,1999,6.8,545.2,21.38,-2.9548841230723832,365.08,335.48,41.86072144624359,342.65,2.1372361988792052,0.6304989574555636,Medium
Buldhana,SESAMUM,2000,7.0,211.4,22.21,-62.37098771756696,342.65,337.86999999999995,29.88806283451637,242.86,-28.120282949063235,0.7867949827529781,High
Buldhana,SESAMUM,2001,6.4,632.4,21.82,12.566638445651169,242.86,316.8633333333333,65.06263315708435,390.62,23.27712262910405,0.5609919772755028,Low
Buldhana,SESAMUM,2002,6.2,719.7,21.86,28.10596092557741,390.62,325.3766666666667,75.3792440485664,241.94,-25.64310081648962,0.6432547184624416,Medium
Buldhana,SESAMUM,2003,5.9,559.4,21.84,-0.4272967322940166,241.94,291.8066666666667,85.57609323481257,322.03,10.357314203468038,0.6088287508380072,Medium
Buldhana,SESAMUM,2004,5.8,452.4,21.61,-19.47320171914518,322.03,318.19666666666666,74.41408759995204,189.66,-40.39535297876575,0.7478790619405354,High
Buldhana,SESAMUM,2005,1.6,502.2,21.77,-10.608845940218188,189.66,251.21,66.6701124942804,250.0,-0.4816687233788496,0.6478620977305278,Medium
Buldhana,SESAMUM,2006,5.9,843.7,21.620625,50.177850816881566,250.0,253.89666666666665,66.27097579886187,220.34,-13.21666294686814,0.5826233990864624,Low
Buldhana,SESAMUM,2007,5.5,580.3,21.82,3.292884709062889,220.34,220.0,30.171436823592067,345.45,57.022727272727266,0.5020390328971766,Low
Buldhana,SESAMUM,2008,3.0,547.5,21.79,-2.5454861654111047,345.45,271.93,65.37447284682304,233.33,-14.194829551722869,0.6652598825560941,Medium
Buldhana,SESAMUM,2009,2.1,548.1,22.53,-2.4386866981951125,233.33,266.37333333333333,68.78971168229545,319.05,19.775503053358698,0.5914943950647236,Medium
Buldhana,SESAMUM,2012,0.9,491.0,22.1428125,-12.602435994916625,319.05,299.2766666666667,58.61708055962303,166.67,-44.30905628014213,0.7458659741411755,High
Buldhana,SESAMUM,2013,0.8,656.8,21.95,16.909816779101337,166.67,239.68333333333337,76.38841360660221,250.0,4.304290383144413,0.5954670397969711,Medium
Buldhana,SESAMUM,2014,0.8,560.8,22.97,-0.17809797545671566,250.0,245.24,76.30143707689915,250.0,1.940955798401562,0.6266836269608433,Medium
Buldhana,SESAMUM,2015,2.1,453.7,22.97,-19.241802873510537,250.0,222.22333333333333,48.11059793157144,204.76,-7.858460707696464,0.6770290782954742,High
Buldhana,SESAMUM,2016,1.94,417.1882352941177,20.89597426470588,-25.74086456968343,204.76,234.92,26.11932617813867,297.01,26.430274135876047,0.6126619451642648,Medium
Buldhana,SESAMUM,2017,1.82,417.1882352941177,20.89597426470588,-25.74086456968343,297.01,250.59,46.127829994483804,213.11,-14.956702182848472,0.7023337271878691,High
Buldhana,SOYABEAN,1999,69.5,545.2,21.38,-2.9548841230723832,1099.2,954.3,204.91954518786156,1437.41,50.62454154877922,0.5254431291977971,Low
Buldhana,SOYABEAN,2000,68.1,211.4,22.21,-62.37098771756696,1437.41,1115.3366666666668,314.3158189358808,754.77,-32.32805640150509,0.7959118252332383,High
Buldhana,SOYABEAN,2001,70.5,632.4,21.82,12.566638445651169,754.77,1097.1266666666668,341.3247228568909,1446.81,31.872649162357412,0.5423683364535159,Low
Buldhana,SOYABEAN,2002,78.6,719.7,21.86,28.10596092557741,1446.81,1212.9966666666667,396.86376570976273,1251.91,3.2080329981670803,0.5807439285308938,Low
Buldhana,SOYABEAN,2003,87.9,559.4,21.84,-0.4272967322940166,1251.91,1151.1633333333332,356.85047083243904,1705.35,48.141445320530835,0.5269631334179774,Low
Buldhana,SOYABEAN,2004,141.2,452.4,21.61,-19.47320171914518,1705.35,1468.0233333333335,227.46310147655544,935.55,-36.27144890975848,0.7389439364577162,High
Buldhana,SOYABEAN,2005,162.5,502.2,21.77,-10.608845940218188,935.55,1297.6033333333332,386.9288313544669,526.15,-59.452169512511524,0.7756315161065561,High
Buldhana,SOYABEAN,2006,172.7,843.7,21.620625,50.177850816881566,526.15,1055.6833333333334,598.708755016438,1255.94,18.96938791619962,0.5128869555500479,Low
Buldhana,SOYABEAN,2007,190.5,580.3,21.82,3.292884709062889,1255.94,905.8800000000001,365.79856847724216,2007.3,121.58564048218304,0.362152720943822,Low
Buldhana,SOYABEAN,2008,240.0,547.5,21.79,-2.5454861654111047,2007.3,1263.13,740.6011765451093,286.25,-77.33804121507684,0.8020701744929051,High
Buldhana,SOYABEAN,2009,212.8,548.1,22.53,-2.4386866981951125,286.25,1183.1633333333334,862.8299994977766,735.39,-37.84543695009706,0.7163397650717949,High
Buldhana,SOYABEAN,2012,279.5,491.0,22.1428125,-12.602435994916625,735.39,1009.6466666666666,892.7014142664573,1539.61,52.489979993000844,0.5361347288833981,Low
Buldhana,SOYABEAN,2013,323.2,656.8,21.95,16.909816779101337,1539.61,853.75,635.0075901908568,1482.05,73.59297218155197,0.44534156256758844,Low
Buldhana,SOYABEAN,2014,352.5,560.8,22.97,-0.17809797545671566,1482.05,1252.3500000000001,448.6245864862959,536.45,-57.16453068231725,0.7547455143353072,High
Buldhana,SOYABEAN,2015,352.4,453.7,22.97,-19.241802873510537,536.45,1186.0366666666669,563.2942539502184,455.16,-61.623446155402725,0.7935198800984495,High
Buldhana,SOYABEAN,2016,365.01,417.1882352941177,20.89597426470588,-25.74086456968343,455.16,824.5533333333334,570.8576145006147,1927.62,133.77747952426768,0.3800763334901916,Low
Buldhana,SOYABEAN,2017,370.29,417.1882352941177,20.89597426470588,-25.74086456968343,1927.62,973.0766666666668,827.6573852949858,1187.18,22.002719895314847,0.6222549793521155,Medium
Buldhana,SUGARCANE,1999,0.8,545.2,21.38,-2.9548841230723832,8137.5,10938.75,3961.5657415976325,9450.0,-13.609873157353444,0.664617694393954,Medium
Buldhana,SUGARCANE,2000,1.2,211.4,22.21,-62.37098771756696,9450.0,10442.5,2930.1525130955215,8633.33,-17.325065836724924,0.763405345676323,High
Buldhana,SUGARCANE,2001,1.1,632.4,21.82,12.566638445651169,8633.33,8740.276666666667,662.7535398874406,8127.27,-7.013584238180099,0.6266218421543996,Medium
Buldhana,SUGARCANE,2002,1.3,719.7,21.86,28.10596092557741,8127.27,8736.866666666667,667.4155708652092,6461.54,-26.042822369575667,0.6441207818274586,Medium
Buldhana,SUGARCANE,2003,1.0,559.4,21.84,-0.4272967322940166,6461.54,7740.713333333333,1136.3263146796048,6920.0,-10.602554286555845,0.6542417992329076,Medium
Buldhana,SUGARCANE,2004,0.7,452.4,21.61,-19.47320171914518,6920.0,7169.6033333333335,860.459456472722,8157.14,13.773937284303504,0.6305122663709434,Medium
Buldhana,SUGARCANE,2005,0.3,502.2,21.77,-10.608845940218188,8157.14,7179.56,877.0937151752933,3866.67,-46.14335697452211,0.7467957556076751,High
Buldhana,SUGARCANE,2006,1.4,843.7,21.620625,50.177850816881566,3866.67,6314.603333333333,2208.373167794187,6800.0,7.6868908630312625,0.5373323658318312,Low
Buldhana,SUGARCANE,2007,2.8,580.3,21.82,3.292884709062889,6800.0,6274.603333333333,2192.957922130138,5903.57,-5.913255605533623,0.638400329132954,Medium
Buldhana,SUGARCANE,2008,2.2,547.5,21.79,-2.5454861654111047,5903.57,5523.413333333333,1503.1618477839743,5586.36,1.1396334633656493,0.6320352126901798,Medium
Buldhana,SUGARCANE,2009,1.4,548.1,22.53,-2.4386866981951125,5586.36,6096.643333333333,629.4350613314554,6957.14,14.114269436788444,0.6037604012339182,Medium
Buldhana,SUGARCANE,2012,0.1,491.0,22.1428125,-12.602435994916625,6957.14,6149.0233333333335,717.5966528860995,4400.0,-28.44392090451221,0.7114915141607585,High
Buldhana,SUGARCANE,2013,0.1,656.8,21.95,16.909816779101337,4400.0,5647.833333333333,1279.6778785824706,8100.0,43.41782984625374,0.5107210376271833,Low
Buldhana,SUGARCANE,2014,0.3,560.8,22.97,-0.17809797545671566,8100.0,6485.713333333333,1894.5137440866808,6233.33,-3.8913735523309163,0.639320340554055,Medium
Buldhana,SUGARCANE,2015,0.3,453.7,22.97,-19.241802873510537,6233.33,6244.443333333334,1850.0250348666457,5000.0,-19.928811375233344,0.7031815047417169,High
Buldhana,SUGARCANE,2016,0.54,417.1882352941177,20.89597426470588,-25.74086456968343,5000.0,6444.443333333334,1560.7455364771458,6672.9,3.5450178525892744,0.6622466671112209,Medium
Buldhana,SUGARCANE,2017,0.26,417.1882352941177,20.89597426470588,-25.74086456968343,6672.9,5968.743333333333,867.2676522466024,5019.46,-15.90424114958871,0.7043867282824661,High
Buldhana,SUNFLOWER,1999,11.8,545.2,21.38,-2.9548841230723832,531.75,416.28,163.2992400472213,567.8,36.39857788027289,0.5562660504794581,Low
Buldhana,SUNFLOWER,2000,8.3,211.4,22.21,-62.37098771756696,567.8,466.78666666666663,144.86576901854122,554.22,18.73089776914509,0.6852840911971985,High
Buldhana,SUNFLOWER,2001,2.9,632.4,21.82,12.566638445651169,554.22,551.2566666666667,18.206774380250312,551.72,0.08405038185479843,0.611243633811042,Medium
Buldhana,SUNFLOWER,2002,1.4,719.7,21.86,28.10596092557741,551.72,557.9133333333333,8.652868503180837,571.43,2.4227179848722,0.5824454443930271,Low
Buldhana,SUNFLOWER,2003,1.3,559.4,21.84,-0.4272967322940166,571.43,559.1233333333333,10.730938138547742,461.54,-17.452917364683994,0.6690842525688026,Medium
Buldhana,SUNFLOWER,2004,2.6,452.4,21.61,-19.47320171914518,461.54,528.23,58.59000000000005,500.0,-5.344262915775328,0.671935033470976,Medium
Buldhana,SUNFLOWER,2005,3.6,502.2,21.77,-10.608845940218188,500.0,510.99,55.763232510319966,333.33,-34.767803675218694,0.7221487234592665,High
Buldhana,SUNFLOWER,2006,5.0,843.7,21.620625,50.177850816881566,333.33,431.6233333333333,87.26956762430618,640.0,48.277433255848095,0.4493861906476879,Low
Buldhana,SUNFLOWER,2007,5.6,580.3,21.82,3.292884709062889,640.0,491.10999999999996,153.52816126040204,691.07,40.71592922155935,0.5373704286745893,Low
Buldhana,SUNFLOWER,2008,8.2,547.5,21.79,-2.5454861654111047,691.07,554.8000000000001,193.4909736912811,548.78,-1.0850757029560372,0.6368554158838606,Medium
Buldhana,SUNFLOWER,2009,1.8,548.1,22.53,-2.4386866981951125,548.78,626.6166666666667,72.08291221456979,605.56,-3.360374497965273,0.6416221297590916,Medium
Buldhana,SUNFLOWER,2012,1.4,491.0,22.1428125,-12.602435994916625,605.56,615.1366666666667,71.62677874463834,435.71,-29.168585842712464,0.7130616215268539,High
Buldhana,SUNFLOWER,2013,0.7,656.8,21.95,16.909816779101337,435.71,530.0166666666667,86.46561532385789,571.43,7.813590767585919,0.5878635556307066,Medium
Buldhana,SUNFLOWER,2014,0.1,560.8,22.97,-0.17809797545671566,571.43,537.5666666666666,89.84597727963877,0.0,-100.0,0.8475556978566438,High
Buldhana,SUNFLOWER,2015,0.15,453.7,22.97,-19.241802873510537,0.0,335.7133333333333,298.55076826786654,200.0,-40.42536290883094,0.7475906997310304,High
Buldhana,SUNFLOWER,2016,0.05,417.1882352941177,20.89597426470588,-25.74086456968343,200.0,257.14333333333326,289.96910461863575,420.0,63.3330308647577,0.5327059722519545,Low
Buldhana,SUNFLOWER,2017,0.04,417.1882352941177,20.89597426470588,-25.74086456968343,420.0,206.66666666666666,210.07935008784972,538.46,160.54516129032262,0.3220796896639325,Low
Chandrapur,COTTON,1999,54.4,815.6,22.7946875,0.18260608019168992,142.88,123.43,27.506453788156687,190.81,54.589645953171825,0.5120606111192619,Low
Chandrapur,COTTON,2000,55.4,471.9,23.45,-42.03510077336629,190.81,145.89000000000001,43.493186822765686,111.73,-23.41490163822058,0.7455437784930634,High
Chandrapur,COTTON,2001,61.5,765.1,23.09,-6.020461118250782,111.73,148.47333333333333,39.83560760592629,119.67,-19.39966772933411,0.681843884654509,High
Chandrapur,COTTON,2002,56.5,573.6,22.9165625,-29.54298326679996,119.67,140.73666666666668,43.54612420564352,129.38,-8.069444115487565,0.6932177892008743,High
Chandrapur,COTTON,2003,51.9,985.5,22.7,21.051935130001112,129.38,120.25999999999999,8.839779409012412,210.4,74.95426575752539,0.43606640381451567,Low
Chandrapur,COTTON,2004,50.0,612.9,22.92,-24.715645823259585,210.4,153.15,49.81709445561834,165.0,7.737512242899114,0.6515972532649298,Medium
Chandrapur,COTTON,2005,48.7,1204.5,23.1278125,47.952365158890245,165.0,168.26,40.608260243452925,170.84,1.533341257577566,0.5540637357027429,Low
Chandrapur,COTTON,2006,47.6,962.9,23.21,18.275909017430816,170.84,182.08,24.699052613410064,309.24,69.83743409490333,0.45139231641528094,Low
Chandrapur,COTTON,2007,50.5,1063.0,23.1265625,30.571493701868274,309.24,215.02666666666667,81.64337409326814,353.66,64.47262355056738,0.4442387122298008,Low
Chandrapur,COTTON,2008,49.4,858.0,23.15,5.390725866606752,353.66,277.91333333333336,95.3509734262494,283.0,1.830306810276577,0.618418865447611,Medium
Chandrapur,COTTON,2009,56.8,636.3,23.6340625,-21.841353299624856,283.0,315.3,35.71766509725932,242.61,-23.054234062797335,0.7139231907811572,High
Chandrapur,COTTON,2012,112.8,1207.0,22.4790625,48.25944769346661,242.61,293.09,56.20837748948089,421.63,43.85683578423011,0.4618938658512246,Low
Chandrapur,COTTON,2013,112.4,1441.6,22.8484375,77.07607273811222,421.63,315.74666666666667,93.89514488690727,336.92,6.705797897048271,0.4983801015370148,Low
Chandrapur,COTTON,2014,127.9,776.3,23.64,-4.644731363348697,336.92,333.71999999999997,89.55288995895091,213.21,-36.11111111111111,0.7159510485841076,High
Chandrapur,COTTON,2015,161.0,701.6,23.64,-13.820357496490326,213.21,323.92,104.8163827843719,234.91,-27.479007162262292,0.7112608322120129,High
Chandrapur,COTTON,2016,167.7,417.1882352941177,20.89597426470588,-48.755511724177396,234.91,261.68,66.05691258301427,605.15,131.2557321919902,0.4206872339207829,Low
Chandrapur,COTTON,2017,170.69,417.1882352941177,20.89597426470588,-48.755511724177396,605.15,351.09,220.28977552305957,366.76,4.463243043094368,0.6954042937424749,High
Chandrapur,GROUNDNUT,1999,0.3,815.6,22.7946875,0.18260608019168992,1000.0,1000.0,0.0,900.0,-10.0,0.6520048440173345,Medium
Chandrapur,GROUNDNUT,2000,0.1,471.9,23.45,-42.03510077336629,900.0,966.6666666666666,57.73502691896256,2000.0,106.89655172413795,0.4632022962088943,Low
Chandrapur,GROUNDNUT,2001,0.1,765.1,23.09,-6.020461118250782,2000.0,1300.0,608.276253029822,1000.0,-23.076923076923077,0.6898112712409251,High
Chandrapur,GROUNDNUT,2002,0.1,573.6,22.9165625,-29.54298326679996,1000.0,1300.0,608.276253029822,2000.0,53.84615384615385,0.5590673269510984,Low
Chandrapur,GROUNDNUT,2003,0.1,985.5,22.7,21.051935130001112,2000.0,1666.6666666666667,577.3502691896257,1000.0,-40.0,0.6851339796216571,High
Chandrapur,GROUNDNUT,2004,0.1,612.9,22.92,-24.715645823259585,1000.0,1333.3333333333333,577.3502691896257,1000.0,-24.999999999999993,0.7225285297909747,High
Chandrapur,GROUNDNUT,2005,0.1,1204.5,23.1278125,47.952365158890245,1000.0,1333.3333333333333,577.3502691896257,1000.0,-24.999999999999993,0.611552641760636,Medium
Chandrapur,GROUNDNUT,2006,0.1,962.9,23.21,18.275909017430816,1000.0,1000.0,0.0,1000.0,0.0,0.6027067569537339,Medium
Chandrapur,GROUNDNUT,2007,0.2,1063.0,23.1265625,30.571493701868274,1000.0,1000.0,0.0,1500.0,50.0,0.4755960632559256,Low
Chandrapur,GROUNDNUT,2008,0.1,858.0,23.15,5.390725866606752,1500.0,1166.6666666666667,288.67513459481285,1000.0,-14.28571428571429,0.6533369111554749,Medium
Chandrapur,GROUNDNUT,2009,0.1,636.3,23.6340625,-21.841353299624856,1000.0,1166.6666666666667,288.67513459481285,1000.0,-14.28571428571429,0.6949247312642073,High
Chandrapur,GROUNDNUT,2012,0.02,1207.0,22.4790625,48.25944769346661,1000.0,1166.6666666666667,288.67513459481285,2000.0,71.42857142857142,0.4021551052886842,Low
Chandrapur,GROUNDNUT,2015,0.01,701.6,23.64,-13.820357496490326,2000.0,1333.3333333333333,577.3502691896258,2000.0,50.000000000000014,0.5433896500276707,Low
Chandrapur,GROUNDNUT,2016,0.11,417.1882352941177,20.89597426470588,-48.755511724177396,2000.0,1666.6666666666667,577.3502691896258,700.0,-58.00000000000001,0.8307413203353948,High
Chandrapur,GROUNDNUT,2017,0.03,417.1882352941177,20.89597426470588,-48.755511724177396,700.0,1566.6666666666667,750.5553499465135,1166.67,-25.53170212765957,0.760393341612225,High
Chandrapur,KHARIF SORGHUM,1999,19.0,815.6,22.7946875,0.18260608019168992,900.0,759.3199999999999,198.95156395464707,1078.95,42.09424221672024,0.5391339858814834,Low
Chandrapur,KHARIF SORGHUM,2000,17.7,471.9,23.45,-42.03510077336629,1078.95,865.8633333333333,232.0459179415431,1751.41,102.27326098422,0.47321942614534984,Low
Chandrapur,KHARIF SORGHUM,2001,17.2,765.1,23.09,-6.020461118250782,1751.41,1243.4533333333336,448.9106336826222,1098.84,-11.629976731468302,0.665009554159189,Medium
Chandrapur,KHARIF SORGHUM,2002,15.2,573.6,22.9165625,-29.54298326679996,1098.84,1309.7333333333333,382.6324756647473,1157.89,-11.593454138246964,0.7008531442501609,High
Chandrapur,KHARIF SORGHUM,2003,14.1,985.5,22.7,21.051935130001112,1157.89,1336.0466666666669,360.92485316660225,1000.0,-25.152315038895857,0.652963995539372,Medium
Chandrapur,KHARIF SORGHUM,2004,10.7,612.9,22.92,-24.715645823259585,1000.0,1085.5766666666668,79.77624980740372,971.96,-10.466019596343582,0.6910382389164907,High
Chandrapur,KHARIF SORGHUM,2005,8.8,1204.5,23.1278125,47.952365158890245,971.96,1043.2833333333335,100.23759989810847,1306.82,25.260315989584136,0.5026552904502334,Low
Chandrapur,KHARIF SORGHUM,2006,7.7,962.9,23.21,18.275909017430816,1306.82,1092.9266666666665,185.76686715701825,1311.69,20.0162865456054,0.5593381361050667,Low
Chandrapur,KHARIF SORGHUM,2007,7.0,1063.0,23.1265625,30.571493701868274,1311.69,1196.8233333333335,194.7525820967037,1254.29,4.801599790556651,0.5735259303760598,Low
Chandrapur,KHARIF SORGHUM,2008,1.8,858.0,23.15,5.390725866606752,1254.29,1290.9333333333334,31.827340971770525,1000.0,-22.536665978103702,0.6712139731555924,Medium
Chandrapur,KHARIF SORGHUM,2009,0.9,636.3,23.6340625,-21.841353299624856,1000.0,1188.66,165.8859147124914,677.78,-42.97948950919523,0.7570945775815422,High
Chandrapur,KHARIF SORGHUM,2012,2.7,1207.0,22.4790625,48.25944769346661,677.78,977.3566666666666,288.92124434408277,951.85,-2.6097603399645863,0.5625714907866441,Low
Chandrapur,KHARIF SORGHUM,2013,2.7,1441.6,22.8484375,77.07607273811222,951.85,876.5433333333334,173.8095297540763,777.78,-11.267364610230347,0.5373219536359887,Low
Chandrapur,KHARIF SORGHUM,2014,2.8,776.3,23.64,-4.644731363348697,777.78,802.4699999999999,138.6931443871677,3964.29,394.0109910650866,0.2043769745117387,Low
Chandrapur,KHARIF SORGHUM,2015,2.7,701.6,23.64,-13.820357496490326,3964.29,1897.9733333333334,1791.5980342792668,666.67,-64.87463821058252,0.7922846994831033,High
Chandrapur,KHARIF SORGHUM,2016,2.7,417.1882352941177,20.89597426470588,-48.755511724177396,666.67,1802.9133333333332,1872.631351716972,370.37,-79.45713789163464,0.877231785767115,High
Chandrapur,KHARIF SORGHUM,2017,2.22,417.1882352941177,20.89597426470588,-48.755511724177396,370.37,1667.11,1994.9249075591795,590.19,-64.59801692749728,0.8450370236782581,High
Chandrapur,MAIZE,1999,3.2,815.6,22.7946875,0.18260608019168992,1903.23,1689.71,301.96287983790324,1315.63,-22.13871019287333,0.6783053827684723,High
Chandrapur,MAIZE,2000,3.1,471.9,23.45,-42.03510077336629,1315.63,1565.0166666666667,303.70392248591935,967.74,-38.16423680258996,0.7775006713490905,High
Chandrapur,MAIZE,2001,2.2,765.1,23.09,-6.020461118250782,967.74,1395.5333333333335,472.83590391734555,2545.45,82.39979935986239,0.4612783726286517,Low
Chandrapur,MAIZE,2002,2.3,573.6,22.9165625,-29.54298326679996,2545.45,1609.6066666666666,828.9203347929963,1956.52,21.55267746571627,0.6290365257751466,Medium
Chandrapur,MAIZE,2003,2.7,985.5,22.7,21.051935130001112,1956.52,1823.2366666666667,797.2550070293275,2111.11,15.789136901225117,0.5642575163360724,Low
Chandrapur,MAIZE,2004,2.5,612.9,22.92,-24.715645823259585,2111.11,2204.36,305.33802268960886,1240.0,-43.74784517955325,0.7631488610132047,High
Chandrapur,MAIZE,2005,2.5,1204.5,23.1278125,47.952365158890245,1240.0,1769.2100000000003,464.7815993560845,1680.0,-5.042363540789406,0.5683110960991572,Low
Chandrapur,MAIZE,2006,2.6,962.9,23.21,18.275909017430816,1680.0,1677.0366666666669,435.56256041277595,1769.23,5.497395207021898,0.5907957340052261,Medium
Chandrapur,MAIZE,2007,2.7,1063.0,23.1265625,30.571493701868274,1769.23,1563.0766666666668,283.3273683097576,3037.04,94.29885077080883,0.3796152199194931,Low
Chandrapur,MAIZE,2008,2.4,858.0,23.15,5.390725866606752,3037.04,2162.09,759.0412538854525,1541.67,-28.695382708397894,0.6845578594045186,High
Chandrapur,MAIZE,2009,2.7,636.3,23.6340625,-21.841353299624856,1541.67,2115.98,805.7353976957944,1988.89,-6.006200436677092,0.6769857845913532,High
Chandrapur,MAIZE,2012,3.4,1207.0,22.4790625,48.25944769346661,1988.89,2189.2000000000003,767.5453936413143,1626.47,-25.70482367988307,0.6126107946896342,Medium
Chandrapur,MAIZE,2013,2.7,1441.6,22.8484375,77.07607273811222,1626.47,1719.0100000000002,237.53772500383982,2740.74,59.43711787598672,0.38412890824969564,Low
Chandrapur,MAIZE,2014,1.9,776.3,23.64,-4.644731363348697,2740.74,2118.7000000000003,568.3637790183326,1473.68,-30.44414027469675,0.7036726117719174,High
Chandrapur,MAIZE,2015,2.1,701.6,23.64,-13.820357496490326,1473.68,1946.9633333333334,691.6626659241723,1380.95,-29.071596965530937,0.7147114434524168,High
Chandrapur,MAIZE,2016,2.13,417.1882352941177,20.89597426470588,-48.755511724177396,1380.95,1865.1233333333332,759.7223989282749,2527.23,35.49935035574056,0.6281593945652989,Medium
Chandrapur,MAIZE,2017,2.37,417.1882352941177,20.89597426470588,-48.755511724177396,2527.23,1793.9533333333336,636.7265626886733,2309.41,28.733003088151655,0.6428198136450259,Medium
Chandrapur,MINOR PULSES,1999,66.8,815.6,22.7946875,0.18260608019168992,406.29,395.86,14.75024745555139,455.09,14.962360430455202,0.5979197297515285,Medium
Chandrapur,MINOR PULSES,2000,40.1,471.9,23.45,-42.03510077336629,455.09,415.6033333333333,35.751678748463426,379.05,-8.79524546643032,0.7138678567876233,High
Chandrapur,MINOR PULSES,2001,46.0,765.1,23.09,-6.020461118250782,379.05,413.47666666666663,38.526050061397825,482.61,16.720008384189367,0.6035845864088022,Medium
Chandrapur,MINOR PULSES,2002,33.5,573.6,22.9165625,-29.54298326679996,482.61,438.9166666666667,53.640944560413274,388.06,-11.586861591038545,0.700838860397876,High
Chandrapur,MINOR PULSES,2003,59.3,985.5,22.7,21.051935130001112,388.06,416.5733333333333,57.36659335652879,349.07,-16.20442979227347,0.6335769108384215,Medium
Chandrapur,MINOR PULSES,2004,31.1,612.9,22.92,-24.715645823259585,349.07,406.58,68.66932138881235,272.03,-33.09311820551921,0.7400636192362079,High
Chandrapur,MINOR PULSES,2005,57.4,1204.5,23.1278125,47.952365158890245,272.03,336.38666666666666,59.04566396724948,329.62,-2.0115739823219267,0.5617443853891662,Low
Chandrapur,MINOR PULSES,2006,59.6,962.9,23.21,18.275909017430816,329.62,316.90666666666664,40.06260142992897,393.46,24.156428811847867,0.5503678278615712,Low
Chandrapur,MINOR PULSES,2007,57.0,1063.0,23.1265625,30.571493701868274,393.46,331.7033333333333,60.741801367207934,486.49,46.664187878726985,0.48282365618532647,Low
Chandrapur,MINOR PULSES,2008,35.1,858.0,23.15,5.390725866606752,486.49,403.19,78.88633531860887,378.92,-6.019494531114359,0.6354267683539014,Medium
Chandrapur,MINOR PULSES,2009,24.09,636.3,23.6340625,-21.841353299624856,378.92,419.6233333333333,58.36279836791009,408.47,-2.657939262989805,0.6697312187150549,Medium
Chandrapur,MINOR PULSES,2012,51.3,1207.0,22.4790625,48.25944769346661,408.47,424.6266666666667,55.57521599898039,326.12,-23.19841743335323,0.6071802478221708,Medium
Chandrapur,MINOR PULSES,2013,67.8,1441.6,22.8484375,77.07607273811222,326.12,371.17,41.71843117855701,379.06,2.1257105908343847,0.5083036240337785,Low
Chandrapur,MINOR PULSES,2014,43.2,776.3,23.64,-4.644731363348697,379.06,371.2166666666667,41.73151127545384,219.91,-40.759664167377544,0.7260229135393179,High
Chandrapur,MINOR PULSES,2015,30.41,701.6,23.64,-13.820357496490326,219.91,308.36333333333334,81.04723951704544,395.26,28.179960868672232,0.5906664014787233,Medium
Chandrapur,MINOR PULSES,2016,44.47,417.1882352941177,20.89597426470588,-48.755511724177396,395.26,331.41,96.90096748743017,537.6,62.2159862406083,0.5702733501482784,Low
Chandrapur,MINOR PULSES,2017,39.41,417.1882352941177,20.89597426470588,-48.755511724177396,537.6,384.25666666666666,159.13057227740157,463.5,20.62250058554612,0.6603925690672794,Medium
Chandrapur,OILSEEDS,1999,166.6,815.6,22.7946875,0.18260608019168992,1556.12,1387.57,238.36569593798512,1227.61,-11.528067052473032,0.6553156559643483,Medium
Chandrapur,OILSEEDS,2000,141.2,471.9,23.45,-42.03510077336629,1227.61,1334.25,192.1930532043237,1030.45,-22.769346074573726,0.7441450747718331,High
Chandrapur,OILSEEDS,2001,140.8,765.1,23.09,-6.020461118250782,1030.45,1271.3933333333332,265.5559685515152,1137.78,-10.509205124037138,0.6625812156764297,Medium
Chandrapur,OILSEEDS,2002,144.2,573.6,22.9165625,-29.54298326679996,1137.78,1131.9466666666667,98.7093573747364,1039.88,-8.133480964945338,0.6933565357080324,High
Chandrapur,OILSEEDS,2003,176.1,985.5,22.7,21.051935130001112,1039.88,1069.3700000000001,59.43212346871112,990.97,-7.331419433872288,0.6143520550619497,Medium
Chandrapur,OILSEEDS,2004,194.8,612.9,22.92,-24.715645823259585,990.97,1056.21,74.75490418695031,869.1,-17.715227085522766,0.7067448551429933,High
Chandrapur,OILSEEDS,2005,201.5,1204.5,23.1278125,47.952365158890245,869.1,966.6500000000001,87.94912677224337,930.97,-3.691098122381427,0.565383354359283,Low
Chandrapur,OILSEEDS,2006,217.2,962.9,23.21,18.275909017430816,930.97,930.3466666666667,60.93739109392089,1045.4,12.36671634946114,0.5759122048633241,Low
Chandrapur,OILSEEDS,2007,203.7,1063.0,23.1265625,30.571493701868274,1045.4,948.4900000000001,89.44627046445332,1184.88,24.922771984944486,0.5299300572883647,Low
Chandrapur,OILSEEDS,2008,207.2,858.0,23.15,5.390725866606752,1184.88,1053.75,127.16077972393889,627.46,-40.45456702253855,0.7100360920850719,High
Chandrapur,OILSEEDS,2009,204.4,636.3,23.6340625,-21.841353299624856,627.46,952.5799999999999,290.07055762348614,341.93,-64.10485208591403,0.8028661964976137,High
Chandrapur,OILSEEDS,2012,158.32,1207.0,22.4790625,48.25944769346661,341.93,718.09,428.72079877234825,982.38,36.804578813240674,0.47717375595498407,Low
Chandrapur,OILSEEDS,2013,153.0,1441.6,22.8484375,77.07607273811222,982.38,650.5899999999999,320.85089730278196,584.31,-10.187675801964367,0.5349826278847535,Low
Chandrapur,OILSEEDS,2014,137.9,776.3,23.64,-4.644731363348697,584.31,636.2066666666666,323.36357035592874,501.09,-21.237857719189776,0.6837256662350522,High
Chandrapur,OILSEEDS,2015,126.5,701.6,23.64,-13.820357496490326,501.09,689.2599999999999,257.2370364080576,492.49,-28.54800800858891,0.7135770007123795,High
Chandrapur,PIGEONPEA,1999,29.2,815.6,22.7946875,0.18260608019168992,500.0,407.65999999999997,130.58848034953164,784.25,92.37845263209539,0.4301848633152005,Low
Chandrapur,PIGEONPEA,2000,28.5,471.9,23.45,-42.03510077336629,784.25,533.1899999999999,236.22027495538993,442.11,-17.082090811905687,0.7318226883694268,High
Chandrapur,PIGEONPEA,2001,28.9,765.1,23.09,-6.020461118250782,442.11,575.4533333333334,183.12522773592215,806.23,40.10345466762436,0.552920452794862,Low
Chandrapur,PIGEONPEA,2002,28.5,573.6,22.9165625,-29.54298326679996,806.23,677.5300000000001,204.17569003189402,371.93,-45.10501380012693,0.7734615235173254,High
Chandrapur,PIGEONPEA,2003,28.7,985.5,22.7,21.051935130001112,371.93,540.09,233.13983529204103,682.93,26.44744394452775,0.5411645177423269,Low
Chandrapur,PIGEONPEA,2004,27.4,612.9,22.92,-24.715645823259585,682.93,620.3633333333333,223.8080948789238,317.52,-48.81709105954038,0.7741322270864736,High
Chandrapur,PIGEONPEA,2005,25.4,1204.5,23.1278125,47.952365158890245,317.52,457.46000000000004,197.14880851782993,417.32,-8.774537664495265,0.5763974733671596,Low
Chandrapur,PIGEONPEA,2006,25.5,962.9,23.21,18.275909017430816,417.32,472.59,188.87084661217565,458.82,-2.9137307179584804,0.6090198401759561,Medium
Chandrapur,PIGEONPEA,2007,36.0,1063.0,23.1265625,30.571493701868274,458.82,397.8866666666666,72.62687748577171,677.78,70.34498936045442,0.431515252975088,Low
Chandrapur,PIGEONPEA,2008,31.9,858.0,23.15,5.390725866606752,677.78,517.9733333333334,139.94352622873745,601.88,16.199032125205925,0.587286627265368,Medium
Chandrapur,PIGEONPEA,2009,36.4,636.3,23.6340625,-21.841353299624856,601.88,579.4933333333333,111.1833734572456,1102.2,90.20063503750403,0.46853764106465556,Low
Chandrapur,PIGEONPEA,2012,40.5,1207.0,22.4790625,48.25944769346661,1102.2,793.9533333333333,269.6334699797735,1347.65,69.73919541870642,0.40581541997671283,Low
Chandrapur,PIGEONPEA,2013,36.7,1441.6,22.8484375,77.07607273811222,1347.65,1017.2433333333335,380.0742685756739,847.41,-16.695448155636324,0.5490828013176624,Low
Chandrapur,PIGEONPEA,2014,42.8,776.3,23.64,-4.644731363348697,847.41,1099.0866666666668,250.13453186901938,500.0,-54.50768213607663,0.7558102858047333,High
Chandrapur,PIGEONPEA,2015,43.3,701.6,23.64,-13.820357496490326,500.0,898.3533333333335,426.1150643116638,646.65,-28.018300149161814,0.7124293003502912,High
Chandrapur,PIGEONPEA,2016,44.79,417.1882352941177,20.89597426470588,-48.755511724177396,646.65,664.6866666666666,174.40590022511614,1829.36,175.22140758051412,0.3254282705792986,Low
Chandrapur,PIGEONPEA,2017,45.73,417.1882352941177,20.89597426470588,-48.755511724177396,1829.36,992.0033333333334,728.8698073272985,1303.28,31.378590797745957,0.637087706940924,Medium
Chandrapur,RICE,1999,288.5,815.6,22.7946875,0.18260608019168992,1169.96,1206.365,51.48444473819249,1444.02,19.70009076854849,0.5876546473523606,Medium
Chandrapur,RICE,2000,287.1,471.9,23.45,-42.03510077336629,1444.02,1285.5833333333333,141.95758885432414,804.25,-37.44085045699099,0.7759333342669646,High
Chandrapur,RICE,2001,298.3,765.1,23.09,-6.020461118250782,804.25,1139.41,320.97724233970223,1306.74,14.685670654110453,0.6079923181572919,Medium
Chandrapur,RICE,2002,286.6,573.6,22.9165625,-29.54298326679996,1306.74,1185.0033333333333,336.8104440680741,651.43,-45.027158854686775,0.7732928378022057,High
Chandrapur,RICE,2003,289.5,985.5,22.7,21.051935130001112,651.43,920.8066666666667,342.85112138263906,1335.75,45.06302444957681,0.5008307599815217,Low
Chandrapur,RICE,2004,288.9,612.9,22.92,-24.715645823259585,1335.75,1097.9733333333334,386.98980145907365,811.7,-26.07288580171953,0.7248531156946926,High
Chandrapur,RICE,2005,284.4,1204.5,23.1278125,47.952365158890245,811.7,932.96,357.912637804255,1539.38,64.99957125707427,0.41655357070429183,Low
Chandrapur,RICE,2006,282.2,962.9,23.21,18.275909017430816,1539.38,1228.9433333333334,375.41349687156077,1435.15,16.779184285687165,0.5663518576681994,Low
Chandrapur,RICE,2007,316.1,1063.0,23.1265625,30.571493701868274,1435.15,1262.0766666666668,393.50391311057297,1528.44,21.105162655200544,0.5382015441694491,Low
Chandrapur,RICE,2008,311.5,858.0,23.15,5.390725866606752,1528.44,1500.9900000000005,57.28088773753523,849.12,-43.429336637819056,0.7164814262514915,High
Chandrapur,RICE,2009,264.1,636.3,23.6340625,-21.841353299624856,849.12,1270.9033333333334,368.2412812726643,705.87,-44.459190444591904,0.760300596274891,High
Chandrapur,RICE,2012,315.1,1207.0,22.4790625,48.25944769346661,705.87,1027.8100000000002,439.43479413901696,1557.54,51.53968145863532,0.44524770022340204,Low
Chandrapur,RICE,2013,319.4,1441.6,22.8484375,77.07607273811222,1557.54,1037.51,456.01923347595783,1409.52,35.85603994178369,0.4352212437736319,Low
Chandrapur,RICE,2014,301.5,776.3,23.64,-4.644731363348697,1409.52,1224.3100000000002,455.0412127489114,1060.03,-13.418170234662805,0.6667830100186334,Medium
Chandrapur,RICE,2015,292.4,701.6,23.64,-13.820357496490326,1060.03,1342.3633333333335,255.46342875905603,847.81,-36.8419876387168,0.73154728991093,High
Chandrapur,RICE,2016,296.5,417.1882352941177,20.89597426470588,-48.755511724177396,847.81,1105.7866666666669,283.63671383185454,1790.22,61.89560373308893,0.5709675122479014,Low
Chandrapur,RICE,2017,284.38,417.1882352941177,20.89597426470588,-48.755511724177396,1790.22,1232.6866666666667,494.36008681257164,1010.26,-18.044055531819392,0.7441701073212921,High
Chandrapur,SESAMUM,1999,4.1,815.6,22.7946875,0.18260608019168992,206.35,143.615,88.72068783547611,317.07,120.77777390941056,0.3686530005478894,Low
Chandrapur,SESAMUM,2000,3.8,471.9,23.45,-42.03510077336629,317.07,201.4333333333333,118.17173618650666,236.84,17.577362237299372,0.6567272067630661,Medium
Chandrapur,SESAMUM,2001,3.8,765.1,23.09,-6.020461118250782,236.84,253.42,57.191799237303194,263.16,3.843421987214915,0.6314838569354871,Medium
Chandrapur,SESAMUM,2002,3.8,573.6,22.9165625,-29.54298326679996,263.16,272.3566666666666,40.89801013904375,184.21,-32.36442410075023,0.7458569125021013,High
Chandrapur,SESAMUM,2003,4.1,985.5,22.7,21.051935130001112,184.21,228.07000000000002,40.199008694245116,195.12,-14.447318805629857,0.6297698370340397,Medium
Chandrapur,SESAMUM,2004,3.5,612.9,22.92,-24.715645823259585,195.12,214.16333333333333,42.78156183840567,200.0,-6.61333250322962,0.6826907502147717,High
Chandrapur,SESAMUM,2005,1.7,1204.5,23.1278125,47.952365158890245,200.0,193.11,8.084621203247247,176.47,-8.616850499715195,0.5760558178434705,Low
Chandrapur,SESAMUM,2006,4.1,962.9,23.21,18.275909017430816,176.47,190.52999999999997,12.418385563349005,243.9,28.01133679735477,0.5420155272263341,Low
Chandrapur,SESAMUM,2007,3.2,1063.0,23.1265625,30.571493701868274,243.9,206.79,34.223957982676325,312.5,51.11949320566759,0.47317049464365396,Low
Chandrapur,SESAMUM,2008,1.8,858.0,23.15,5.390725866606752,312.5,244.29,68.0158385966092,333.33,36.44848335994105,0.5434128162569214,Low
Chandrapur,SESAMUM,2009,2.3,636.3,23.6340625,-21.841353299624856,333.33,296.57666666666665,46.793115234330365,252.17,-14.973081721421105,0.6964140273749004,High
Chandrapur,SESAMUM,2012,1.2,1207.0,22.4790625,48.25944769346661,252.17,299.3333333333333,42.151598229881166,433.33,44.76503340757239,0.4599261043339895,Low
Chandrapur,SESAMUM,2013,0.8,1441.6,22.8484375,77.07607273811222,433.33,339.60999999999996,90.74312756346886,125.0,-63.19307440888077,0.6498276581993563,Medium
Chandrapur,SESAMUM,2014,0.1,776.3,23.64,-4.644731363348697,125.0,270.1666666666667,154.95082198340646,0.0,-100.0,0.854376974509572,High
Chandrapur,SESAMUM,2015,0.9,701.6,23.64,-13.820357496490326,0.0,186.10999999999999,223.0348544510476,222.22,19.402503895545653,0.6096842249204342,Medium
Chandrapur,SESAMUM,2016,1.06,417.1882352941177,20.89597426470588,-48.755511724177396,222.22,115.74000000000001,111.39902513038433,316.04,173.06030758596856,0.33011065390079836,Low
Chandrapur,SESAMUM,2017,0.75,417.1882352941177,20.89597426470588,-48.755511724177396,316.04,179.42,162.30896586448944,208.56,16.24122171441312,0.6698853399547027,Medium
Chandrapur,SOYABEAN,1999,127.5,815.6,22.7946875,0.18260608019168992,2057.54,1663.02,557.9355346274334,1512.94,-9.024545706004734,0.6498913597136851,Medium
Chandrapur,SOYABEAN,2000,117.9,471.9,23.45,-42.03510077336629,1512.94,1612.993333333333,403.9233003100135,1193.38,-26.01457331917055,0.7511764004684363,High
Chandrapur,SOYABEAN,2001,116.0,765.1,23.09,-6.020461118250782,1193.38,1587.9533333333336,436.93635295467607,1328.45,-16.341999974810353,0.6752189378530629,High
Chandrapur,SOYABEAN,2002,125.8,573.6,22.9165625,-29.54298326679996,1328.45,1344.9233333333334,160.41563649885674,1159.78,-13.766088277646563,0.7055605182188442,High
Chandrapur,SOYABEAN,2003,139.4,985.5,22.7,21.051935130001112,1159.78,1227.2033333333334,89.27712827669434,1190.82,-2.9647355368982677,0.6048909066185375,Medium
Chandrapur,SOYABEAN,2004,167.7,612.9,22.92,-24.715645823259585,1190.82,1226.3500000000001,89.77292409184412,981.51,-19.964936600481114,0.7116192257587202,High
Chandrapur,SOYABEAN,2005,164.8,1204.5,23.1278125,47.952365158890245,981.51,1110.7033333333334,112.9560022014469,1064.93,-4.121112448268512,0.5663150520653686,Low
Chandrapur,SOYABEAN,2006,175.9,962.9,23.21,18.275909017430816,1064.93,1079.0866666666668,105.37066685436352,1225.13,13.53397626387747,0.5733831417154304,Low
Chandrapur,SOYABEAN,2007,166.0,1063.0,23.1265625,30.571493701868274,1225.13,1090.5233333333333,123.81009705728077,1377.11,26.279737251533657,0.5269899658774315,Low
Chandrapur,SOYABEAN,2008,190.1,858.0,23.15,5.390725866606752,1377.11,1222.39,156.1080356676105,661.76,-45.8634314744067,0.7217552983974137,High
Chandrapur,SOYABEAN,2009,188.5,636.3,23.6340625,-21.841353299624856,661.76,1088.0,376.8751561193706,346.15,-68.18474264705883,0.8117059593800646,High
Chandrapur,SOYABEAN,2012,147.3,1207.0,22.4790625,48.25944769346661,346.15,795.0066666666667,528.238237950769,1028.38,29.354890105743365,0.49331474815450777,Low
Chandrapur,SOYABEAN,2013,147.3,1441.6,22.8484375,77.07607273811222,1028.38,678.7633333333334,341.43268477597945,625.93,-7.783763609309108,0.5297741514673512,Low
Chandrapur,SOYABEAN,2014,130.6,776.3,23.64,-4.644731363348697,625.93,666.82,342.9481554112808,515.31,-22.721274106955413,0.6869397350752002,High
Chandrapur,SOYABEAN,2015,120.6,701.6,23.64,-13.820357496490326,515.31,723.2066666666666,270.013460096591,504.98,-30.17486933195674,0.717101866912998,High
Chandrapur,SOYABEAN,2016,110.6,417.1882352941177,20.89597426470588,-48.755511724177396,504.98,548.7399999999999,67.04773896262265,995.48,81.41196194919273,0.5286820694464841,Low
Chandrapur,SOYABEAN,2017,66.1,417.1882352941177,20.89597426470588,-48.755511724177396,995.48,671.9233333333333,280.2558913445591,942.51,40.27046736482834,0.6178219743789766,Medium
Chandrapur,SUGARCANE,2016,0.05,417.1882352941177,20.89597426470588,-48.755511724177396,5750.0,7600.0,2616.295090390226,4000.0,-47.368421052631575,0.8077062326161732,High
Chandrapur,SUGARCANE,2017,0.03,417.1882352941177,20.89597426470588,-48.755511724177396,4000.0,6400.0,2782.534815595305,5000.0,-21.875,0.7524704870023224,High
Chandrapur,SUNFLOWER,1999,0.2,815.6,22.7946875,0.18260608019168992,444.44,322.22,172.84518159323966,500.0,55.17348395506174,0.510795628781838,Low
Chandrapur,SUNFLOWER,2001,0.1,765.1,23.09,-6.020461118250782,500.0,381.48,159.60254133315044,1000.0,162.13694033763238,0.28851456717739254,Low
Chandrapur,SUNFLOWER,2003,0.2,985.5,22.7,21.051935130001112,1000.0,648.1466666666666,305.9776209681573,500.0,-22.85696653020921,0.6479907404372343,Medium
Chandrapur,SUNFLOWER,2004,0.2,612.9,22.92,-24.715645823259585,500.0,666.6666666666666,288.67513459481285,500.0,-24.999999999999993,0.7225285297909747,High
Chandrapur,SUNFLOWER,2005,2.9,1204.5,23.1278125,47.952365158890245,500.0,666.6666666666666,288.67513459481285,655.17,-1.7245000000000006,0.5611223917608041,Low
Chandrapur,SUNFLOWER,2006,2.3,962.9,23.21,18.275909017430816,655.17,551.7233333333334,89.58744127015419,565.22,2.446274400816835,0.5974064957519817,Medium
Chandrapur,SUNFLOWER,2007,1.2,1063.0,23.1265625,30.571493701868274,565.22,573.4633333333333,77.91275013329542,750.0,30.78429890896833,0.5172300822863556,Low
Chandrapur,SUNFLOWER,2008,0.2,858.0,23.15,5.390725866606752,750.0,656.7966666666666,92.40073935490621,500.0,-23.872938859819627,0.6741092310659673,High
Chandrapur,SUNFLOWER,2016,0.1,417.1882352941177,20.89597426470588,-48.755511724177396,500.0,605.0733333333333,129.67735397259352,1000.0,65.2692235651877,0.5636580026117117,Low
Chandrapur,SUNFLOWER,2017,0.03,417.1882352941177,20.89597426470588,-48.755511724177396,1000.0,750.0,249.99999999999997,727.27,-3.030666666666669,0.7116410981135696,High
Dhule,COTTON,1999,99.5,368.4,22.11,-23.812650646714122,197.45,184.2,18.738329701443508,133.47,-27.540716612377846,0.7266543950812487,High
Dhule,COTTON,2000,95.5,208.7,22.78,-56.83957706289152,133.47,167.29,32.14664523710056,89.53,-46.48215673381553,0.818131677662842,High
Dhule,COTTON,2001,99.9,348.6,22.17,-27.90741046537606,89.53,140.15,54.26922147958268,122.22,-12.793435604709243,0.7009553180446517,High
Dhule,COTTON,2002,100.6,323.6,22.513125,-33.07756175156538,122.22,115.07333333333334,22.82514037926888,99.11,-13.87231330745612,0.7111885494644571,High
Dhule,COTTON,2003,102.7,617.0,22.16,27.599333743152528,99.11,103.62,16.805180748804716,217.14,109.55414012738851,0.35110106530570406,Low
Dhule,COTTON,2004,109.9,628.9,22.09,30.060325755378635,217.14,146.15666666666667,62.54992592588206,189.81,29.867493785207657,0.5199971300947889,Low
Dhule,COTTON,2005,108.2,405.8,21.76,-16.078104322574884,189.81,168.68666666666664,61.78524608135291,196.86,16.70157688811606,0.6189841805536276,Medium
Dhule,COTTON,2006,118.2,814.1,21.83,68.36080648346916,196.86,201.27,14.188668013594638,223.35,10.970338351468168,0.502449894890667,Low
Dhule,COTTON,2007,161.2,481.1,22.1021875,-0.5056086485726379,223.35,203.34,17.6840521374487,379.53,86.6479787547949,0.443651906027977,Low
Dhule,COTTON,2008,167.6,452.6,22.255,-6.399581114828468,379.53,266.58,98.71021679643908,183.29,-31.243904268887384,0.7080853751379064,High
Dhule,COTTON,2009,183.8,504.9,22.91,4.416375375879589,183.29,262.0566666666667,103.68794015377748,282.32,7.732424284823888,0.6071189361422147,Medium
Dhule,COTTON,2012,239.7,364.6,22.78,-24.59851364221489,282.32,281.7133333333333,98.12140660087044,252.94,-10.2136924059919,0.6903126500865778,High
Dhule,COTTON,2013,275.4,678.6,22.2775,40.338586512323026,252.94,239.51666666666665,50.86132748300358,380.72,58.95344791594185,0.4412809846407844,Low
Dhule,COTTON,2014,328.5,506.0,23.2,4.643862032471924,380.72,305.32666666666665,66.92467507080892,196.96,-35.49204131094565,0.7004245357579265,High
Dhule,COTTON,2015,344.7,388.6,23.2,-19.635168407473138,196.96,276.87333333333333,94.18884081107139,179.23,-35.26642748790061,0.7370137395558919,High
Dhule,COTTON,2016,281.6,417.1882352941177,20.89597426470588,-13.722948348442515,179.23,252.30333333333337,111.5648620011397,318.13,26.090288145222,0.5950452660789926,Medium
Dhule,COTTON,2017,297.0,417.1882352941177,20.89597426470588,-13.722948348442515,318.13,231.43999999999997,75.59732336531502,346.42,49.680262703076416,0.543933654537145,Low
Dhule,FINGER MILLET,1999,7.5,368.4,22.11,-23.812650646714122,804.88,1091.63,405.5257390104851,826.67,-24.271960279581922,0.7195720896935477,High
Dhule,FINGER MILLET,2000,6.9,208.7,22.78,-56.83957706289152,826.67,1003.3100000000001,325.0028149108867,463.77,-53.776001435249334,0.8339350078492294,High
Dhule,FINGER MILLET,2001,6.9,348.6,22.17,-27.90741046537606,463.77,698.4399999999999,203.52200790086582,1347.83,92.97720634557012,0.4717855938198102,Low
Dhule,FINGER MILLET,2002,6.4,323.6,22.513125,-33.07756175156538,1347.83,879.4233333333332,444.3846380483167,718.75,-18.270305920167367,0.7207175334586331,High
Dhule,FINGER MILLET,2003,6.0,617.0,22.16,27.599333743152528,718.75,843.4499999999999,455.0308653267381,1083.33,28.44033434109906,0.5268476445087453,Low
Dhule,FINGER MILLET,2004,6.2,628.9,22.09,30.060325755378635,1083.33,1049.97,315.86401947673636,1161.29,10.602207682124245,0.5617385833179972,Low
Dhule,FINGER MILLET,2005,4.8,405.8,21.76,-16.078104322574884,1161.29,987.79,236.23363774026782,729.17,-26.181678291944642,0.711897900110116,High
Dhule,FINGER MILLET,2006,4.2,814.1,21.83,68.36080648346916,729.17,991.2633333333333,230.3022512554609,642.86,-35.14740449056591,0.6023716710480745,Medium
Dhule,FINGER MILLET,2007,3.0,481.1,22.1021875,-0.5056086485726379,642.86,844.4399999999999,277.77292146643845,973.33,15.263369807209525,0.5983185587472297,Medium
Dhule,FINGER MILLET,2008,3.4,452.6,22.255,-6.399581114828468,973.33,781.7866666666667,171.403005905187,588.24,-24.756966947504864,0.6940303442749576,High
Dhule,FINGER MILLET,2009,3.0,504.9,22.91,4.416375375879589,588.24,734.81,208.3618940689498,600.0,-18.346239163865484,0.6636227069475199,Medium
Dhule,FINGER MILLET,2012,0.8,364.6,22.78,-24.59851364221489,600.0,720.5233333333334,219.01594104843966,1312.5,82.15926386839193,0.49017124482608,Low
Dhule,FINGER MILLET,2013,0.8,678.6,22.2775,40.338586512323026,1312.5,833.58,414.798564606967,1625.0,94.9422970800643,0.36330514478544573,Low
Dhule,FINGER MILLET,2014,1.0,506.0,23.2,4.643862032471924,1625.0,1179.1666666666667,525.3471074759365,1300.0,10.247349823321548,0.6013225216340113,Medium
Dhule,FINGER MILLET,2015,1.2,388.6,23.2,-19.635168407473138,1300.0,1412.5,184.13649828320195,416.67,-70.50123893805309,0.8133558310309679,High
Dhule,FINGER MILLET,2016,1.82,417.1882352941177,20.89597426470588,-13.722948348442515,416.67,1113.89,625.2943677181171,1109.89,-0.35910188618265715,0.6523522778135117,Medium
Dhule,FINGER MILLET,2017,1.62,417.1882352941177,20.89597426470588,-13.722948348442515,1109.89,942.1866666666668,464.93147692249596,1366.73,45.05936544775272,0.553945598590313,Low
Dhule,GROUNDNUT,1999,70.8,368.4,22.11,-23.812650646714122,890.45,904.385,19.70706599166904,679.38,-24.87933789260105,0.7208880745217515,High
Dhule,GROUNDNUT,2000,52.9,208.7,22.78,-56.83957706289152,679.38,829.3833333333333,130.65195839838503,293.01,-64.67134216184715,0.857541579423446,High
Dhule,GROUNDNUT,2001,51.1,348.6,22.17,-27.90741046537606,293.01,620.9466666666666,302.9760373912982,763.21,22.910716969788083,0.6235963208001654,Medium
Dhule,GROUNDNUT,2002,53.3,323.6,22.513125,-33.07756175156538,763.21,578.5333333333333,250.79782222605778,793.62,37.1779211799954,0.6005797080753474,Medium
Dhule,GROUNDNUT,2003,54.3,617.0,22.16,27.599333743152528,793.62,616.6133333333333,280.6608808390177,1086.56,76.21415906240539,0.42333769094626,Low
Dhule,GROUNDNUT,2004,55.2,628.9,22.09,30.060325755378635,1086.56,881.13,178.55616959377244,958.33,8.76147674009511,0.5657268336923803,Low
Dhule,GROUNDNUT,2005,50.3,405.8,21.76,-16.078104322574884,958.33,946.17,146.84808510838695,908.55,-3.9760296775420914,0.6637856614457376,Medium
Dhule,GROUNDNUT,2006,56.4,814.1,21.83,68.36080648346916,908.55,984.48,91.84093259543963,888.3,-9.769624573378847,0.5473864812276857,Low
Dhule,GROUNDNUT,2007,62.4,481.1,22.1021875,-0.5056086485726379,888.3,918.3933333333333,36.03773901527932,1003.85,9.305018183929912,0.6112283205976259,Medium
Dhule,GROUNDNUT,2008,37.0,452.6,22.255,-6.399581114828468,1003.85,933.5666666666666,61.70353177358164,721.62,-22.70289570464526,0.6895798565821101,High
Dhule,GROUNDNUT,2009,38.6,504.9,22.91,4.416375375879589,721.62,871.2566666666667,141.88481114387596,966.84,10.970743408945703,0.600102578039974,Medium
Dhule,GROUNDNUT,2012,32.7,364.6,22.78,-24.59851364221489,966.84,897.4366666666668,153.38207272472675,936.7,4.375053392811363,0.6587037008559428,Medium
Dhule,GROUNDNUT,2013,24.3,678.6,22.2775,40.338586512323026,936.7,875.0533333333333,133.7290010930066,1152.26,31.678831004586392,0.5003759879485243,Low
Dhule,GROUNDNUT,2014,24.7,506.0,23.2,4.643862032471924,1152.26,1018.6,116.72982309589996,874.49,-14.147849990182603,0.6541787878964274,Medium
Dhule,GROUNDNUT,2015,30.8,388.6,23.2,-19.635168407473138,874.49,987.8166666666666,145.76943586820045,639.61,-35.25013075975636,0.7369784299782461,High
Dhule,GROUNDNUT,2016,22.9,417.1882352941177,20.89597426470588,-13.722948348442515,639.61,888.7866666666667,256.6238524247762,778.6,-12.39742570395596,0.6784353127519335,High
Dhule,GROUNDNUT,2017,22.57,417.1882352941177,20.89597426470588,-13.722948348442515,778.6,764.2333333333332,118.09722449462234,1128.44,47.656474898591206,0.548318528113515,Low
Dhule,KHARIF SORGHUM,1999,71.9,368.4,22.11,-23.812650646714122,1756.26,1509.825,348.5117192434136,922.11,-38.92603447419403,0.7513225837817682,High
Dhule,KHARIF SORGHUM,2000,73.5,208.7,22.78,-56.83957706289152,922.11,1313.92,419.36441944924223,604.08,-54.02459814905017,0.8344736340624628,High
Dhule,KHARIF SORGHUM,2001,68.7,348.6,22.17,-27.90741046537606,604.08,1094.1499999999999,595.0445439628868,1318.78,20.530091852122663,0.6287543418884232,Medium
Dhule,KHARIF SORGHUM,2002,66.3,323.6,22.513125,-33.07756175156538,1318.78,948.3233333333334,358.0703515139635,1119.16,18.014601208448596,0.6421002346802273,Medium
Dhule,KHARIF SORGHUM,2003,62.7,617.0,22.16,27.599333743152528,1119.16,1014.0066666666667,368.7708504387696,1655.5,63.263226408767856,0.45139804502904785,Low
Dhule,KHARIF SORGHUM,2004,59.3,628.9,22.09,30.060325755378635,1655.5,1364.48,271.07474319825496,1214.17,-11.015918151969977,0.6085778559583785,Medium
Dhule,KHARIF SORGHUM,2005,42.2,405.8,21.76,-16.078104322574884,1214.17,1329.61,286.1991336464873,1182.46,-11.067155030422446,0.679149766376927,High
Dhule,KHARIF SORGHUM,2006,55.8,814.1,21.83,68.36080648346916,1182.46,1350.71,264.43163407580397,1107.53,-18.003864634155377,0.5652273346926421,Low
Dhule,KHARIF SORGHUM,2007,55.4,481.1,22.1021875,-0.5056086485726379,1107.53,1168.0533333333333,54.760263269394606,1907.04,63.26651751061596,0.49431173872352924,Low
Dhule,KHARIF SORGHUM,2008,48.1,452.6,22.255,-6.399581114828468,1907.04,1399.01,441.5591544742332,1332.64,-4.744069020235731,0.6506690654326858,Medium
Dhule,KHARIF SORGHUM,2009,52.4,504.9,22.91,4.416375375879589,1332.64,1449.07,412.27541607522477,1263.93,-12.776470425859335,0.6515548746818802,Medium
Dhule,KHARIF SORGHUM,2012,47.5,364.6,22.78,-24.59851364221489,1263.93,1501.2033333333336,353.1399383152986,1806.74,20.352783655778346,0.6240852852862964,Medium
Dhule,KHARIF SORGHUM,2013,48.3,678.6,22.2775,40.338586512323026,1806.74,1467.7700000000002,295.560081370945,1517.6,3.3949460746574527,0.5616577386298327,Low
Dhule,KHARIF SORGHUM,2014,51.2,506.0,23.2,4.643862032471924,1517.6,1529.4233333333334,271.59808068786646,1113.28,-27.209165981949628,0.682478305878495,High
Dhule,KHARIF SORGHUM,2015,50.9,388.6,23.2,-19.635168407473138,1113.28,1479.2066666666667,348.32058356251787,972.5,-34.25529901163236,0.7348229611906514,High
Dhule,KHARIF SORGHUM,2016,54.5,417.1882352941177,20.89597426470588,-13.722948348442515,972.5,1201.1266666666668,282.9686910831899,1405.5,17.01513578917571,0.614708096183694,Medium
Dhule,KHARIF SORGHUM,2017,61.5,417.1882352941177,20.89597426470588,-13.722948348442515,1405.5,1163.76,220.86969642755565,1499.19,28.82295318622397,0.589124491823508,Medium
Dhule,MAIZE,1999,21.6,368.4,22.11,-23.812650646714122,1965.35,1858.94,150.48646517212092,1148.15,-38.236306712427506,0.7498281736312791,High
Dhule,MAIZE,2000,20.2,208.7,22.78,-56.83957706289152,1148.15,1622.01,423.9464150101991,643.56,-60.32330256903472,0.8481208269723837,High
Dhule,MAIZE,2001,24.1,348.6,22.17,-27.90741046537606,643.56,1252.3533333333335,667.0276995997492,1543.57,23.25355464112895,0.622853505845596,Medium
Dhule,MAIZE,2002,25.2,323.6,22.513125,-33.07756175156538,1543.57,1111.76,451.10716476243203,1444.44,29.923724544865806,0.6162971341180759,Medium
Dhule,MAIZE,2003,27.6,617.0,22.16,27.599333743152528,1444.44,1210.5233333333333,493.5000053022627,2268.12,87.36689641119405,0.3991734266906318,Low
Dhule,MAIZE,2004,30.0,628.9,22.09,30.060325755378635,2268.12,1752.043333333333,449.6754759082745,1739.33,-0.7256289323133069,0.5862822293158634,Medium
Dhule,MAIZE,2005,38.5,405.8,21.76,-16.078104322574884,1739.33,1817.2966666666664,417.33833568620696,1844.16,1.4782029718134642,0.6519681573721732,Medium
Dhule,MAIZE,2006,47.1,814.1,21.83,68.36080648346916,1844.16,1950.5366666666666,279.9852003826866,1543.52,-20.866906714562315,0.5714305925335031,Low
Dhule,MAIZE,2007,66.7,481.1,22.1021875,-0.5056086485726379,1543.52,1709.003333333333,152.59712459064622,2417.09,41.432725896770265,0.5416182872200372,Low
Dhule,MAIZE,2008,60.2,452.6,22.255,-6.399581114828468,2417.09,1934.9233333333332,443.80133306844994,1672.92,-13.54076044356623,0.669728563516505,Medium
Dhule,MAIZE,2009,69.5,504.9,22.91,4.416375375879589,1672.92,1877.8433333333332,471.46189202663373,2255.83,20.128764735432313,0.5802601984993192,Low
Dhule,MAIZE,2012,98.71,364.6,22.78,-24.59851364221489,2255.83,2115.2799999999997,391.4881532051766,2607.54,23.2716236148406,0.6177611320416826,Medium
Dhule,MAIZE,2013,117.1,678.6,22.2775,40.338586512323026,2607.54,2178.763333333333,472.0519986541029,2778.82,27.54115866952051,0.5093409446744704,Low
Dhule,MAIZE,2014,134.4,506.0,23.2,4.643862032471924,2778.82,2547.396666666666,266.631863124671,2039.43,-19.940619115724658,0.6667297876683933,Medium
Dhule,MAIZE,2015,149.2,388.6,23.2,-19.635168407473138,2039.43,2475.263333333333,387.03647170949307,1712.47,-30.816653850970727,0.7273725633425759,High
Dhule,MAIZE,2016,114.9,417.1882352941177,20.89597426470588,-13.722948348442515,1712.47,2176.9066666666663,546.3061925635964,2656.22,22.01809295146631,0.6038683556654338,Medium
Dhule,MAIZE,2017,123.93,417.1882352941177,20.89597426470588,-13.722948348442515,2656.22,2136.0399999999995,479.2349472857752,3101.78,45.21170015542784,0.5536155400570181,Low
Dhule,MINOR PULSES,1999,85.6,368.4,22.11,-23.812650646714122,586.17,637.0999999999999,72.0258967316617,575.93,-9.601318474336834,0.6877856991156226,High
Dhule,MINOR PULSES,2000,105.4,208.7,22.78,-56.83957706289152,575.93,616.7099999999999,61.97677952265668,342.5,-44.46336203401922,0.8137576224799647,High
Dhule,MINOR PULSES,2001,86.6,348.6,22.17,-27.90741046537606,342.5,501.5333333333333,137.82204189944844,668.59,33.30918516549251,0.601066306376214,Medium
Dhule,MINOR PULSES,2002,88.1,323.6,22.513125,-33.07756175156538,668.59,529.0066666666667,168.03279868327292,533.48,0.8456100112159944,0.6792997156074405,High
Dhule,MINOR PULSES,2003,94.1,617.0,22.16,27.599333743152528,533.48,514.8566666666667,163.84075632556548,729.01,41.594748052856126,0.49834641480003344,Low
Dhule,MINOR PULSES,2004,86.0,628.9,22.09,30.060325755378635,729.01,643.6933333333333,100.11432581470702,429.19,-33.32383950949727,0.6569116855661932,Medium
Dhule,MINOR PULSES,2005,78.3,405.8,21.76,-16.078104322574884,429.19,563.8933333333333,152.206229285576,461.81,-18.103305589709635,0.6943947592553319,High
Dhule,MINOR PULSES,2006,83.1,814.1,21.83,68.36080648346916,461.81,540.0033333333332,164.49515534912675,452.71,-16.165332312763486,0.5612438479963063,Low
Dhule,MINOR PULSES,2007,84.9,481.1,22.1021875,-0.5056086485726379,452.71,447.90333333333336,16.832829035351413,559.01,24.805947711931882,0.5776429732870669,Low
Dhule,MINOR PULSES,2008,61.6,452.6,22.255,-6.399581114828468,559.01,491.1766666666667,58.92133173421456,353.25,-28.080867033586017,0.7012321277947762,High
Dhule,MINOR PULSES,2009,64.22,504.9,22.91,4.416375375879589,353.25,454.99,102.8989465446563,433.51,-4.720982878744592,0.6341013183298565,Medium
Dhule,MINOR PULSES,2012,54.73,364.6,22.78,-24.59851364221489,433.51,448.59,103.70558904899984,716.24,59.66472725651487,0.5389094074849845,Low
Dhule,MINOR PULSES,2013,49.6,678.6,22.2775,40.338586512323026,716.24,501.0,190.67409394041977,464.52,-7.281437125748506,0.5847899022306352,Low
Dhule,MINOR PULSES,2014,47.3,506.0,23.2,4.643862032471924,464.52,538.09,155.0595753250989,357.29,-33.60032708283001,0.696325821597023,High
Dhule,MINOR PULSES,2015,50.3,388.6,23.2,-19.635168407473138,357.29,512.6833333333333,184.25812229948875,343.94,-32.91375442930983,0.7319162812622956,High
Dhule,MINOR PULSES,2016,55.48,417.1882352941177,20.89597426470588,-13.722948348442515,343.94,388.5833333333333,66.1009730135145,405.45,4.340553291872188,0.6421696915944267,Medium
Dhule,MINOR PULSES,2017,57.13,417.1882352941177,20.89597426470588,-13.722948348442515,405.45,368.8933333333334,32.355031035889546,585.7,58.77218346766906,0.5242344928805933,Low
Dhule,OILSEEDS,1999,89.6,368.4,22.11,-23.812650646714122,826.62,797.77,40.80006127446383,651.0,-18.397533123581983,0.7068441641889236,High
Dhule,OILSEEDS,2000,70.0,208.7,22.78,-56.83957706289152,651.0,748.8466666666667,89.51424542123637,308.57,-58.79396761241732,0.8448072678997238,High
Dhule,OILSEEDS,2001,70.2,348.6,22.17,-27.90741046537606,308.57,595.3966666666666,263.4629929104529,716.52,20.343300544734884,0.629159056387762,Medium
Dhule,OILSEEDS,2002,69.9,323.6,22.513125,-33.07756175156538,716.52,558.6966666666666,219.07927705132994,728.9,30.46435453943405,0.6151257691298486,Medium
Dhule,OILSEEDS,2003,70.7,617.0,22.16,27.599333743152528,728.9,584.6633333333333,239.18395145438453,980.76,67.7478206831282,0.44168142410129946,Low
Dhule,OILSEEDS,2004,75.4,628.9,22.09,30.060325755378635,980.76,808.7266666666666,149.11377177622896,875.99,8.317189985903779,0.566689454993125,Low
Dhule,OILSEEDS,2005,74.3,405.8,21.76,-16.078104322574884,875.99,861.8833333333333,126.52119756520358,834.19,-3.2131185581961907,0.6621326873538269,Medium
Dhule,OILSEEDS,2006,82.6,814.1,21.83,68.36080648346916,834.19,896.98,75.505803088239,793.95,-11.486320765234451,0.5511059896433605,Low
Dhule,OILSEEDS,2007,98.3,481.1,22.1021875,-0.5056086485726379,793.95,834.71,41.02247189041567,1012.61,21.3127912688239,0.5852114789137757,Low
Dhule,OILSEEDS,2008,87.4,452.6,22.255,-6.399581114828468,1012.61,880.25,116.3795153796403,851.03,-3.31951150241409,0.6475825241440825,Medium
Dhule,OILSEEDS,2009,95.9,504.9,22.91,4.416375375879589,851.03,885.8633333333333,113.41547395895002,1028.99,16.156743515741706,0.5888662444752868,Medium
Dhule,OILSEEDS,2012,71.75,364.6,22.78,-24.59851364221489,1028.99,964.21,98.35832654127414,1386.62,43.80892129307929,0.5732636537389805,Low
Dhule,OILSEEDS,2013,73.1,678.6,22.2775,40.338586512323026,1386.62,1088.8799999999999,272.7714631335174,1158.0,6.347806920872835,0.555259873463054,Low
Dhule,OILSEEDS,2014,73.1,506.0,23.2,4.643862032471924,1158.0,1191.2033333333331,181.11225865007899,954.86,-19.840721287437617,0.6665133423737721,Medium
Dhule,OILSEEDS,2015,86.1,388.6,23.2,-19.635168407473138,954.86,1166.4933333333333,216.00527061470774,709.87,-39.144958679575254,0.7454172238044924,High
Dhule,PEARL MILLET,1999,122.7,368.4,22.11,-23.812650646714122,1060.38,994.845,92.6804858101209,463.73,-53.38670848222588,0.7826540441323994,High
Dhule,PEARL MILLET,2000,124.3,208.7,22.78,-56.83957706289152,463.73,817.8066666666667,313.5642687445962,384.55,-52.977883933448,0.8322057532619989,High
Dhule,PEARL MILLET,2001,159.7,348.6,22.17,-27.90741046537606,384.55,636.22,369.4606167103607,929.24,46.056395586432366,0.5734473504642699,Low
Dhule,PEARL MILLET,2002,160.4,323.6,22.513125,-33.07756175156538,929.24,592.5066666666667,294.294701673906,722.57,21.951370448715075,0.6335705679930116,Medium
Dhule,PEARL MILLET,2003,164.8,617.0,22.16,27.599333743152528,722.57,678.7866666666667,274.9718789864399,1078.28,58.854033667917236,0.46095129596752565,Low
Dhule,PEARL MILLET,2004,155.1,628.9,22.09,30.060325755378635,1078.28,910.0300000000001,178.63137770279897,982.59,7.973363515488494,0.5674344123456889,Low
Dhule,PEARL MILLET,2005,144.1,405.8,21.76,-16.078104322574884,982.59,927.8133333333334,184.07271235393193,631.51,-31.935662345874178,0.7243648655602551,High
Dhule,PEARL MILLET,2006,143.2,814.1,21.83,68.36080648346916,631.51,897.4599999999999,235.23646804864256,889.66,-0.8691195150758758,0.5281020536014269,Low
Dhule,PEARL MILLET,2007,121.0,481.1,22.1021875,-0.5056086485726379,889.66,834.5866666666667,181.90408360818446,1166.36,39.75301147074798,0.5452576684764067,Low
Dhule,PEARL MILLET,2008,139.7,452.6,22.255,-6.399581114828468,1166.36,895.8433333333332,267.4786081789222,506.8,-43.42760824995441,0.7344834004301302,High
Dhule,PEARL MILLET,2009,120.5,504.9,22.91,4.416375375879589,506.8,854.2733333333334,331.2008613112794,935.1,9.461452618599814,0.6033727080857126,Medium
Dhule,PEARL MILLET,2012,143.0,364.6,22.78,-24.59851364221489,935.1,869.4200000000001,334.6494362762322,923.64,6.236341469025317,0.6546709100241593,Medium
Dhule,PEARL MILLET,2013,104.4,678.6,22.2775,40.338586512323026,923.64,788.5133333333333,244.038182531614,1324.71,68.00096383912341,0.4216780334739564,Low
Dhule,PEARL MILLET,2014,123.0,506.0,23.2,4.643862032471924,1324.71,1061.1499999999999,228.3215673124202,818.7,-22.847853743580064,0.6730287960287257,Medium
Dhule,PEARL MILLET,2015,122.9,388.6,23.2,-19.635168407473138,818.7,1022.3499999999999,267.05669454256343,591.54,-42.13918912309874,0.7519047230987715,High
Dhule,PEARL MILLET,2016,82.0,417.1882352941177,20.89597426470588,-13.722948348442515,591.54,911.65,375.31898313301457,795.12,-12.78231777546207,0.6792692455735273,High
Dhule,PEARL MILLET,2017,82.76,417.1882352941177,20.89597426470588,-13.722948348442515,795.12,735.1199999999999,124.90162689092602,1291.66,75.70736750462514,0.48754159413397746,Low
Dhule,PIGEONPEA,1999,30.3,368.4,22.11,-23.812650646714122,527.68,578.98,72.54915574973984,478.55,-17.346022315105877,0.7045658907705663,High
Dhule,PIGEONPEA,2000,29.9,208.7,22.78,-56.83957706289152,478.55,545.5033333333333,77.41932338462625,371.24,-31.945420437394205,0.7866354156873676,High
Dhule,PIGEONPEA,2001,30.9,348.6,22.17,-27.90741046537606,371.24,459.1566666666667,80.00277766011216,291.26,-36.56631360392604,0.7524632203761163,High
Dhule,PIGEONPEA,2002,32.3,323.6,22.513125,-33.07756175156538,291.26,380.34999999999997,93.97675297646768,278.64,-26.741159458393582,0.739071049458062,High
Dhule,PIGEONPEA,2003,32.9,617.0,22.16,27.599333743152528,278.64,313.71333333333337,50.21756797509588,355.62,13.358267632870763,0.5595254557097977,Low
Dhule,PIGEONPEA,2004,31.7,628.9,22.09,30.060325755378635,355.62,308.50666666666666,41.286386779825825,372.24,20.658656755121452,0.5399496103265757,Low
Dhule,PIGEONPEA,2005,32.7,405.8,21.76,-16.078104322574884,372.24,335.5,49.93847014076457,470.95,40.372578241430695,0.5676970109549502,Low
Dhule,PIGEONPEA,2006,33.0,814.1,21.83,68.36080648346916,470.95,399.6033333333333,62.344336016460566,466.67,16.783310115864914,0.48985512273451615,Low
Dhule,PIGEONPEA,2007,38.5,481.1,22.1021875,-0.5056086485726379,466.67,436.62000000000006,55.79576955289707,771.43,76.68224085016716,0.4652443381545985,Low
Dhule,PIGEONPEA,2008,26.2,452.6,22.255,-6.399581114828468,771.43,569.6833333333333,174.73084368059716,541.98,-4.862935548989192,0.6509266095783174,Medium
Dhule,PIGEONPEA,2009,27.3,504.9,22.91,4.416375375879589,541.98,593.36,158.74379578427605,545.42,-8.079412161251188,0.6413779151085964,Medium
Dhule,PIGEONPEA,2012,26.9,364.6,22.78,-24.59851364221489,545.42,619.61,131.49122670353313,413.75,-33.22412485272995,0.7401685870543441,High
Dhule,PIGEONPEA,2013,21.0,678.6,22.2775,40.338586512323026,413.75,500.3833333333334,75.04638054785386,580.95,16.100989241581452,0.5341279784349224,Low
Dhule,PIGEONPEA,2014,24.2,506.0,23.2,4.643862032471924,580.95,513.3733333333333,88.08633057026103,330.58,-35.60631639093058,0.7006721317645597,High
Dhule,PIGEONPEA,2015,28.6,388.6,23.2,-19.635168407473138,330.58,441.76,127.51354555497221,332.17,-24.807587830496193,0.7143529202982578,High
Dhule,PIGEONPEA,2016,27.01,417.1882352941177,20.89597426470588,-13.722948348442515,332.17,414.56666666666666,144.0943865434504,638.02,53.900458309881806,0.5347898973890972,Low
Dhule,PIGEONPEA,2017,30.9,417.1882352941177,20.89597426470588,-13.722948348442515,638.02,433.59,177.04335824876335,676.38,55.99529509444407,0.5302510843558941,Low
Dhule,RICE,1999,26.6,368.4,22.11,-23.812650646714122,922.48,879.45,60.85360958891428,533.83,-39.299562226391494,0.7521318939115266,High
Dhule,RICE,2000,25.9,208.7,22.78,-56.83957706289152,533.83,764.2433333333333,204.13061757936592,258.69,-66.15083328608253,0.8607471435259451,High
Dhule,RICE,2001,24.9,348.6,22.17,-27.90741046537606,258.69,571.6666666666666,333.50862212742464,718.88,25.75160349854228,0.6174410666545517,Medium
Dhule,RICE,2002,25.0,323.6,22.513125,-33.07756175156538,718.88,503.8,231.56005635687686,748.0,48.471615720524014,0.5761100365709504,Low
Dhule,RICE,2003,27.4,617.0,22.16,27.599333743152528,748.0,575.1899999999999,274.4834805593954,897.81,56.08929223387056,0.4669415690746068,Low
Dhule,RICE,2004,26.3,628.9,22.09,30.060325755378635,897.81,788.2299999999999,96.0095094248483,574.14,-27.160854065437746,0.643558550437442,Medium
Dhule,RICE,2005,24.8,405.8,21.76,-16.078104322574884,574.14,739.9833333333332,161.983849297803,1447.58,95.6233248496588,0.4479870599708549,Low
Dhule,RICE,2006,25.1,814.1,21.83,68.36080648346916,1447.58,973.1766666666666,441.57044651259594,756.97,-22.2165896565543,0.574354905574476,Low
Dhule,RICE,2007,25.4,481.1,22.1021875,-0.5056086485726379,756.97,926.2299999999999,460.66372670311256,1367.72,47.66526672640707,0.5281144487558691,Low
Dhule,RICE,2008,25.8,452.6,22.255,-6.399581114828468,1367.72,1190.7566666666667,377.7863933935861,965.12,-18.94901561192183,0.6814464497145697,High
Dhule,RICE,2009,23.6,504.9,22.91,4.416375375879589,965.12,1029.9366666666667,310.4912089469417,645.76,-37.300999090558975,0.7046913534552189,High
Dhule,RICE,2012,27.2,364.6,22.78,-24.59851364221489,645.76,992.8666666666668,361.778894538271,1314.71,32.41556435909486,0.5979492604291977,Medium
Dhule,RICE,2013,30.2,678.6,22.2775,40.338586512323026,1314.71,975.1966666666667,334.58882233770663,993.38,1.8645811614067536,0.5649735292751982,Low
Dhule,RICE,2014,18.3,506.0,23.2,4.643862032471924,993.38,984.6166666666668,334.561089538717,491.8,-50.05162753694332,0.7319703059141497,High
Dhule,RICE,2015,21.2,388.6,23.2,-19.635168407473138,491.8,933.2966666666666,414.732108997282,943.4,1.0825425284564771,0.6582576378540473,Medium
Dhule,RICE,2016,31.7,417.1882352941177,20.89597426470588,-13.722948348442515,943.4,809.5266666666666,276.2918314632798,1258.68,55.48345123487801,0.5313600793849501,Low
Dhule,RICE,2017,33.6,417.1882352941177,20.89597426470588,-13.722948348442515,1258.68,897.96,385.4540553684707,1315.48,46.4965031849971,0.5508318001596273,Low
Dhule,SESAMUM,1999,10.8,368.4,22.11,-23.812650646714122,361.9,366.515,6.526595590351847,287.04,-21.683969278201427,0.713964775857242,High
Dhule,SESAMUM,2000,10.7,208.7,22.78,-56.83957706289152,287.04,340.0233333333333,46.11641175691503,149.53,-56.02360622310233,0.8388048182228944,High
Dhule,SESAMUM,2001,11.4,348.6,22.17,-27.90741046537606,149.53,266.1566666666667,107.71415614176868,324.56,21.943216401367604,0.625692572031736,Medium
Dhule,SESAMUM,2002,12.1,323.6,22.513125,-33.07756175156538,324.56,253.71,92.15227560944977,280.99,10.752433881202949,0.6578349305558736,Medium
Dhule,SESAMUM,2003,11.9,617.0,22.16,27.599333743152528,280.99,251.6933333333333,91.11858335890284,420.17,66.93727816920064,0.44343759954813666,Low
Dhule,SESAMUM,2004,11.2,628.9,22.09,30.060325755378635,420.17,341.9066666666667,71.19303500577381,303.57,-11.212611628904584,0.6090040251584021,Medium
Dhule,SESAMUM,2005,11.0,405.8,21.76,-16.078104322574884,303.57,334.91,74.69548045230046,254.55,-23.99450598668299,0.7071590267820649,High
Dhule,SESAMUM,2006,10.9,814.1,21.83,68.36080648346916,254.55,326.09666666666664,85.07693067649616,275.23,-15.59864661807847,0.5600160289911595,Low
Dhule,SESAMUM,2007,11.3,481.1,22.1021875,-0.5056086485726379,275.23,277.7833333333333,24.60954557348278,415.93,49.73180536389274,0.5236369483746651,Low
Dhule,SESAMUM,2008,5.7,452.6,22.255,-6.399581114828468,415.93,315.2366666666667,87.81387210078671,157.89,-49.91382136172823,0.7485368621722599,High
Dhule,SESAMUM,2009,4.3,504.9,22.91,4.416375375879589,157.89,283.01666666666665,129.19610881653261,227.91,-19.471173664684056,0.6660600650326187,Medium
Dhule,SESAMUM,2012,2.0,364.6,22.78,-24.59851364221489,227.91,267.24333333333334,133.4409747166639,545.0,103.93399274069823,0.44299266560290695,Low
Dhule,SESAMUM,2013,2.8,678.6,22.2775,40.338586512323026,545.0,310.26666666666665,206.27773373132965,214.29,-30.933605500644607,0.6360362670427393,Medium
Dhule,SESAMUM,2014,2.8,506.0,23.2,4.643862032471924,214.29,329.06666666666666,187.12770888709488,321.43,-2.32070502431118,0.6285533071371247,Medium
Dhule,SESAMUM,2015,3.2,388.6,23.2,-19.635168407473138,321.43,360.24,168.73629751775397,271.87,-24.530868310015546,0.7137533613372185,High
Dhule,SESAMUM,2016,1.69,417.1882352941177,20.89597426470588,-13.722948348442515,271.87,269.19666666666666,53.62000497326853,216.62,-19.530950110823557,0.6938912823000951,High
Dhule,SESAMUM,2017,0.51,417.1882352941177,20.89597426470588,-13.722948348442515,216.62,269.97333333333336,52.43073557879328,271.12,0.4247333069932759,0.6506539682283028,Medium
Dhule,SOYABEAN,1999,4.6,368.4,22.11,-23.812650646714122,1441.86,1320.9299999999998,171.0208460977784,1260.87,-4.546796575140238,0.6768342350007333,High
Dhule,SOYABEAN,2000,4.2,208.7,22.78,-56.83957706289152,1260.87,1300.9099999999999,125.80328334348035,833.33,-35.94253253491785,0.7952958252319733,High
Dhule,SOYABEAN,2001,4.4,348.6,22.17,-27.90741046537606,833.33,1178.6866666666667,312.4784239484916,1409.09,19.54746242993613,0.6308833723031536,Medium
Dhule,SOYABEAN,2002,3.1,323.6,22.513125,-33.07756175156538,1409.09,1167.763333333333,298.9590823730452,1451.61,24.30686583183238,0.6284669946629411,Medium
Dhule,SOYABEAN,2003,3.1,617.0,22.16,27.599333743152528,1451.61,1231.3433333333332,345.344679607683,1548.39,25.748031282907846,0.5326809678014736,Low
Dhule,SOYABEAN,2004,5.7,628.9,22.09,30.060325755378635,1548.39,1469.6966666666667,71.38955199000267,1403.51,-4.503423608953326,0.5944674511152228,Medium
Dhule,SOYABEAN,2005,9.0,405.8,21.76,-16.078104322574884,1403.51,1467.8366666666668,73.79046099146747,1288.89,-12.191183851064267,0.6815851621549762,High
Dhule,SOYABEAN,2006,12.4,814.1,21.83,68.36080648346916,1288.89,1413.596666666667,130.04371623932178,911.29,-35.53394532622461,0.6032091761919989,Medium
Dhule,SOYABEAN,2007,21.6,481.1,22.1021875,-0.5056086485726379,911.29,1201.23,257.55259424047705,1407.41,17.16407349133805,0.5942003674316316,Medium
Dhule,SOYABEAN,2008,41.7,452.6,22.255,-6.399581114828468,1407.41,1202.53,259.08936836543455,1081.53,-10.062119032373413,0.6621915071256124,Medium
Dhule,SOYABEAN,2009,49.9,504.9,22.91,4.416375375879589,1081.53,1133.41,252.0960420157361,1168.94,3.1347879408157655,0.617080481554199,Medium
Dhule,SOYABEAN,2012,35.8,364.6,22.78,-24.59851364221489,1168.94,1219.2933333333333,168.6743526246157,1886.03,54.682220302470284,0.5497048392187117,Low
Dhule,SOYABEAN,2013,40.0,678.6,22.2775,40.338586512323026,1886.03,1378.8333333333333,441.4141717631338,1237.5,-10.250211531487968,0.5912222467763826,Medium
Dhule,SOYABEAN,2014,43.0,506.0,23.2,4.643862032471924,1237.5,1430.8233333333335,395.70816321290806,1086.05,-24.096149769247088,0.6757334374176619,High
Dhule,SOYABEAN,2015,48.4,388.6,23.2,-19.635168407473138,1086.05,1403.1933333333334,424.95024489148545,818.18,-41.69157018039805,0.7509348820562567,High
Dhule,SOYABEAN,2016,46.3,417.1882352941177,20.89597426470588,-13.722948348442515,818.18,1047.2433333333333,212.33648681593303,1537.8,46.84266311872757,0.5500817869698804,Low
Dhule,SOYABEAN,2017,45.63,417.1882352941177,20.89597426470588,-13.722948348442515,1537.8,1147.3433333333332,363.70440007419904,1573.53,37.1455216834252,0.5710922600796321,Low
Dhule,SUGARCANE,1999,12.6,368.4,22.11,-23.812650646714122,10662.26,9485.720000000001,1663.8788246744405,6930.95,-26.932800040481915,0.7253372425088118,High
Dhule,SUGARCANE,2000,13.5,208.7,22.78,-56.83957706289152,6930.95,8634.13,1886.7599094479408,7068.89,-18.128520186747235,0.7566987984777322,High
Dhule,SUGARCANE,2001,10.3,348.6,22.17,-27.90741046537606,7068.89,8220.699999999999,2115.5775301557733,6194.17,-24.651550354592665,0.7266479000026468,High
Dhule,SUGARCANE,2002,10.8,323.6,22.513125,-33.07756175156538,6194.17,6731.336666666667,470.2848942219356,6574.07,-2.3363363690520207,0.6861939327646649,High
Dhule,SUGARCANE,2003,9.0,617.0,22.16,27.599333743152528,6574.07,6612.376666666666,438.6163701155457,6218.89,-5.950760014175425,0.6013616822782584,Medium
Dhule,SUGARCANE,2004,7.7,628.9,22.09,30.060325755378635,6218.89,6329.043333333334,212.55898036389223,6003.9,-5.137321964930998,0.5958408975531699,Medium
Dhule,SUGARCANE,2005,11.3,405.8,21.76,-16.078104322574884,6003.9,6265.62,287.9430966354368,6292.04,0.42166617190318073,0.6542573204386379,Medium
Dhule,SUGARCANE,2006,23.5,814.1,21.83,68.36080648346916,6292.04,6171.610000000001,149.77554439896005,6568.09,6.424255583227059,0.51229974088849,Low
Dhule,SUGARCANE,2007,37.1,481.1,22.1021875,-0.5056086485726379,6568.09,6288.009999999999,282.11658884228086,7046.63,12.064548243402935,0.605249338802121,Medium
Dhule,SUGARCANE,2008,18.9,452.6,22.255,-6.399581114828468,7046.63,6635.586666666666,381.79623758405,6633.33,-0.03400854785007012,0.6404639344092176,Medium
Dhule,SUGARCANE,2009,14.3,504.9,22.91,4.416375375879589,6633.33,6749.349999999999,259.51033351295,7173.43,6.283271722462176,0.6102587666939878,Medium
Dhule,SUGARCANE,2012,16.1,364.6,22.78,-24.59851364221489,7173.43,6951.13,282.43085879556793,7627.95,9.736834155022272,0.6470865092045245,Medium
Dhule,SUGARCANE,2013,17.3,678.6,22.2775,40.338586512323026,7627.95,7144.903333333333,497.92325124795593,7916.18,10.7947809884062,0.5456247629834305,Low
Dhule,SUGARCANE,2014,15.0,506.0,23.2,4.643862032471924,7916.18,7572.52,374.46462356276237,7148.0,-5.606059805718577,0.6356715758301503,Medium
Dhule,SUGARCANE,2015,16.2,388.6,23.2,-19.635168407473138,7148.0,7564.043333333334,388.05692189849526,7400.0,-2.1687254567993484,0.6653020518220781,Medium
Dhule,SUGARCANE,2016,15.46,417.1882352941177,20.89597426470588,-13.722948348442515,7400.0,7488.06,391.5878583408859,9021.35,20.47646519926389,0.607208549128528,Medium
Dhule,SUGARCANE,2017,17.39,417.1882352941177,20.89597426470588,-13.722948348442515,9021.35,7856.45,1016.6710419304773,8431.68,7.321754736554048,0.6357104217976376,Medium
Dhule,SUNFLOWER,1999,1.7,368.4,22.11,-23.812650646714122,90.91,420.455,466.0470084122416,529.41,25.91359360692583,0.6108367229398102,Medium
Dhule,SUNFLOWER,2000,1.2,208.7,22.78,-56.83957706289152,529.41,456.7733333333333,335.4951132778737,583.33,27.706667055870177,0.6573892261190588,Medium
Dhule,SUNFLOWER,2001,1.4,348.6,22.17,-27.90741046537606,583.33,401.2166666666667,270.08241729763404,428.57,6.817596477381289,0.658464748533597,Medium
Dhule,SUNFLOWER,2002,0.9,323.6,22.513125,-33.07756175156538,428.57,513.77,78.55648668315055,555.56,8.133989917667432,0.6635082258101817,Medium
Dhule,SUNFLOWER,2003,0.7,617.0,22.16,27.599333743152528,555.56,522.4866666666667,82.51089887604752,428.57,-17.974940349355013,0.627414073004394,Medium
Dhule,SUNFLOWER,2004,1.4,628.9,22.09,30.060325755378635,428.57,470.90000000000003,73.3177106843906,571.43,21.348481630919498,0.5384549897623516,Low
Dhule,SUNFLOWER,2005,1.5,405.8,21.76,-16.078104322574884,571.43,518.52,78.30208234778948,600.0,15.713955102985425,0.6211240277547367,Medium
Dhule,SUNFLOWER,2006,1.0,814.1,21.83,68.36080648346916,600.0,533.3333333333334,91.84540398590087,600.0,12.499999999999991,0.4991356279855258,Low
Dhule,SUNFLOWER,2007,1.1,481.1,22.1021875,-0.5056086485726379,600.0,590.4766666666667,16.494897190747526,718.18,21.62715997809678,0.5845303467103533,Low
Dhule,SUNFLOWER,2008,1.3,452.6,22.255,-6.399581114828468,718.18,639.3933333333333,68.23125481282995,692.31,8.276074195330985,0.6224587551323852,Medium
Dhule,SUNFLOWER,2009,1.3,504.9,22.91,4.416375375879589,692.31,670.1633333333333,62.12474735025754,792.31,18.22640251878895,0.5843819833020327,Low
Dhule,SUNFLOWER,2013,0.2,678.6,22.2775,40.338586512323026,792.31,734.2666666666665,51.90458200711515,1000.0,36.1903032504086,0.49060113141594214,Low
Dhule,SUNFLOWER,2014,0.1,506.0,23.2,4.643862032471924,1000.0,828.2066666666666,156.95449032548692,1000.0,20.742809765678466,0.5785823584256471,Low
Dhule,SUNFLOWER,2015,0.51,388.6,23.2,-19.635168407473138,1000.0,930.77,119.90987740799353,411.76,-55.761358874910016,0.7814194242275976,High
Dhule,SUNFLOWER,2016,0.4,417.1882352941177,20.89597426470588,-13.722948348442515,411.76,803.9200000000001,339.62052234810545,488.72,-39.20788138123197,0.736524633385838,High
Dhule,SUNFLOWER,2017,0.31,417.1882352941177,20.89597426470588,-13.722948348442515,488.72,633.4933333333333,319.72810782496634,581.17,-8.25949233877758,0.6694697904607436,Medium
Jalgaon,COTTON,1999,332.6,415.1,21.96,-23.872624507754125,223.77,204.38,27.421600974414325,239.0,16.939035130639006,0.6303731894919703,Medium
Jalgaon,COTTON,2000,411.5,261.7,22.72,-52.00545852488377,239.0,215.92,27.847565423210707,116.14,-46.211559836976654,0.8101628980578003,High
Jalgaon,COTTON,2001,403.0,465.7,22.1,-14.592823977983857,116.14,192.97,66.97107509962791,212.98,10.369487485101306,0.6304354426032923,Medium
Jalgaon,COTTON,2002,384.0,501.3,22.374375,-8.063952459015042,212.98,189.37333333333333,64.74257434898101,207.27,9.450468210941356,0.6224560008798867,Medium
Jalgaon,COTTON,2003,383.6,674.5,22.05,23.700107852372536,207.27,178.79666666666665,54.3373208148261,228.15,27.60305001957532,0.5346165135312793,Low
Jalgaon,COTTON,2004,396.1,522.8,22.0528125,-4.120954210199619,228.15,216.13333333333333,10.791257263791454,264.63,22.438309685379398,0.5882940771729763,Medium
Jalgaon,COTTON,2005,393.4,469.9,21.96,-13.822563854959446,264.63,233.35,29.031403686353112,261.08,11.88343689736447,0.6259789062184989,Medium
Jalgaon,COTTON,2006,420.5,1110.6,21.85875,103.67878395974044,261.08,251.28666666666666,20.11540785898534,325.11,29.378133871010544,0.4086300341732164,Low
Jalgaon,COTTON,2007,416.0,547.4,22.13,0.39056936751478766,325.11,283.6066666666667,35.98674246626567,387.62,36.67520744693354,0.5505576340724363,Low
Jalgaon,COTTON,2008,434.6,487.6,22.26,-10.57646762221371,387.62,324.60333333333335,63.27152150322708,305.15,-5.992955504667248,0.6597537721249762,Medium
Jalgaon,COTTON,2009,413.6,529.3,22.9,-2.9288849721856507,305.15,339.29333333333335,43.02557882624388,281.58,-17.009863638149888,0.6719446354978331,Medium
Jalgaon,COTTON,2012,558.8,374.9,22.71,-31.24511425670206,281.58,324.7833333333333,55.67963032683789,259.59,-20.072869092215324,0.7218246412271749,High
Jalgaon,COTTON,2013,558.8,697.1,22.31,27.844840895313418,259.59,282.1066666666666,22.784565682350006,484.47,71.73291426410817,0.4326721252693747,Low
Jalgaon,COTTON,2014,471.1,588.0,23.39,7.836417223417423,484.47,341.87999999999994,123.975082577105,293.48,-14.157014157014135,0.6493230918510269,Medium
Jalgaon,COTTON,2015,461.6,319.5,23.39,-41.4052120699288,293.48,345.84666666666664,121.2413066299326,236.27,-31.683597740809983,0.7624973440767044,High
Jalgaon,COTTON,2016,504.2,417.1882352941177,20.89597426470588,-23.489652037622935,236.27,338.0733333333333,129.97012746525002,522.04,54.416201613062256,0.5485878007779807,Low
Jalgaon,COTTON,2017,514.3,417.1882352941177,20.89597426470588,-23.489652037622935,522.04,350.59666666666664,151.20469051366538,292.21,-16.65351448483062,0.7025721856562354,High
Jalgaon,GROUNDNUT,1999,17.2,415.1,21.96,-23.872624507754125,1148.33,1074.165,104.88514885340054,936.05,-12.85789427136427,0.6949332031960955,High
Jalgaon,GROUNDNUT,2000,11.3,261.7,22.72,-52.00545852488377,936.05,1028.1266666666668,108.8991810498744,557.52,-45.77321860471149,0.809213158721229,High
Jalgaon,GROUNDNUT,2001,7.7,465.7,22.1,-14.592823977983857,557.52,880.6333333333332,299.2780801083388,727.27,-17.415117907566515,0.690635420953872,High
Jalgaon,GROUNDNUT,2002,8.3,501.3,22.374375,-8.063952459015042,727.27,740.2800000000001,189.60006671939732,1024.1,38.33954719835735,0.5598629964073606,Low
Jalgaon,GROUNDNUT,2003,8.7,674.5,22.05,23.700107852372536,1024.1,769.63,236.1567303720136,1045.98,35.90686433740889,0.5166249158426999,Low
Jalgaon,GROUNDNUT,2004,7.8,522.8,22.0528125,-4.120954210199619,1045.98,932.4499999999999,178.0275481491559,987.18,5.869483618424582,0.6241932003179254,Medium
Jalgaon,GROUNDNUT,2005,5.6,469.9,21.96,-13.822563854959446,987.18,1019.0866666666666,29.718851480725213,1071.43,5.136298515664368,0.6405977060454672,Medium
Jalgaon,GROUNDNUT,2006,5.6,1110.6,21.85875,103.67878395974044,1071.43,1034.8633333333335,43.21111932516229,1196.43,15.612367494580598,0.4384558613220485,Low
Jalgaon,GROUNDNUT,2007,7.8,547.4,22.13,0.39056936751478766,1196.43,1085.0133333333333,105.28423829488167,1014.1,-6.535710774675577,0.644181290218944,Medium
Jalgaon,GROUNDNUT,2008,4.9,487.6,22.26,-10.57646762221371,1014.1,1093.986666666667,93.23443373203607,1163.27,6.333105827005789,0.6330473059064403,Medium
Jalgaon,GROUNDNUT,2009,6.0,529.3,22.9,-2.9288849721856507,1163.27,1124.6000000000001,97.12149041278195,1501.67,33.52925484616752,0.5624432121155104,Low
Jalgaon,GROUNDNUT,2012,2.9,374.9,22.71,-31.24511425670206,1501.67,1226.3466666666666,249.8301935982388,1286.21,4.881436461685667,0.6677569791939031,Medium
Jalgaon,GROUNDNUT,2013,3.1,697.1,22.31,27.844840895313418,1286.21,1317.05,171.2949771592856,1161.29,-11.826430279791959,0.6137173717805549,Medium
Jalgaon,GROUNDNUT,2014,4.8,588.0,23.39,7.836417223417423,1161.29,1316.39,172.18525023938662,1083.33,-17.704479675476126,0.6570092671410023,Medium
Jalgaon,GROUNDNUT,2015,4.5,319.5,23.39,-41.4052120699288,1083.33,1176.9433333333334,102.34179856409372,711.11,-39.57992879861109,0.7796060613685499,High
Jalgaon,GROUNDNUT,2016,4.9,417.1882352941177,20.89597426470588,-23.489652037622935,711.11,985.2433333333333,240.5852317440402,1387.76,40.85454354761768,0.5779713932530126,Low
Jalgaon,GROUNDNUT,2017,5.05,417.1882352941177,20.89597426470588,-23.489652037622935,1387.76,1060.7333333333333,338.89048767018164,1108.03,4.458864936207651,0.6568286969108049,Medium
Jalgaon,KHARIF SORGHUM,1999,145.4,415.1,21.96,-23.872624507754125,2030.51,2029.55,1.3576450198782226,1634.8,-19.450124411815427,0.7092163685003589,High
Jalgaon,KHARIF SORGHUM,2000,142.1,261.7,22.72,-52.00545852488377,1634.8,1897.9666666666665,227.911040613072,1175.93,-38.04264212578372,0.7924635763502746,High
Jalgaon,KHARIF SORGHUM,2001,144.5,465.7,22.1,-14.592823977983857,1175.93,1613.7466666666667,427.67882369055104,1498.96,-7.113053680462028,0.6683142817952199,Medium
Jalgaon,KHARIF SORGHUM,2002,155.9,501.3,22.374375,-8.063952459015042,1498.96,1436.5633333333335,235.71259455814737,2114.82,47.21383672607542,0.540635369097369,Low
Jalgaon,KHARIF SORGHUM,2003,154.7,674.5,22.05,23.700107852372536,2114.82,1596.57,476.99516989168796,1870.07,17.130473452463722,0.5573070960932788,Low
Jalgaon,KHARIF SORGHUM,2004,132.5,522.8,22.0528125,-4.120954210199619,1870.07,1827.95,310.08298195805617,1829.43,0.08096501545447185,0.6367349906243189,Medium
Jalgaon,KHARIF SORGHUM,2005,131.7,469.9,21.96,-13.822563854959446,1829.43,1938.1066666666666,154.3813590863011,2012.91,3.859608690268175,0.6433638673338163,Medium
Jalgaon,KHARIF SORGHUM,2006,129.5,1110.6,21.85875,103.67878395974044,2012.91,1904.1366666666665,96.36716729951885,1899.61,-0.23772803422723385,0.47279773496768435,Low
Jalgaon,KHARIF SORGHUM,2007,120.1,547.4,22.13,0.39056936751478766,1899.61,1913.9833333333336,92.58062504289677,2269.78,18.58932940899868,0.5897437031544979,Medium
Jalgaon,KHARIF SORGHUM,2008,10.8,487.6,22.26,-10.57646762221371,2269.78,2060.766666666667,189.66853358776572,1925.93,-6.543034145868049,0.6609456091809072,Medium
Jalgaon,KHARIF SORGHUM,2009,112.9,529.3,22.9,-2.9288849721856507,1925.93,2031.7733333333335,206.5395013873458,2021.08,-0.526305427770828,0.6362302593754642,Medium
Jalgaon,KHARIF SORGHUM,2012,77.5,374.9,22.71,-31.24511425670206,2021.08,2072.263333333334,177.547193256704,1938.06,-6.47617178640426,0.6923651303980158,High
Jalgaon,KHARIF SORGHUM,2013,77.6,697.1,22.31,27.844840895313418,1938.06,1961.6899999999998,51.78960610006744,2297.68,17.12757877136551,0.550983685503256,Low
Jalgaon,KHARIF SORGHUM,2014,53.5,588.0,23.39,7.836417223417423,2297.68,2085.6066666666666,188.29339906999746,2235.51,7.187516981469836,0.6030766077177991,Medium
Jalgaon,KHARIF SORGHUM,2015,51.5,319.5,23.39,-41.4052120699288,2235.51,2157.0833333333335,192.21002219794167,1244.66,-42.29893760865366,0.7854972471236225,High
Jalgaon,KHARIF SORGHUM,2016,54.9,417.1882352941177,20.89597426470588,-23.489652037622935,1244.66,1925.95,590.8327388525456,2302.37,19.544640307380764,0.624142850273372,Medium
Jalgaon,KHARIF SORGHUM,2017,55.7,417.1882352941177,20.89597426470588,-23.489652037622935,2302.37,1927.5133333333333,592.3124775262917,1899.46,-1.4554157861424195,0.6696429718091873,Medium
Jalgaon,MAIZE,1999,9.2,415.1,21.96,-23.872624507754125,2046.51,1770.315,390.59871485963697,1608.7,-9.129166278317701,0.6868542925445216,High
Jalgaon,MAIZE,2000,9.7,261.7,22.72,-52.00545852488377,1608.7,1716.4433333333334,291.53069724015916,659.79,-61.56063021791185,0.8434192172163825,High
Jalgaon,MAIZE,2001,9.9,465.7,22.1,-14.592823977983857,659.79,1438.3333333333333,708.8841163641158,1828.28,27.111008111239865,0.5941621479134463,Medium
Jalgaon,MAIZE,2002,14.3,501.3,22.374375,-8.063952459015042,1828.28,1365.59,621.022603533881,2811.19,105.85900599740773,0.4135708356765725,Low
Jalgaon,MAIZE,2003,16.0,674.5,22.05,23.700107852372536,2811.19,1766.42,1077.0331864432032,3231.25,82.92648407513501,0.41474907307796616,Low
Jalgaon,MAIZE,2004,21.3,522.8,22.0528125,-4.120954210199619,3231.25,2623.5733333333333,720.0563973976851,2065.73,-21.26273072857375,0.6829796647362258,High
Jalgaon,MAIZE,2005,29.3,469.9,21.96,-13.822563854959446,2065.73,2702.7233333333334,590.2821197811544,3249.15,20.217632338739815,0.6079214827622459,Medium
Jalgaon,MAIZE,2006,46.1,1110.6,21.85875,103.67878395974044,3249.15,2848.7100000000005,678.1396337038559,2905.86,2.006171214339109,0.4679359532624735,Low
Jalgaon,MAIZE,2007,69.3,547.4,22.13,0.39056936751478766,2905.86,2740.2466666666664,608.8444433788759,2814.72,2.7177602016363505,0.6241321031036683,Medium
Jalgaon,MAIZE,2008,74.7,487.6,22.26,-10.57646762221371,2814.72,2989.91,229.08657337347327,2554.22,-14.572010528745013,0.6783417246770826,High
Jalgaon,MAIZE,2009,87.0,529.3,22.9,-2.9288849721856507,2554.22,2758.2666666666664,182.49083958745172,2273.45,-17.576859863682508,0.6731731273198164,Medium
Jalgaon,MAIZE,2012,82.2,374.9,22.71,-31.24511425670206,2273.45,2547.463333333333,270.69825014826523,2679.44,5.180709176056192,0.6671085549794358,Medium
Jalgaon,MAIZE,2013,87.5,697.1,22.31,27.844840895313418,2679.44,2502.37,207.90210893591106,3481.14,39.113720193256796,0.5033470457559837,Low
Jalgaon,MAIZE,2014,154.1,588.0,23.39,7.836417223417423,3481.14,2811.343333333333,614.5548397281834,2899.42,3.1329032502848806,0.6118616041353373,Medium
Jalgaon,MAIZE,2015,148.9,319.5,23.39,-41.4052120699288,2899.42,3020.0,414.2286503852674,1751.51,-42.00298013245033,0.784856005925184,High
Jalgaon,MAIZE,2016,197.6,417.1882352941177,20.89597426470588,-23.489652037622935,1751.51,2710.69,880.1245615820523,3392.21,25.14193803053835,0.6120153718732377,Medium
Jalgaon,MAIZE,2017,202.67,417.1882352941177,20.89597426470588,-23.489652037622935,3392.21,2681.0466666666666,841.8665612989586,3569.91,33.15359424304438,0.5946567834128659,Medium
Jalgaon,MINOR PULSES,1999,105.3,415.1,21.96,-23.872624507754125,647.12,594.275,74.73411570360625,347.58,-41.511926296748136,0.757016939250887,High
Jalgaon,MINOR PULSES,2000,105.1,261.7,22.72,-52.00545852488377,347.58,512.0433333333333,151.9168688241478,283.54,-44.625780370150956,0.8067270425463561,High
Jalgaon,MINOR PULSES,2001,103.1,465.7,22.1,-14.592823977983857,283.54,426.08,194.0857841265042,575.17,34.99108148704468,0.5770886555992595,Low
Jalgaon,MINOR PULSES,2002,113.4,501.3,22.374375,-8.063952459015042,575.17,402.09666666666664,153.26794979164208,670.19,66.6738512298038,0.49847200433943134,Low
Jalgaon,MINOR PULSES,2003,112.9,674.5,22.05,23.700107852372536,670.19,509.6333333333334,201.48411012616685,572.19,12.274838118909019,0.5678276393159456,Low
Jalgaon,MINOR PULSES,2004,98.9,522.8,22.0528125,-4.120954210199619,572.19,605.85,55.739992823824565,391.1,-35.44606750845919,0.7137102277592086,High
Jalgaon,MINOR PULSES,2005,102.4,469.9,21.96,-13.822563854959446,391.1,544.4933333333333,141.5914405369666,410.25,-24.654724881847343,0.7051449234065273,High
Jalgaon,MINOR PULSES,2006,98.3,1110.6,21.85875,103.67878395974044,410.25,457.84666666666664,99.48607456992828,509.46,11.273060850066255,0.4478576923851316,Low
Jalgaon,MINOR PULSES,2007,107.2,547.4,22.13,0.39056936751478766,509.46,436.93666666666667,63.53271624394254,570.9,30.659668449279447,0.5635913019006434,Low
Jalgaon,MINOR PULSES,2008,87.1,487.6,22.26,-10.57646762221371,570.9,496.87000000000006,81.06162285570156,438.58,-11.731438806931404,0.6721871526131737,Medium
Jalgaon,MINOR PULSES,2009,85.83,529.3,22.9,-2.9288849721856507,438.58,506.31333333333333,66.2160987474597,476.76,-5.836965252083692,0.6477366889947704,Medium
Jalgaon,MINOR PULSES,2012,83.5,374.9,22.71,-31.24511425670206,476.76,495.41333333333336,68.10363964821067,495.09,-0.06526536763915256,0.6784748331574044,High
Jalgaon,MINOR PULSES,2013,82.2,697.1,22.31,27.844840895313418,495.09,470.1433333333334,28.830196553844843,678.83,44.38788170983317,0.4919196958034397,Low
Jalgaon,MINOR PULSES,2014,58.8,588.0,23.39,7.836417223417423,678.83,550.2266666666668,111.75021357175726,547.62,-0.47374415392446684,0.6196760068444314,Medium
Jalgaon,MINOR PULSES,2015,59.6,319.5,23.39,-41.4052120699288,547.62,573.8466666666667,94.63601551911073,315.6,-45.002730113735375,0.7913554642179467,High
Jalgaon,MINOR PULSES,2016,63.19,417.1882352941177,20.89597426470588,-23.489652037622935,315.6,514.0166666666668,183.93177059261228,708.8,37.89436140202973,0.5843851212350984,Low
Jalgaon,MINOR PULSES,2017,62.63,417.1882352941177,20.89597426470588,-23.489652037622935,708.8,524.0066666666667,197.66069951645252,522.14,-0.35622956450935883,0.6672614016623236,Medium
Jalgaon,OILSEEDS,1999,47.6,415.1,21.96,-23.872624507754125,760.08,673.965,121.78500092375909,652.94,-3.1195981987195145,0.6738335617054355,High
Jalgaon,OILSEEDS,2000,42.7,261.7,22.72,-52.00545852488377,652.94,666.9566666666667,86.96633505749989,377.05,-43.46709181506045,0.8042165506770017,High
Jalgaon,OILSEEDS,2001,38.2,465.7,22.1,-14.592823977983857,377.05,596.6899999999999,197.61336518565744,554.45,-7.07905277447249,0.6682406131655763,Medium
Jalgaon,OILSEEDS,2002,39.1,501.3,22.374375,-8.063952459015042,554.45,528.1466666666666,139.81316831161985,755.5,43.04738582716923,0.5496626793783023,Low
Jalgaon,OILSEEDS,2003,43.1,674.5,22.05,23.700107852372536,755.5,562.3333333333334,189.34812075469176,702.55,24.934795494961453,0.5403977316679234,Low
Jalgaon,OILSEEDS,2004,43.5,522.8,22.0528125,-4.120954210199619,702.55,670.8333333333334,104.21005629656536,779.54,16.2047204968944,0.6018001870813154,Medium
Jalgaon,OILSEEDS,2005,49.2,469.9,21.96,-13.822563854959446,779.54,745.8633333333333,39.38926291939613,871.34,16.823010471087198,0.615276496808802,Medium
Jalgaon,OILSEEDS,2006,62.4,1110.6,21.85875,103.67878395974044,871.34,784.4766666666666,84.50321907083372,1118.59,42.59060180247554,0.3800030203218044,Low
Jalgaon,OILSEEDS,2007,58.5,547.4,22.13,0.39056936751478766,1118.59,923.1566666666668,175.36376716224274,1121.71,21.50808638475953,0.5834197297070371,Low
Jalgaon,OILSEEDS,2008,48.3,487.6,22.26,-10.57646762221371,1121.71,1037.2133333333334,143.65899078489062,1054.45,1.6618246326695902,0.6431684151608017,Medium
Jalgaon,OILSEEDS,2009,50.3,529.3,22.9,-2.9288849721856507,1054.45,1098.25,37.96397766304201,1230.62,12.052811290689723,0.6089755064855571,Medium
Jalgaon,OILSEEDS,2012,26.41,374.9,22.71,-31.24511425670206,1230.62,1135.5933333333335,88.90178532140557,1225.29,7.898660905605863,0.661219659565431,Medium
Jalgaon,OILSEEDS,2013,39.4,697.1,22.31,27.844840895313418,1225.29,1170.1200000000001,100.20860192618176,1601.52,36.86801353707311,0.5082127435110322,Low
Jalgaon,OILSEEDS,2014,34.1,588.0,23.39,7.836417223417423,1601.52,1352.4766666666667,215.69431757311855,1246.33,-7.848317777509416,0.6356542496954789,Medium
Jalgaon,OILSEEDS,2015,40.8,319.5,23.39,-41.4052120699288,1246.33,1357.7133333333334,211.40467930803544,536.76,-60.46588135934439,0.8248589585833211,High
Jalgaon,PEARL MILLET,1999,67.3,415.1,21.96,-23.872624507754125,1121.17,1139.795,26.339727599198895,1019.32,-10.569883180747416,0.6899758458331089,High
Jalgaon,PEARL MILLET,2000,63.8,261.7,22.72,-52.00545852488377,1019.32,1099.6366666666668,72.00670686355082,559.56,-49.114101324376854,0.8164517379471465,High
Jalgaon,PEARL MILLET,2001,62.5,465.7,22.1,-14.592823977983857,559.56,900.0166666666668,299.20964562215136,864.0,-4.001777744856587,0.6615731839347639,Medium
Jalgaon,PEARL MILLET,2002,63.6,501.3,22.374375,-8.063952459015042,864.0,814.2933333333334,233.8757767134797,1017.3,24.930410007859557,0.5889161269866756,Medium
Jalgaon,PEARL MILLET,2003,61.7,674.5,22.05,23.700107852372536,1017.3,813.6199999999999,232.99159899017832,1034.04,27.091271109363106,0.5357253678367353,Low
Jalgaon,PEARL MILLET,2004,58.6,522.8,22.0528125,-4.120954210199619,1034.04,971.7799999999999,93.71474377065772,974.4,0.26960834756839186,0.6363262634047401,Medium
Jalgaon,PEARL MILLET,2005,60.1,469.9,21.96,-13.822563854959446,974.4,1008.5799999999999,30.761358877657255,737.1,-26.9170516964445,0.710046631504805,High
Jalgaon,PEARL MILLET,2006,52.7,1110.6,21.85875,103.67878395974044,737.1,915.18,157.07831549898933,1060.72,15.902882493061485,0.43782641215867535,Low
Jalgaon,PEARL MILLET,2007,59.4,547.4,22.13,0.39056936751478766,1060.72,924.0733333333334,167.57701552818446,1012.63,9.58329425514569,0.6092567793211143,Medium
Jalgaon,PEARL MILLET,2008,33.0,487.6,22.26,-10.57646762221371,1012.63,936.8166666666666,174.6230861980551,1024.24,9.331957515700342,0.6265497939142904,Medium
Jalgaon,PEARL MILLET,2009,33.2,529.3,22.9,-2.9288849721856507,1024.24,1032.53,25.09392555978481,1086.45,5.222124296630613,0.6237753283059692,Medium
Jalgaon,PEARL MILLET,2012,17.6,374.9,22.71,-31.24511425670206,1086.45,1041.1066666666668,39.69523187151517,1034.09,-0.6739623221444052,0.679793676558828,High
Jalgaon,PEARL MILLET,2013,17.7,697.1,22.31,27.844840895313418,1034.09,1048.26,33.43819223582548,1175.14,12.10386736115087,0.5618683935586849,Low
Jalgaon,PEARL MILLET,2014,19.0,588.0,23.39,7.836417223417423,1175.14,1098.5600000000002,71.30052384099278,1221.05,11.150050975822873,0.5944911173967296,Medium
Jalgaon,PEARL MILLET,2015,18.4,319.5,23.39,-41.4052120699288,1221.05,1143.426666666667,97.43106297959211,619.57,-45.814627377356956,0.7931145749557875,High
Jalgaon,PEARL MILLET,2016,20.5,417.1882352941177,20.89597426470588,-23.489652037622935,619.57,1005.2533333333334,334.79942836470525,1400.0,39.26837679390932,0.5814080878860359,Low
Jalgaon,PEARL MILLET,2017,20.2,417.1882352941177,20.89597426470588,-23.489652037622935,1400.0,1080.2066666666667,408.8341713131784,1000.0,-7.425122353129961,0.6825773360376172,High
Jalgaon,PIGEONPEA,1999,25.1,415.1,21.96,-23.872624507754125,569.67,437.09999999999997,187.4822919638012,557.77,27.60695493022192,0.6072593632596177,Medium
Jalgaon,PIGEONPEA,2000,25.7,261.7,22.72,-52.00545852488377,557.77,477.32333333333327,149.76165908981287,330.74,-30.70944223691836,0.7765749765911194,High
Jalgaon,PIGEONPEA,2001,28.4,465.7,22.1,-14.592823977983857,330.74,486.05999999999995,134.6425983855035,633.8,30.395424433197554,0.5870459125492284,Medium
Jalgaon,PIGEONPEA,2002,24.9,501.3,22.374375,-8.063952459015042,633.8,507.43666666666667,157.67505900849798,730.92,44.0416209576236,0.547508503262325,Low
Jalgaon,PIGEONPEA,2003,25.8,674.5,22.05,23.700107852372536,730.92,565.1533333333333,208.73495570539527,709.3,25.505762447949227,0.5391606366031206,Low
Jalgaon,PIGEONPEA,2004,25.9,522.8,22.0528125,-4.120954210199619,709.3,691.34,50.99014414570733,710.42,2.759857667717755,0.630930723211101,Medium
Jalgaon,PIGEONPEA,2005,29.3,469.9,21.96,-13.822563854959446,710.42,716.88,12.171885638635224,696.25,-2.8777480191942857,0.657961473537603,Medium
Jalgaon,PIGEONPEA,2006,31.1,1110.6,21.85875,103.67878395974044,696.25,705.3233333333333,7.877666744242586,765.27,8.499175319120788,0.4538677777021601,Low
Jalgaon,PIGEONPEA,2007,29.9,547.4,22.13,0.39056936751478766,765.27,723.98,36.45333043769823,775.92,7.174231332357239,0.6144764156538053,Medium
Jalgaon,PIGEONPEA,2008,13.8,487.6,22.26,-10.57646762221371,775.92,745.8133333333334,43.2521517769157,615.94,-17.413651315789473,0.6844986130489918,High
Jalgaon,PIGEONPEA,2009,14.8,529.3,22.9,-2.9288849721856507,615.94,719.0433333333334,89.44874864039933,725.68,0.92298563368919,0.6330901287423113,Medium
Jalgaon,PIGEONPEA,2012,18.3,374.9,22.71,-31.24511425670206,725.68,705.8466666666667,81.81332980225986,628.96,-10.892828470772688,0.7019345532141155,High
Jalgaon,PIGEONPEA,2013,18.4,697.1,22.31,27.844840895313418,628.96,656.86,59.95435263598468,1108.7,68.78786956124593,0.43905305545888823,Low
Jalgaon,PIGEONPEA,2014,15.6,588.0,23.39,7.836417223417423,1108.7,821.1133333333333,253.70900207389835,525.64,-35.98447636136303,0.6966159266269585,High
Jalgaon,PIGEONPEA,2015,15.5,319.5,23.39,-41.4052120699288,525.64,754.4333333333334,311.12281969237387,496.77,-34.15322758803518,0.7678482087456746,High
Jalgaon,PIGEONPEA,2016,19.76,417.1882352941177,20.89597426470588,-23.489652037622935,496.77,710.37,345.2657829846451,1082.12,52.33188338471499,0.5531038236060514,Low
Jalgaon,PIGEONPEA,2017,19.5,417.1882352941177,20.89597426470588,-23.489652037622935,1082.12,701.5099999999999,329.93385443146025,738.46,5.267209305640713,0.6550772841103724,Medium
Jalgaon,RICE,1999,1.8,415.1,21.96,-23.872624507754125,1055.56,998.3699999999999,80.87887363211735,944.44,-5.401804942055534,0.6787783429826472,High
Jalgaon,RICE,2000,1.7,261.7,22.72,-52.00545852488377,944.44,980.3933333333333,65.1166471290816,1235.29,25.999428800685436,0.653705756010054,Medium
Jalgaon,RICE,2001,1.2,465.7,22.1,-14.592823977983857,1235.29,1078.43,146.76753149113048,583.33,-45.90933115733056,0.7523728829948215,High
Jalgaon,RICE,2002,0.9,501.3,22.374375,-8.063952459015042,583.33,921.02,326.61036832899237,888.89,-3.488523593407309,0.6504904831225486,Medium
Jalgaon,RICE,2003,0.9,674.5,22.05,23.700107852372536,888.89,902.5033333333334,326.1931215297671,1222.22,35.42553859450195,0.5176677882856613,Low
Jalgaon,RICE,2004,0.4,522.8,22.0528125,-4.120954210199619,1222.22,898.1466666666666,319.5455717629857,1000.0,11.340389839818295,0.6123395701716119,Medium
Jalgaon,RICE,2005,0.2,469.9,21.96,-13.822563854959446,1000.0,1037.0366666666666,169.72332848884793,1500.0,44.642908801038864,0.555000050427441,Low
Jalgaon,RICE,2006,0.1,1110.6,21.85875,103.67878395974044,1500.0,1240.74,250.51395729579602,1000.0,-19.40293695697729,0.5143223543001711,Low
Jalgaon,RICE,2007,0.1,547.4,22.13,0.39056936751478766,1000.0,1166.6666666666667,288.67513459481285,1400.0,19.999999999999993,0.5866872502073386,Medium
Jalgaon,RICE,2009,0.2,529.3,22.9,-2.9288849721856507,1400.0,1300.0,264.5751311064588,450.0,-65.38461538461539,0.7767565976148255,High
Jalgaon,RICE,2012,0.03,374.9,22.71,-31.24511425670206,450.0,950.0,476.969600708473,0.0,-100.0,0.8950000915267977,High
Jalgaon,SESAMUM,1999,24.1,415.1,21.96,-23.872624507754125,407.26,390.01,24.39518395093589,390.04,0.007692110458713766,0.667057766035572,Medium
Jalgaon,SESAMUM,2000,26.3,261.7,22.72,-52.00545852488377,390.04,390.02,17.25000869564998,224.33,-42.48243679811291,0.8020831314736225,High
Jalgaon,SESAMUM,2001,25.8,465.7,22.1,-14.592823977983857,224.33,340.54333333333335,101.011317352727,410.85,20.645439151160403,0.6081708806602384,Medium
Jalgaon,SESAMUM,2002,26.2,501.3,22.374375,-8.063952459015042,410.85,341.74,102.2110321834194,458.02,34.02586761865745,0.569209302163346,Low
Jalgaon,SESAMUM,2003,29.7,674.5,22.05,23.700107852372536,458.02,364.40000000000003,123.57570918267069,400.67,9.953347969264538,0.5728575346401584,Low
Jalgaon,SESAMUM,2004,25.8,522.8,22.0528125,-4.120954210199619,400.67,423.18,30.59864866297229,290.7,-31.305827307528716,0.704739707323889,High
Jalgaon,SESAMUM,2005,0.7,469.9,21.96,-13.822563854959446,290.7,383.12999999999994,85.02784426292372,285.71,-25.427400621199066,0.7068190541751171,High
Jalgaon,SESAMUM,2006,26.4,1110.6,21.85875,103.67878395974044,285.71,325.6933333333333,64.97961552158752,371.21,13.975314201498337,0.4420028101237149,Low
Jalgaon,SESAMUM,2007,22.2,547.4,22.13,0.39056936751478766,371.21,315.8733333333333,47.98786339621023,436.94,38.327599670754125,0.5469774509208369,Low
Jalgaon,SESAMUM,2008,12.4,487.6,22.26,-10.57646762221371,436.94,364.61999999999995,75.83006857441187,330.65,-9.316548735670006,0.6669548907921248,Medium
Jalgaon,SESAMUM,2009,13.0,529.3,22.9,-2.9288849721856507,330.65,379.59999999999997,53.6393987662055,401.54,5.7797681770284655,0.6225670998984446,Medium
Jalgaon,SESAMUM,2012,7.3,374.9,22.71,-31.24511425670206,401.54,389.71000000000004,54.12349489824183,376.71,-3.3358138102691886,0.6855610214497458,High
Jalgaon,SESAMUM,2013,7.3,697.1,22.31,27.844840895313418,376.71,369.63333333333327,35.970924832888876,369.86,0.06132203084139547,0.5879605751076018,Medium
Jalgaon,SESAMUM,2014,3.4,588.0,23.39,7.836417223417423,369.86,382.7033333333334,16.66870220903056,352.94,-7.777129369137114,0.6355000081440061,Medium
Jalgaon,SESAMUM,2015,3.1,319.5,23.39,-41.4052120699288,352.94,366.50333333333333,12.235343613210832,193.55,-47.190111958963534,0.7960947915492586,High
Jalgaon,SESAMUM,2016,3.43,417.1882352941177,20.89597426470588,-23.489652037622935,193.55,305.45,97.27681686815211,259.17,-15.151415943689631,0.6993176388171074,High
Jalgaon,SESAMUM,2017,3.63,417.1882352941177,20.89597426470588,-23.489652037622935,259.17,268.55333333333334,80.10822824987041,343.08,27.751160539185253,0.6063620564378549,Medium
Jalgaon,SOYABEAN,1999,3.0,415.1,21.96,-23.872624507754125,1500.0,1340.9099999999999,224.9872356379358,1366.67,1.921083443333275,0.6629120848143576,Medium
Jalgaon,SOYABEAN,2000,2.9,261.7,22.72,-52.00545852488377,1366.67,1349.4966666666667,159.78366823093455,1000.0,-25.898297883902394,0.7661508304929527,High
Jalgaon,SOYABEAN,2001,3.1,465.7,22.1,-14.592823977983857,1000.0,1288.89,258.91561617639064,1387.1,7.619734810573424,0.6363932400647496,Medium
Jalgaon,SOYABEAN,2002,3.4,501.3,22.374375,-8.063952459015042,1387.1,1251.256666666667,217.83429627433182,2529.41,102.14957229665104,0.4216079420281852,Low
Jalgaon,SOYABEAN,2003,3.6,674.5,22.05,23.700107852372536,2529.41,1638.8366666666668,795.1743513427311,2444.44,49.15702398652702,0.4879162366030396,Low
Jalgaon,SOYABEAN,2004,8.5,522.8,22.0528125,-4.120954210199619,2444.44,2120.316666666667,636.4039483168951,2117.65,-0.12576737751437927,0.6371829108090832,Medium
Jalgaon,SOYABEAN,2005,14.6,469.9,21.96,-13.822563854959446,2117.65,2363.8333333333335,217.3928481650979,1815.07,-23.214975675104004,0.7020254667919272,High
Jalgaon,SOYABEAN,2006,27.1,1110.6,21.85875,103.67878395974044,1815.07,2125.72,314.76259768276174,1892.99,-10.94829046158477,0.496003953560215,Low
Jalgaon,SOYABEAN,2007,24.8,547.4,22.13,0.39056936751478766,1892.99,1941.9033333333334,157.108401218183,1834.68,-5.521558745629289,0.6419839608226843,Medium
Jalgaon,SOYABEAN,2008,18.1,487.6,22.26,-10.57646762221371,1834.68,1847.58,40.530101159512256,1867.4,1.0727546303813726,0.6444447334990885,Medium
Jalgaon,SOYABEAN,2009,19.1,529.3,22.9,-2.9288849721856507,1867.4,1865.0233333333335,29.227562904450473,2187.43,17.28700445213373,0.5976347546357996,Medium
Jalgaon,SOYABEAN,2012,15.0,374.9,22.71,-31.24511425670206,2187.43,1963.17,194.90269444007214,1705.33,-13.133860032498465,0.7067901215978385,High
Jalgaon,SOYABEAN,2013,15.0,697.1,22.31,27.844840895313418,1705.33,1920.0533333333333,245.3250550460216,1766.67,-7.988493375184016,0.6054018418205986,Medium
Jalgaon,SOYABEAN,2014,25.0,588.0,23.39,7.836417223417423,1766.67,1886.4766666666667,262.4315730496876,1416.0,-24.939437363833463,0.6726850087990577,Medium
Jalgaon,SOYABEAN,2015,31.8,319.5,23.39,-41.4052120699288,1416.0,1629.3333333333333,187.28049079744952,553.46,-66.03150572831423,0.8369178113827157,High
Jalgaon,SOYABEAN,2016,33.9,417.1882352941177,20.89597426470588,-23.489652037622935,553.46,1245.3766666666666,624.3427483628953,1876.11,50.64598929908757,0.5567565941248986,Low
Jalgaon,SOYABEAN,2017,34.14,417.1882352941177,20.89597426470588,-23.489652037622935,1876.11,1281.8566666666666,671.4511009994201,1637.42,27.738150651268878,0.6063902445283403,Medium
Jalgaon,SUGARCANE,1999,9.7,415.1,21.96,-23.872624507754125,9572.9,7423.014999999999,3040.3965245424815,9271.13,24.897093701144346,0.6131307292559328,Medium
Jalgaon,SUGARCANE,2000,14.5,261.7,22.72,-52.00545852488377,9271.13,8039.053333333333,2400.1073304403144,8299.31,3.237404404166986,0.7030234755356796,High
Jalgaon,SUGARCANE,2001,13.5,465.7,22.1,-14.592823977983857,8299.31,9047.779999999999,665.5236952205407,7462.22,-17.524298778263827,0.6908719795070486,High
Jalgaon,SUGARCANE,2002,12.0,501.3,22.374375,-8.063952459015042,7462.22,8344.22,905.2908527650102,7125.0,-14.611551469160682,0.6745903768532673,High
Jalgaon,SUGARCANE,2003,13.0,674.5,22.05,23.700107852372536,7125.0,7628.843333333334,604.6267405873881,3383.85,-55.64399670898123,0.7149851147758839,High
Jalgaon,SUGARCANE,2004,14.9,522.8,22.0528125,-4.120954210199619,3383.85,5990.3566666666675,2263.589424925227,6191.95,3.365297670088631,0.6296189365393019,Medium
Jalgaon,SUGARCANE,2005,17.0,469.9,21.96,-13.822563854959446,6191.95,5566.933333333334,1947.314870747234,6464.71,16.126952002299273,0.6167846234911709,Medium
Jalgaon,SUGARCANE,2006,18.8,1110.6,21.85875,103.67878395974044,6464.71,5346.836666666667,1705.4580013982506,6587.23,23.198638946018534,0.4220189398439878,Low
Jalgaon,SUGARCANE,2007,22.4,547.4,22.13,0.39056936751478766,6587.23,6414.630000000001,202.34271521353526,6644.64,3.585709542093609,0.6222515461993505,Medium
Jalgaon,SUGARCANE,2008,11.7,487.6,22.26,-10.57646762221371,6644.64,6565.526666666668,91.90743840038145,6536.75,-0.4382994408166425,0.6477186839866733,Medium
Jalgaon,SUGARCANE,2009,9.6,529.3,22.9,-2.9288849721856507,6536.75,6589.540000000001,53.982081286170356,7035.42,6.766481423589495,0.6204292211975695,Medium
Jalgaon,SUGARCANE,2012,11.0,374.9,22.71,-31.24511425670206,7035.42,6738.936666666668,262.36775379859586,6900.91,2.403544377179162,0.6731257453769826,Medium
Jalgaon,SUGARCANE,2013,11.7,697.1,22.31,27.844840895313418,6900.91,6824.360000000001,257.99780832400035,7548.72,10.614328669648138,0.5650957273902634,Low
Jalgaon,SUGARCANE,2014,7.9,588.0,23.39,7.836417223417423,7548.72,7161.683333333334,341.8644044549274,7007.59,-2.1516356722465266,0.6233114384674505,Medium
Jalgaon,SUGARCANE,2015,10.0,319.5,23.39,-41.4052120699288,7007.59,7152.406666666667,347.3375148660481,7766.0,8.578837333074834,0.6752620680835781,High
Jalgaon,SUGARCANE,2016,9.16,417.1882352941177,20.89597426470588,-23.489652037622935,7766.0,7440.77,390.5590018166134,9231.69,24.069014362760843,0.6143400398200812,Medium
Jalgaon,SUGARCANE,2017,9.33,417.1882352941177,20.89597426470588,-23.489652037622935,9231.69,8001.760000000001,1130.6379994056415,8500.54,6.233378656695523,0.652983917183094,Medium
Jalgaon,SUNFLOWER,1999,2.6,415.1,21.96,-23.872624507754125,516.13,686.635,241.13048345242456,461.54,-32.78233704952412,0.738102829215298,High
Jalgaon,SUNFLOWER,2000,1.8,261.7,22.72,-52.00545852488377,461.54,611.6033333333334,214.38565258275406,500.0,-18.247665970863473,0.7495744613480904,High
Jalgaon,SUNFLOWER,2001,1.2,465.7,22.1,-14.592823977983857,500.0,492.5566666666667,28.045845206257226,416.67,-15.406687555408174,0.6862838218575433,High
Jalgaon,SUNFLOWER,2002,0.9,501.3,22.374375,-8.063952459015042,416.67,459.40333333333336,41.7060695023319,444.44,-3.257123370168559,0.6499891159721998,Medium
Jalgaon,SUNFLOWER,2003,0.8,674.5,22.05,23.700107852372536,444.44,453.7033333333334,42.43028674582978,500.0,10.204171595242109,0.5723140834505422,Low
Jalgaon,SUNFLOWER,2004,1.1,522.8,22.0528125,-4.120954210199619,500.0,453.7033333333334,42.43028674582978,545.45,20.221730793249627,0.5930966647725748,Medium
Jalgaon,SUNFLOWER,2005,1.5,469.9,21.96,-13.822563854959446,545.45,496.63000000000005,50.58925478794895,733.33,47.661236735597925,0.5484603399025849,Low
Jalgaon,SUNFLOWER,2006,2.9,1110.6,21.85875,103.67878395974044,733.33,592.9266666666667,123.69821192456007,620.69,4.68242278415543,0.4621374081945575,Low
Jalgaon,SUNFLOWER,2007,3.1,547.4,22.13,0.39056936751478766,620.69,633.1566666666668,94.55837844069336,696.77,10.047013114184464,0.6082520551265336,Medium
Jalgaon,SUNFLOWER,2008,11.5,487.6,22.26,-10.57646762221371,696.77,683.5966666666667,57.46385762662814,573.91,-16.045523920050332,0.6815343370249002,High
Jalgaon,SUNFLOWER,2009,9.6,529.3,22.9,-2.9288849721856507,573.91,630.4566666666667,62.00956162829562,479.17,-23.996362425120417,0.6870820495362188,High
Jalgaon,SUNFLOWER,2012,0.41,374.9,22.71,-31.24511425670206,479.17,583.2833333333333,109.10240388430216,341.46,-41.45898219847415,0.7681612196239147,High
Jalgaon,SUNFLOWER,2013,0.4,697.1,22.31,27.844840895313418,341.46,464.84666666666664,116.88506762342821,500.0,7.562350309062493,0.5717083471715102,Low
Jalgaon,SUNFLOWER,2015,0.05,319.5,23.39,-41.4052120699288,500.0,440.21000000000004,86.15186649167883,200.0,-54.56713841121284,0.812078348862412,High
Jalgaon,SUNFLOWER,2016,0.01,417.1882352941177,20.89597426470588,-23.489652037622935,200.0,347.15333333333336,150.08101323396434,333.33,-3.9819100109461854,0.6751170426295773,High
Jalgaon,SUNFLOWER,2017,0.01,417.1882352941177,20.89597426470588,-23.489652037622935,333.33,344.4433333333333,150.30844830991163,555.56,61.29213320042967,0.5336899490054009,Low
Kolhapur,COTTON,1999,0.1,1497.5,19.53,14.021251827248769,200.0,250.0,70.71067811865476,200.0,-20.0,0.6525376447619048,Medium
Kolhapur,COTTON,2000,0.1,1434.9,19.8115625,9.25482086605627,200.0,233.33333333333334,57.735026918962575,200.0,-14.28571428571429,0.6474358087556468,Medium
Kolhapur,COTTON,2001,0.1,1230.2,19.54,-6.331256094903881,200.0,200.0,0.0,200.0,0.0,0.6402859057888561,Medium
Kolhapur,COTTON,2002,0.1,1122.2,19.85625,-14.554491619005963,200.0,200.0,0.0,200.0,0.0,0.6528441257323472,Medium
Kolhapur,COTTON,2003,0.1,918.0,19.87,-30.102498045132307,200.0,200.0,0.0,200.0,0.0,0.6765884638106884,High
Kolhapur,COTTON,2005,0.1,2314.4,19.66,76.2208916387209,200.0,200.0,0.0,200.0,0.0,0.5142153311339216,Low
Kolhapur,COTTON,2006,0.1,2158.9,19.71,64.38095530540726,200.0,200.0,0.0,300.0,50.0,0.42396350892329054,Low
Kolhapur,COTTON,2007,0.1,1566.0,19.87,19.23691509948018,300.0,233.33333333333334,57.735026918962575,200.0,-14.28571428571429,0.6321915251020203,Medium
Kolhapur,COTTON,2008,0.1,1511.8,19.77,15.110069123495611,200.0,233.33333333333334,57.735026918962575,300.0,28.571428571428566,0.5456367481797908,Low
Kolhapur,COTTON,2009,0.1,1784.5,19.8965625,35.87373882185337,300.0,266.6666666666667,57.73502691896257,300.0,12.499999999999991,0.5487486713937885,Low
Kolhapur,COTTON,2017,0.01,417.1882352941177,20.89597426470588,-68.23484151196253,300.0,266.6666666666667,57.73502691896257,166.15,-37.69375,0.8164925544721229,High
Kolhapur,FINGER MILLET,1999,25.8,1497.5,19.53,14.021251827248769,1511.63,1247.41,373.66350745021924,1627.91,30.503202635861506,0.5431140390512363,Low
Kolhapur,FINGER MILLET,2000,24.8,1434.9,19.8115625,9.25482086605627,1627.91,1374.2433333333336,343.6164893210647,1399.19,1.815301996492602,0.6125502734776482,Medium
Kolhapur,FINGER MILLET,2001,23.7,1230.2,19.54,-6.331256094903881,1399.19,1512.91,114.36537238167887,1911.39,26.338645391992916,0.5832188407730617,Low
Kolhapur,FINGER MILLET,2002,23.5,1122.2,19.85625,-14.554491619005963,1911.39,1646.1633333333332,256.58740836863643,1408.51,-14.43680153245222,0.6841238623858894,High
Kolhapur,FINGER MILLET,2003,23.1,918.0,19.87,-30.102498045132307,1408.51,1573.03,293.06540703399315,1575.76,0.1735504090831083,0.6762124379243429,High
Kolhapur,FINGER MILLET,2004,23.8,1237.9,19.4903125,-5.744969858463266,1575.76,1631.8866666666665,256.095149570103,1277.31,-21.728020328209062,0.6864679285964402,High
Kolhapur,FINGER MILLET,2005,24.2,2314.4,19.66,76.2208916387209,1277.31,1420.5266666666666,149.58743541264852,1330.58,-6.331923840453545,0.5279344994548586,Low
Kolhapur,FINGER MILLET,2006,23.3,2158.9,19.71,64.38095530540726,1330.58,1394.55,159.17669835751695,1317.6,-5.517909002904166,0.5442523117625153,Low
Kolhapur,FINGER MILLET,2007,23.1,1566.0,19.87,19.23691509948018,1317.6,1308.4966666666667,27.777261084081232,1493.51,14.139381325643422,0.5706038179442838,Low
Kolhapur,FINGER MILLET,2008,23.3,1511.8,19.77,15.110069123495611,1493.51,1380.5633333333333,98.02975177635238,1321.89,-4.249955935861919,0.6167497479453498,Medium
Kolhapur,FINGER MILLET,2009,22.9,1784.5,19.8965625,35.87373882185337,1321.89,1377.6666666666667,100.34619790173046,1541.48,11.89063634164045,0.5500689593202297,Low
Kolhapur,FINGER MILLET,2012,21.9,1338.2,19.815625,1.8919794291982002,1541.48,1452.2933333333333,115.45151464287194,1619.63,11.522236095554629,0.6027628409717466,Medium
Kolhapur,FINGER MILLET,2013,21.9,1372.4,19.48,4.49600401183053,1619.63,1494.3333333333333,154.367687789036,1502.28,0.531786749944237,0.6225987115717176,Medium
Kolhapur,FINGER MILLET,2014,21.2,1493.0,19.8190625,13.678617013744512,1502.28,1554.4633333333334,59.74262158068839,1599.06,2.8689429792489953,0.6035115274713426,Medium
Kolhapur,FINGER MILLET,2015,20.8,460.8,19.8190625,-64.91419509716445,1599.06,1573.6566666666668,62.66380640635664,1312.5,-16.595530155878986,0.7657085769090848,High
Kolhapur,FINGER MILLET,2016,21.7,417.1882352941177,20.89597426470588,-68.23484151196253,1312.5,1471.28,145.77348318538571,1663.59,13.070931433853511,0.7065024113658069,High
Kolhapur,FINGER MILLET,2017,21.3,417.1882352941177,20.89597426470588,-68.23484151196253,1663.59,1525.05,186.88006073415096,1596.24,4.6680436706993245,0.7247086681859136,High
Kolhapur,GROUNDNUT,1999,64.1,1497.5,19.53,14.021251827248769,1958.4,1814.295,203.7952454057749,1480.5,-18.398055443023324,0.6490667648884669,Medium
Kolhapur,GROUNDNUT,2000,68.0,1434.9,19.8115625,9.25482086605627,1480.5,1703.03,240.6365552030697,1555.88,-8.640481964498562,0.6352044720597202,Medium
Kolhapur,GROUNDNUT,2001,69.3,1230.2,19.54,-6.331256094903881,1555.88,1664.926666666667,256.9347857596034,1988.46,19.43228730794948,0.5981826166217726,Medium
Kolhapur,GROUNDNUT,2002,68.0,1122.2,19.85625,-14.554491619005963,1988.46,1674.9466666666667,274.11401593740754,1626.47,-2.8942215075504905,0.6591149389986857,Medium
Kolhapur,GROUNDNUT,2003,66.5,918.0,19.87,-30.102498045132307,1626.47,1723.6033333333335,232.07224615048935,1744.36,1.2042600675716049,0.6739792336642919,High
Kolhapur,GROUNDNUT,2004,69.0,1237.9,19.4903125,-5.744969858463266,1744.36,1786.43,184.62557704716883,1691.3,-5.325145681610817,0.6509283668622625,Medium
Kolhapur,GROUNDNUT,2005,67.0,2314.4,19.66,76.2208916387209,1691.3,1687.3766666666668,59.0428440484814,1270.15,-24.72635037029867,0.5677890902693901,Low
Kolhapur,GROUNDNUT,2006,61.6,2158.9,19.71,64.38095530540726,1270.15,1568.6033333333332,259.82616310397447,1064.94,-32.10903117635433,0.6018664098047987,Medium
Kolhapur,GROUNDNUT,2007,58.4,1566.0,19.87,19.23691509948018,1064.94,1342.13,319.3235861943173,1665.75,24.112418320132914,0.548995571122962,Low
Kolhapur,GROUNDNUT,2008,60.5,1511.8,19.77,15.110069123495611,1665.75,1333.6133333333335,305.39132278657314,1490.91,11.79477309764949,0.5819861683728575,Low
Kolhapur,GROUNDNUT,2009,60.7,1784.5,19.8965625,35.87373882185337,1490.91,1407.2,309.0286185776322,1418.45,0.7994599204093236,0.5740998415661505,Low
Kolhapur,GROUNDNUT,2012,52.6,1338.2,19.815625,1.8919794291982002,1418.45,1525.0366666666666,127.13297972333217,1392.21,-8.70973594077519,0.6465987803836485,Medium
Kolhapur,GROUNDNUT,2013,53.6,1372.4,19.48,4.49600401183053,1392.21,1433.8566666666666,51.12187920385082,1774.25,23.73970434050824,0.5723148901256632,Low
Kolhapur,GROUNDNUT,2014,54.4,1493.0,19.8190625,13.678617013744512,1774.25,1528.3033333333333,213.39975757561956,1545.96,1.1553116636967848,0.6072243953216935,Medium
Kolhapur,GROUNDNUT,2015,56.3,460.8,19.8190625,-64.91419509716445,1545.96,1570.8066666666666,192.22814058647407,1596.8,1.6547761022998801,0.7261662466831624,High
Kolhapur,GROUNDNUT,2016,48.9,417.1882352941177,20.89597426470588,-68.23484151196253,1596.8,1639.0033333333333,119.85375268773734,1895.71,15.662363916282459,0.7008876409872296,High
Kolhapur,GROUNDNUT,2017,54.5,417.1882352941177,20.89597426470588,-68.23484151196253,1895.71,1679.49,188.96955495528908,1511.93,-9.976838206836595,0.7564392455871356,High
Kolhapur,KHARIF SORGHUM,1999,13.1,1497.5,19.53,14.021251827248769,2092.11,1768.275,457.9718489710913,1854.96,4.9022352292488405,0.5985828017653788,Medium
Kolhapur,KHARIF SORGHUM,2000,12.4,1434.9,19.8115625,9.25482086605627,1854.96,1797.17,327.67952377284735,1580.65,-12.047830756133253,0.6425870611082374,Medium
Kolhapur,KHARIF SORGHUM,2001,10.6,1230.2,19.54,-6.331256094903881,1580.65,1842.5733333333335,255.9548886685569,2066.04,12.127965960649226,0.614008646207537,Medium
Kolhapur,KHARIF SORGHUM,2002,9.1,1122.2,19.85625,-14.554491619005963,2066.04,1833.8833333333332,243.38042738341414,1824.18,-0.5291139930747948,0.6539905393840053,Medium
Kolhapur,KHARIF SORGHUM,2003,7.7,918.0,19.87,-30.102498045132307,1824.18,1823.6233333333332,242.69547880694714,1610.39,-11.692838616161588,0.701922947478954,High
Kolhapur,KHARIF SORGHUM,2004,8.0,1237.9,19.4903125,-5.744969858463266,1610.39,1833.5366666666669,227.96905718393742,2150.0,17.2597221035485,0.6019944866612471,Medium
Kolhapur,KHARIF SORGHUM,2005,8.0,2314.4,19.66,76.2208916387209,2150.0,1861.5233333333333,271.73632704026403,1187.5,-36.208159267410025,0.5926663428797151,Medium
Kolhapur,KHARIF SORGHUM,2006,9.1,2158.9,19.71,64.38095530540726,1187.5,1649.2966666666664,482.42808690346106,1076.92,-34.704288090478954,0.6074894664520498,Medium
Kolhapur,KHARIF SORGHUM,2007,8.4,1566.0,19.87,19.23691509948018,1076.92,1471.4733333333334,590.2167501294193,1822.62,23.8636106215539,0.5495346544698814,Low
Kolhapur,KHARIF SORGHUM,2008,8.7,1511.8,19.77,15.110069123495611,1822.62,1362.3466666666666,402.4247011967996,2091.95,53.554895474475416,0.4915059032233697,Low
Kolhapur,KHARIF SORGHUM,2009,7.6,1784.5,19.8965625,35.87373882185337,2091.95,1663.83,525.8157218075547,2090.79,25.661275490885487,0.5202325744969649,Low
Kolhapur,KHARIF SORGHUM,2012,7.3,1338.2,19.815625,1.8919794291982002,2090.79,2001.7866666666666,155.16396886304818,2456.16,22.69838943876803,0.5785478420615316,Low
Kolhapur,KHARIF SORGHUM,2013,6.6,1372.4,19.48,4.49600401183053,2456.16,2212.9666666666667,210.6124033226268,1848.48,-16.470499630962962,0.6594369987302271,Medium
Kolhapur,KHARIF SORGHUM,2014,6.0,1493.0,19.8190625,13.678617013744512,1848.48,2131.81,305.90966951046113,1816.67,-14.782743302639537,0.6417568477486403,Medium
Kolhapur,KHARIF SORGHUM,2015,5.7,460.8,19.8190625,-64.91419509716445,1816.67,2040.4366666666665,360.37811591900663,1771.93,-13.159274730409004,0.7582633568205914,High
Kolhapur,KHARIF SORGHUM,2016,6.0,417.1882352941177,20.89597426470588,-68.23484151196253,1771.93,1812.36,38.45656900972948,1633.33,-9.878280253371294,0.7562257033546282,High
Kolhapur,KHARIF SORGHUM,2017,4.9,417.1882352941177,20.89597426470588,-68.23484151196253,1633.33,1740.6433333333334,95.59043118081198,1755.1,0.8305358363670029,0.733023268493606,High
Kolhapur,MAIZE,1999,6.1,1497.5,19.53,14.021251827248769,1709.09,1604.545,147.8489568782951,1573.77,-1.9179892118949664,0.6133599547211411,Medium
Kolhapur,MAIZE,2000,5.8,1434.9,19.8115625,9.25482086605627,1573.77,1594.2866666666666,106.04412870750231,1293.1,-18.891625512768513,0.6574152830808977,Medium
Kolhapur,MAIZE,2001,6.6,1230.2,19.54,-6.331256094903881,1293.1,1525.32,212.1849945212903,2136.36,40.05979073243648,0.553489692535533,Low
Kolhapur,MAIZE,2002,7.8,1122.2,19.85625,-14.554491619005963,2136.36,1667.743333333333,429.41250265139394,1782.05,6.8539723338723295,0.6379938523423399,Medium
Kolhapur,MAIZE,2003,7.9,918.0,19.87,-30.102498045132307,1782.05,1737.17,423.41766342466167,1974.68,13.672237029191155,0.6469652835808729,Medium
Kolhapur,MAIZE,2004,9.3,1237.9,19.4903125,-5.744969858463266,1974.68,1964.3633333333335,177.3801545645208,2631.18,33.94568893398877,0.5658415585287471,Low
Kolhapur,MAIZE,2005,8.7,2314.4,19.66,76.2208916387209,2631.18,2129.3033333333333,445.1816714930357,1977.01,-7.152261068174096,0.5297118967815805,Low
Kolhapur,MAIZE,2006,11.4,2158.9,19.71,64.38095530540726,1977.01,2194.29,378.3596322283864,1762.28,-19.687917276203237,0.5749539963545609,Low
Kolhapur,MAIZE,2007,11.6,1566.0,19.87,19.23691509948018,1762.28,2123.4900000000002,452.5915325102755,2657.76,25.159996044247908,0.5467258193873871,Low
Kolhapur,MAIZE,2008,10.1,1511.8,19.77,15.110069123495611,2657.76,2132.35,467.5136300686858,2365.35,10.926911623326378,0.5838665349005514,Low
Kolhapur,MAIZE,2009,11.0,1784.5,19.8965625,35.87373882185337,2365.35,2261.7966666666666,456.6328691994624,2556.36,13.023422382501234,0.5476145895650396,Low
Kolhapur,MAIZE,2012,5.5,1338.2,19.815625,1.8919794291982002,2556.36,2526.4900000000002,148.47580509968628,1900.0,-24.79685255037622,0.6814541997043346,High
Kolhapur,MAIZE,2013,6.6,1372.4,19.48,4.49600401183053,1900.0,2273.903333333333,337.60032884067687,2545.45,11.941873811698239,0.597876856271333,Medium
Kolhapur,MAIZE,2014,9.5,1493.0,19.8190625,13.678617013744512,2545.45,2333.936666666667,375.8397664342255,3105.26,33.04816897345114,0.5381232044841227,Low
Kolhapur,MAIZE,2015,11.9,460.8,19.8190625,-64.91419509716445,3105.26,2516.903333333333,603.136884159254,2647.06,5.17130177162148,0.718547107732991,High
Kolhapur,MAIZE,2016,12.0,417.1882352941177,20.89597426470588,-68.23484151196253,2647.06,2765.9233333333336,298.2334287656795,3700.0,33.770880610091616,0.6616525214841072,Medium
Kolhapur,MAIZE,2017,10.44,417.1882352941177,20.89597426470588,-68.23484151196253,3700.0,3150.773333333333,527.9434236102708,2911.88,-7.582053929617269,0.7512505463198444,High
Kolhapur,MINOR PULSES,1999,14.2,1497.5,19.53,14.021251827248769,468.35,431.255,52.46025209622998,535.21,24.105227765475192,0.5569763179370271,Low
Kolhapur,MINOR PULSES,2000,14.4,1434.9,19.8115625,9.25482086605627,535.21,465.9066666666667,70.55673627183542,402.78,-13.549208711329891,0.6458400466778192,Medium
Kolhapur,MINOR PULSES,2001,13.2,1230.2,19.54,-6.331256094903881,402.78,468.78,66.21604714870865,409.09,-12.73305175135458,0.6678741845833658,Medium
Kolhapur,MINOR PULSES,2002,13.2,1122.2,19.85625,-14.554491619005963,409.09,449.02666666666664,74.7036092390009,356.06,-20.70404133384802,0.6977028819555349,High
Kolhapur,MINOR PULSES,2003,13.2,918.0,19.87,-30.102498045132307,356.06,389.30999999999995,28.967669909745876,363.64,-6.593717089209104,0.6908748508372604,High
Kolhapur,MINOR PULSES,2004,11.9,1237.9,19.4903125,-5.744969858463266,363.64,376.2633333333333,28.680248139326284,514.29,36.683528379946665,0.5599095730625248,Low
Kolhapur,MINOR PULSES,2005,13.3,2314.4,19.66,76.2208916387209,514.29,411.33,89.24648620534032,438.35,6.568934918435329,0.4999826388106925,Low
Kolhapur,MINOR PULSES,2006,12.8,2158.9,19.71,64.38095530540726,438.35,438.76,75.32583686889915,510.16,16.273133375877478,0.4970383866086458,Low
Kolhapur,MINOR PULSES,2007,12.5,1566.0,19.87,19.23691509948018,510.16,487.59999999999997,42.70171073856422,584.0,19.770303527481552,0.5584034865070086,Low
Kolhapur,MINOR PULSES,2008,11.9,1511.8,19.77,15.110069123495611,584.0,510.83666666666664,72.82735772588036,317.65,-37.81769776379926,0.6894798552389716,High
Kolhapur,MINOR PULSES,2009,12.48,1784.5,19.8965625,35.87373882185337,317.65,470.6033333333333,137.51046517750328,439.1,-6.6942435596857806,0.5903361991063023,Medium
Kolhapur,MINOR PULSES,2012,6.6,1338.2,19.815625,1.8919794291982002,439.1,446.9166666666667,133.34693784760617,215.15,-51.85903412269253,0.7400889264441577,High
Kolhapur,MINOR PULSES,2013,5.4,1372.4,19.48,4.49600401183053,215.15,323.96666666666664,112.10854487207176,685.19,111.50015433686598,0.3821672484675219,Low
Kolhapur,MINOR PULSES,2014,6.7,1493.0,19.8190625,13.678617013744512,685.19,446.48,235.10688781913646,432.84,-3.055008063071144,0.6163467547296602,Medium
Kolhapur,MINOR PULSES,2015,5.32,460.8,19.8190625,-64.91419509716445,432.84,444.3933333333334,235.2328846767249,499.06,12.3014146626862,0.7030985298024023,High
Kolhapur,MINOR PULSES,2016,7.92,417.1882352941177,20.89597426470588,-68.23484151196253,499.06,539.03,130.8370410090354,501.2,-7.018162254419974,0.7500287810235877,High
Kolhapur,MINOR PULSES,2017,10.17,417.1882352941177,20.89597426470588,-68.23484151196253,501.2,477.7,38.86463173632289,303.46,-36.47477496336613,0.8138514418927583,High
Kolhapur,OILSEEDS,1999,130.5,1497.5,19.53,14.021251827248769,1997.65,1738.075,367.0944854529962,1897.39,9.166175222588212,0.5893442651131744,Medium
Kolhapur,OILSEEDS,2000,133.7,1434.9,19.8115625,9.25482086605627,1897.39,1791.18,275.3899121246093,1709.8,-4.5433736419567055,0.6263274040275757,Medium
Kolhapur,OILSEEDS,2001,134.0,1230.2,19.54,-6.331256094903881,1709.8,1868.28,146.1162198388667,1847.01,-1.13848031344338,0.6427526131346419,Medium
Kolhapur,OILSEEDS,2002,132.2,1122.2,19.85625,-14.554491619005963,1847.01,1818.0666666666666,97.08650489812335,1745.08,-4.014520919658246,0.6615422543915777,Medium
Kolhapur,OILSEEDS,2003,138.2,918.0,19.87,-30.102498045132307,1745.08,1767.2966666666664,71.2518858229963,1817.66,2.849738489482073,0.6704140304168311,Medium
Kolhapur,OILSEEDS,2004,146.8,1237.9,19.4903125,-5.744969858463266,1817.66,1803.25,52.47063273870435,1596.05,-11.490364619437129,0.6642863412275083,Medium
Kolhapur,OILSEEDS,2005,140.1,2314.4,19.66,76.2208916387209,1596.05,1719.5966666666666,112.98140658238093,1099.71,-36.04837568499589,0.592320145117819,Medium
Kolhapur,OILSEEDS,2006,122.5,2158.9,19.71,64.38095530540726,1099.71,1504.4733333333334,367.6312895189052,1226.61,-18.46914313314516,0.5723133190446106,Low
Kolhapur,OILSEEDS,2007,118.7,1566.0,19.87,19.23691509948018,1226.61,1307.4566666666667,257.8574926841044,1895.62,44.98530225348449,0.5037709892675176,Low
Kolhapur,OILSEEDS,2008,122.2,1511.8,19.77,15.110069123495611,1895.62,1407.3133333333333,427.61951900414095,1804.26,28.20599061095137,0.5464285304274887,Low
Kolhapur,OILSEEDS,2009,122.4,1784.5,19.8965625,35.87373882185337,1804.26,1642.1633333333332,362.76726979336627,1656.05,0.845632488851095,0.5739998010011935,Low
Kolhapur,OILSEEDS,2012,103.9,1338.2,19.815625,1.8919794291982002,1656.05,1785.3100000000002,120.90398297822804,1952.17,9.346275996885689,0.6074774211855136,Medium
Kolhapur,OILSEEDS,2013,87.9,1372.4,19.48,4.49600401183053,1952.17,1804.1599999999999,148.06002532756662,1993.17,10.476343561546662,0.6010521718133175,Medium
Kolhapur,OILSEEDS,2014,112.2,1493.0,19.8190625,13.678617013744512,1993.17,1867.1299999999999,183.94652701260677,1846.7,-1.0941926914569333,0.6120983214245102,Medium
Kolhapur,OILSEEDS,2015,111.4,460.8,19.8190625,-64.91419509716445,1846.7,1930.68,75.56275736101503,1739.68,-9.892887480058839,0.7511861844448562,High
Kolhapur,PEARL MILLET,1999,0.1,1497.5,19.53,14.021251827248769,1000.0,666.665,471.4068778136357,1000.0,50.00037500093752,0.5008701655937124,Low
Kolhapur,PIGEONPEA,1999,2.0,1497.5,19.53,14.021251827248769,371.43,315.345,79.31616764569503,400.0,26.84520128747878,0.5510397086393725,Low
Kolhapur,PIGEONPEA,2000,2.0,1434.9,19.8115625,9.25482086605627,400.0,343.56333333333333,74.39321362418303,450.0,30.980217136093298,0.549359624008724,Low
Kolhapur,PIGEONPEA,2001,2.4,1230.2,19.54,-6.331256094903881,450.0,407.1433333333334,39.76910400465828,333.33,-18.12956943910008,0.679566639573442,High
Kolhapur,PIGEONPEA,2002,2.6,1122.2,19.85625,-14.554491619005963,333.33,394.4433333333333,58.53314986683469,384.62,-2.4904295505057736,0.6582400564250916,Medium
Kolhapur,PIGEONPEA,2003,2.8,918.0,19.87,-30.102498045132307,384.62,389.3166666666666,58.4766298048488,285.71,-26.612440601053123,0.7342487517794446,High
Kolhapur,PIGEONPEA,2004,3.2,1237.9,19.4903125,-5.744969858463266,285.71,334.5533333333333,49.466346472458845,437.5,30.771376761054558,0.5727192349034149,Low
Kolhapur,PIGEONPEA,2005,3.1,2314.4,19.66,76.2208916387209,437.5,369.27666666666664,77.04942850750639,354.84,-3.909444589873898,0.5226857944119535,Low
Kolhapur,PIGEONPEA,2006,2.8,2158.9,19.71,64.38095530540726,354.84,359.34999999999997,75.99543473130478,500.0,39.14011409489357,0.4474932617176094,Low
Kolhapur,PIGEONPEA,2007,2.8,1566.0,19.87,19.23691509948018,500.0,430.78,72.81294665099054,464.29,7.778912670040404,0.5843848333647111,Low
Kolhapur,PIGEONPEA,2008,2.4,1511.8,19.77,15.110069123495611,464.29,439.71,75.63721769076382,458.33,4.23460917422847,0.5983665235402151,Medium
Kolhapur,PIGEONPEA,2009,2.7,1784.5,19.8965625,35.87373882185337,458.33,474.20666666666665,22.535581495344665,1011.11,113.2213802702057,0.33051901414240353,Low
Kolhapur,PIGEONPEA,2012,0.9,1338.2,19.815625,1.8919794291982002,1011.11,644.5766666666667,317.44116578246957,144.44,-77.59149415895705,0.7958425898558783,High
Kolhapur,PIGEONPEA,2013,0.4,1372.4,19.48,4.49600401183053,144.44,537.96,438.78801818190067,500.0,-7.056286712766754,0.6390395374075367,Medium
Kolhapur,PIGEONPEA,2014,1.5,1493.0,19.8190625,13.678617013744512,500.0,551.85,435.65529848723287,266.67,-51.67708616471868,0.721694590616212,High
Kolhapur,PIGEONPEA,2015,1.5,460.8,19.8190625,-64.91419509716445,266.67,303.7033333333333,180.64974185792045,133.33,-56.098604998298775,0.851298572400709,High
Kolhapur,PIGEONPEA,2016,1.32,417.1882352941177,20.89597426470588,-68.23484151196253,133.33,300.00000000000006,185.59334282241903,376.99,25.66333333333331,0.6792188739170251,High
Kolhapur,PIGEONPEA,2017,2.0,417.1882352941177,20.89597426470588,-68.23484151196253,376.99,258.99666666666667,122.01110168068023,150.0,-42.08419670780834,0.8260051890056759,High
Kolhapur,RICE,1999,103.5,1497.5,19.53,14.021251827248769,2726.25,2511.625,303.5255858243255,2537.2,1.0182650674364133,0.6069980704492778,Medium
Kolhapur,RICE,2000,106.7,1434.9,19.8115625,9.25482086605627,2537.2,2520.15,215.13232555801557,2190.25,-13.090490645398095,0.6448461575349703,Medium
Kolhapur,RICE,2001,106.3,1230.2,19.54,-6.331256094903881,2190.25,2484.5666666666666,271.84867267164174,2732.83,9.992218629673854,0.6186360987579682,Medium
Kolhapur,RICE,2002,106.1,1122.2,19.85625,-14.554491619005963,2732.83,2486.7599999999998,274.7842959486588,2212.06,-11.046502276053975,0.6767782139970508,High
Kolhapur,RICE,2003,106.9,918.0,19.87,-30.102498045132307,2212.06,2378.3799999999997,307.1563460194176,2322.73,-2.3398279501172916,0.6816580910359256,High
Kolhapur,RICE,2004,111.1,1237.9,19.4903125,-5.744969858463266,2322.73,2422.54,274.35720384199897,2531.95,4.516334095618642,0.6296051606783365,Medium
Kolhapur,RICE,2005,108.9,2314.4,19.66,76.2208916387209,2531.95,2355.58,162.45536279236876,2275.48,-3.4004364105655474,0.5215829433567891,Low
Kolhapur,RICE,2006,110.4,2158.9,19.71,64.38095530540726,2275.48,2376.72,136.4932426898862,2594.2,9.150425796896565,0.5124709196963863,Low
Kolhapur,RICE,2007,112.5,1566.0,19.87,19.23691509948018,2594.2,2467.2099999999996,168.9350771746357,3004.62,21.782093944171773,0.554044607270861,Low
Kolhapur,RICE,2008,114.4,1511.8,19.77,15.110069123495611,3004.62,2624.7666666666664,365.5297877510577,2510.49,-4.353783828403794,0.6169747083791897,Medium
Kolhapur,RICE,2009,113.3,1784.5,19.8965625,35.87373882185337,2510.49,2703.103333333333,264.45428004351396,2588.44,-4.241914540201311,0.5850228195641037,Low
Kolhapur,RICE,2012,108.5,1338.2,19.815625,1.8919794291982002,2588.44,2701.183333333333,265.6584435573868,2617.14,-3.1113524319588235,0.6344689494479201,Medium
Kolhapur,RICE,2013,109.6,1372.4,19.48,4.49600401183053,2617.14,2572.023333333333,55.18773263446641,3118.61,21.25123281670593,0.577706578427217,Low
Kolhapur,RICE,2014,111.8,1493.0,19.8190625,13.678617013744512,3118.61,2774.73,298.1543447612324,3028.62,9.150079467191398,0.5899023984141795,Medium
Kolhapur,RICE,2015,112.4,460.8,19.8190625,-64.91419509716445,3028.62,2921.4566666666665,267.35935598615754,2460.85,-15.766335743470435,0.763911989015539,High
Kolhapur,RICE,2016,114.2,417.1882352941177,20.89597426470588,-68.23484151196253,2460.85,2869.36,356.62987129515614,3483.36,21.39850001394039,0.6884593461090122,High
Kolhapur,RICE,2017,109.46,417.1882352941177,20.89597426470588,-68.23484151196253,3483.36,2990.943333333333,512.2951526545346,3054.2,2.114940325404582,0.7302403921007006,High
Kolhapur,SESAMUM,2006,0.1,2158.9,19.71,64.38095530540726,250.0,190.215,84.54875782647548,1000.0,425.72089477696284,0.09896350892437387,Low
Kolhapur,SESAMUM,2007,0.1,1566.0,19.87,19.23691509948018,1000.0,460.1433333333334,471.33656937833007,1000.0,117.3235875777837,0.34703803773205844,Low
Kolhapur,SESAMUM,2016,0.03,417.1882352941177,20.89597426470588,-68.23484151196253,1000.0,750.0,433.0127018922193,269.23,-64.10266666666666,0.8737118739163767,High
Kolhapur,SESAMUM,2017,0.01,417.1882352941177,20.89597426470588,-68.23484151196253,269.23,756.41,421.9102562157028,333.33,-55.93262912970479,0.8560101259196848,High
Kolhapur,SOYABEAN,1999,63.6,1497.5,19.53,14.021251827248769,2095.24,1553.28,766.4471822637225,2386.79,53.661284507622575,0.4929381949959212,Low
Kolhapur,SOYABEAN,2000,62.9,1434.9,19.8115625,9.25482086605627,2386.79,1831.1166666666668,724.7760217014173,1938.0,5.837057533199225,0.6038364698148129,Medium
Kolhapur,SOYABEAN,2001,62.2,1230.2,19.54,-6.331256094903881,1938.0,2140.01,227.7199611364804,1750.8,-18.187298190195385,0.6796917185341481,High
Kolhapur,SOYABEAN,2002,61.5,1122.2,19.85625,-14.554491619005963,1750.8,2025.1966666666667,326.8382842222333,1938.21,-4.2952207110749745,0.6621504372729785,Medium
Kolhapur,SOYABEAN,2003,68.2,918.0,19.87,-30.102498045132307,1938.21,1875.67,108.14064314585823,1961.88,4.596224282523047,0.666629977865255,Medium
Kolhapur,SOYABEAN,2004,74.7,1237.9,19.4903125,-5.744969858463266,1961.88,1883.63,115.64135895085234,1551.54,-17.630320179653122,0.6775895782745986,High
Kolhapur,SOYABEAN,2005,70.1,2314.4,19.66,76.2208916387209,1551.54,1817.21,230.3811600370131,957.2,-47.325845664507675,0.6167546634066798,Medium
Kolhapur,SOYABEAN,2006,57.9,2158.9,19.71,64.38095530540726,957.2,1490.2066666666667,505.1403853715647,1431.78,-3.920708984436168,0.5407917117225128,Low
Kolhapur,SOYABEAN,2007,57.3,1566.0,19.87,19.23691509948018,1431.78,1313.5066666666664,314.32697137428846,2198.95,67.41064631063922,0.45518274381051105,Low
Kolhapur,SOYABEAN,2008,58.7,1511.8,19.77,15.110069123495611,2198.95,1529.3099999999997,626.593840777261,2185.69,42.92000967756704,0.514548155783261,Low
Kolhapur,SOYABEAN,2009,59.1,1784.5,19.8965625,35.87373882185337,2185.69,1938.8066666666666,439.148024512616,1937.56,-0.06430072106209678,0.575971322955999,Low
Kolhapur,SOYABEAN,2012,49.0,1338.2,19.815625,1.8919794291982002,1937.56,2107.4,147.23510484935295,2601.63,23.452121097086458,0.5769147568018471,Low
Kolhapur,SOYABEAN,2013,55.4,1372.4,19.48,4.49600401183053,2601.63,2241.6266666666666,335.5501813936828,2392.24,6.718930300615026,0.6091932338786422,Medium
Kolhapur,SOYABEAN,2014,56.0,1493.0,19.8190625,13.678617013744512,2392.24,2310.476666666667,339.5013596929082,2164.29,-6.327121531920553,0.6234363339121435,Medium
Kolhapur,SOYABEAN,2015,53.9,460.8,19.8190625,-64.91419509716445,2164.29,2386.0533333333333,218.7356281755065,1899.63,-20.38610480905707,0.7739214886576099,High
Kolhapur,SOYABEAN,2016,52.7,417.1882352941177,20.89597426470588,-68.23484151196253,1899.63,2152.0533333333333,246.5328680588717,2358.63,9.599049589849082,0.7140248220277915,High
Kolhapur,SOYABEAN,2017,51.3,417.1882352941177,20.89597426470588,-68.23484151196253,2358.63,2140.85,230.39601819475916,2138.4,-0.11444052595930673,0.7350707172786395,High
Kolhapur,SUGARCANE,1999,93.1,1497.5,19.53,14.021251827248769,9535.8,8707.505,1171.3860226458225,9910.96,13.820893585475977,0.5792590419936178,Low
Kolhapur,SUGARCANE,2000,89.7,1434.9,19.8115625,9.25482086605627,9910.96,9108.656666666666,1081.1293105051463,9095.1,-0.14883277702491968,0.6168058988202553,Medium
Kolhapur,SUGARCANE,2001,101.9,1230.2,19.54,-6.331256094903881,9095.1,9513.953333333333,408.36851315121476,9025.12,-5.138067385937695,0.6514183851250173,Medium
Kolhapur,SUGARCANE,2002,98.4,1122.2,19.85625,-14.554491619005963,9025.12,9343.726666666667,492.483036188388,8557.93,-8.409884992354947,0.671065543215722,Medium
Kolhapur,SUGARCANE,2003,86.9,918.0,19.87,-30.102498045132307,8557.93,8892.716666666667,292.03747059809325,5659.84,-36.354207469408486,0.7553559133274775,High
Kolhapur,SUGARCANE,2004,76.0,1237.9,19.4903125,-5.744969858463266,5659.84,7747.630000000001,1823.1063976356381,8590.79,10.882811905059995,0.6158111254245928,Medium
Kolhapur,SUGARCANE,2005,94.5,2314.4,19.66,76.2208916387209,8590.79,7602.8533333333335,1682.7791165311403,7650.05,0.6207757087689891,0.5128703170982599,Low
Kolhapur,SUGARCANE,2006,106.3,2158.9,19.71,64.38095530540726,7650.05,7300.2266666666665,1496.4622444396396,8065.19,10.478624408009246,0.5095931560389851,Low
Kolhapur,SUGARCANE,2007,113.9,1566.0,19.87,19.23691509948018,8065.19,8102.009999999999,471.4495956091126,8553.64,5.574295761175315,0.5891615033339029,Medium
Kolhapur,SUGARCANE,2008,102.5,1511.8,19.77,15.110069123495611,8553.64,8089.626666666666,452.2903768966662,8254.93,2.0433987889016825,0.6031141460417409,Medium
Kolhapur,SUGARCANE,2009,112.7,1784.5,19.8965625,35.87373882185337,8254.93,8291.253333333334,246.24254107146152,8704.53,4.9844896790835,0.5650322770890532,Low
Kolhapur,SUGARCANE,2012,142.0,1338.2,19.815625,1.8919794291982002,8704.53,8504.366666666667,228.8141954366731,9675.42,13.770024026872468,0.5978926337872409,Medium
Kolhapur,SUGARCANE,2013,135.2,1372.4,19.48,4.49600401183053,9675.42,8878.293333333333,726.0118676945538,10044.53,13.135820397914324,0.5952899720012068,Medium
Kolhapur,SUGARCANE,2014,146.3,1493.0,19.8190625,13.678617013744512,10044.53,9474.826666666666,692.154797739161,10274.5,8.439978497407877,0.5914409505153719,Medium
Kolhapur,SUGARCANE,2015,145.3,460.8,19.8190625,-64.91419509716445,10274.5,9998.15,302.2210116785582,9014.25,-9.84082055180208,0.751073372766967,High
Kolhapur,SUGARCANE,2016,132.63,417.1882352941177,20.89597426470588,-68.23484151196253,9014.25,9777.76,671.1424515704613,9423.89,-3.6191315802392445,0.7426642145628874,High
Kolhapur,SUGARCANE,2017,143.9,417.1882352941177,20.89597426470588,-68.23484151196253,9423.89,9570.88,642.8546186347319,10269.97,7.304344010164167,0.7189966841170923,High
Kolhapur,SUNFLOWER,1999,0.2,1497.5,19.53,14.021251827248769,1000.0,1000.0,0.0,1000.0,0.0,0.609204311428716,Medium
Kolhapur,SUNFLOWER,2000,0.3,1434.9,19.8115625,9.25482086605627,1000.0,1000.0,0.0,666.67,-33.333,0.6887049278031283,High
Kolhapur,SUNFLOWER,2001,0.3,1230.2,19.54,-6.331256094903881,666.67,888.89,192.44816522897798,1333.33,49.99943750070312,0.5319537912043605,Low
Kolhapur,SUNFLOWER,2002,0.4,1122.2,19.85625,-14.554491619005963,1333.33,1000.0,333.3299999999999,750.0,-25.0,0.7070107923988331,High
Kolhapur,SUNFLOWER,2003,0.6,918.0,19.87,-30.102498045132307,750.0,916.6666666666666,363.2385197543527,833.33,-9.091272727272719,0.6962862213863803,High
Kolhapur,SUNFLOWER,2004,0.8,1237.9,19.4903125,-5.744969858463266,833.33,972.2199999999999,315.493734169159,1250.0,28.571722449651325,0.5774851525781061,Low
Kolhapur,SUNFLOWER,2005,1.0,2314.4,19.66,76.2208916387209,1250.0,944.4433333333333,267.87987911251065,1200.0,27.058973010556493,0.4555875562779113,Low
Kolhapur,SUNFLOWER,2006,1.1,2158.9,19.71,64.38095530540726,1200.0,1094.4433333333334,227.5085265068835,1090.91,-0.32284296735326357,0.5329963353521925,Low
Kolhapur,SUNFLOWER,2007,1.1,1566.0,19.87,19.23691509948018,1090.91,1180.3033333333333,81.35340210054709,1036.36,-12.195452581398571,0.6276626247426846,Medium
Kolhapur,SUNFLOWER,2008,1.6,1511.8,19.77,15.110069123495611,1036.36,1109.09,83.3210459607893,1000.0,-9.835991668845624,0.628852825366774,Medium
Kolhapur,SUNFLOWER,2009,1.6,1784.5,19.8965625,35.87373882185337,1000.0,1042.4233333333334,45.75729486467999,1168.75,12.11855708013698,0.5495751310534889,Low
Kolhapur,SUNFLOWER,2012,1.2,1338.2,19.815625,1.8919794291982002,1168.75,1068.37,88.81227786742068,1533.33,43.520503196458165,0.5334332622533535,Low
Kolhapur,SUNFLOWER,2013,1.1,1372.4,19.48,4.49600401183053,1533.33,1234.0266666666666,272.5912776178527,1090.91,-11.597534359063005,0.6488789073078124,Medium
Kolhapur,SUNFLOWER,2014,1.2,1493.0,19.8190625,13.678617013744512,1090.91,1264.3300000000002,236.189577246753,1333.33,5.457435954220794,0.5979031260255891,Medium
Kolhapur,SUNFLOWER,2015,0.87,460.8,19.8190625,-64.91419509716445,1333.33,1319.1899999999998,221.54868268622118,1390.8,5.428331021308541,0.7179902110253376,High
Kolhapur,SUNFLOWER,2016,2.56,417.1882352941177,20.89597426470588,-68.23484151196253,1390.8,1271.68,159.16672045374284,630.51,-50.41913059889281,0.8440642124362987,High
Kolhapur,SUNFLOWER,2017,0.68,417.1882352941177,20.89597426470588,-68.23484151196253,630.51,1118.2133333333334,423.3398235854184,943.79,-15.598395058784256,0.7686192854329817,High
Nagpur,COTTON,1999,63.7,929.6,22.06,27.277587076634767,210.27,146.10500000000002,90.74301322966964,278.02,90.28780671434923,0.39333614726234584,Low
Nagpur,COTTON,2000,71.1,469.9,22.7084375,-35.6629322640806,278.02,190.07666666666668,99.58749737458679,150.91,-20.605720498746127,0.7297258802244309,High
Nagpur,COTTON,2001,80.1,696.8,22.6,-4.596576296257425,150.91,213.0666666666667,63.60113232744625,162.8,-23.59198998748436,0.6887527455193274,High
Nagpur,COTTON,2002,73.4,527.1,22.2234375,-27.83130793019128,162.8,197.24333333333334,70.20680475091663,164.85,-16.42303077417066,0.7087032199459316,High
Nagpur,COTTON,2003,74.3,890.9,21.94,21.978918165419437,164.85,159.52,7.52659949778141,264.06,65.53410230692074,0.45506110388688875,Low
Nagpur,COTTON,2004,75.3,557.6,22.26,-23.655354395512536,264.06,197.23666666666668,57.87978086804867,235.46,19.37942573219989,0.6247538696742966,Medium
Nagpur,COTTON,2005,73.3,983.9,22.26,34.71215353345627,235.46,221.45666666666668,51.065898928084394,229.2,3.4965455995905796,0.5700300858478713,Low
Nagpur,COTTON,2006,67.5,793.9,22.44,8.698016760047695,229.2,242.90666666666667,18.584793066734115,211.56,-12.904819409375342,0.6452942004121156,Medium
Nagpur,COTTON,2007,63.1,940.9,22.39,28.824743632105903,211.56,225.40666666666667,12.393326161016251,287.16,27.39640945254504,0.5272380812873387,Low
Nagpur,COTTON,2008,44.3,604.3,22.4290625,-17.261353409627386,287.16,242.64000000000001,39.55142475309828,243.79,0.4739531816683058,0.6559510459862843,Medium
Nagpur,COTTON,2009,63.6,805.3,22.855,10.258864966452204,243.79,247.50333333333336,37.93654746195716,237.74,-3.944728017131088,0.6234969996396217,Medium
Nagpur,COTTON,2012,89.4,914.9,21.81,25.264914389428938,237.74,256.23,26.956433369420257,336.13,31.182921593880486,0.5244704106820254,Low
Nagpur,COTTON,2013,92.4,1029.4,22.06,40.941854708140966,336.13,272.55333333333334,55.14204415265472,292.97,7.4908886334173195,0.5518619076313915,Low
Nagpur,COTTON,2014,111.3,687.8,22.77,-5.8288248802609886,292.97,288.9466666666667,49.3182363161267,242.95,-15.918739329057283,0.6740092133738668,High
Nagpur,COTTON,2015,126.4,705.9,22.77,-3.3506360613204853,242.95,290.6833333333334,46.63206765020526,229.83,-20.93457943925235,0.6810922690028671,High
Nagpur,COTTON,2016,136.5,417.1882352941177,20.89597426470588,-42.880043088430874,229.83,255.25000000000003,33.318649432412435,725.54,184.24681684622914,0.29690041964037345,Low
Nagpur,COTTON,2017,145.17,417.1882352941177,20.89597426470588,-42.880043088430874,725.54,399.44000000000005,282.4870635976096,431.0,7.901061486080498,0.6789828895860885,High
Nagpur,GROUNDNUT,1999,12.8,929.6,22.06,27.277587076634767,907.14,889.81,24.508321035925754,773.44,-13.078072847012272,0.6172955529778826,Medium
Nagpur,GROUNDNUT,2000,10.7,469.9,22.7084375,-35.6629322640806,773.44,851.02,69.38530968439927,626.17,-26.421235693638224,0.7423261631466551,High
Nagpur,GROUNDNUT,2001,10.8,696.8,22.6,-4.596576296257425,626.17,768.9166666666666,140.53960521267064,722.22,-6.073046493985036,0.650795034616872,Medium
Nagpur,GROUNDNUT,2002,7.4,527.1,22.2234375,-27.83130793019128,722.22,707.2766666666666,74.76356487844409,689.19,-2.5572265450106637,0.678660644116185,High
Nagpur,GROUNDNUT,2003,7.7,890.9,21.94,21.978918165419437,689.19,679.1933333333334,48.79908434933295,909.09,33.8484869305745,0.5237132705354102,Low
Nagpur,GROUNDNUT,2004,6.9,557.6,22.26,-23.655354395512536,909.09,773.5,118.58006282676692,521.74,-32.54815772462831,0.7372636338303826,High
Nagpur,GROUNDNUT,2005,6.9,983.9,22.26,34.71215353345627,521.74,706.6733333333333,194.26594100184755,898.55,27.152102338657187,0.5187763795800644,Low
Nagpur,GROUNDNUT,2006,6.7,793.9,22.44,8.698016760047695,898.55,776.46,220.65693213674479,970.15,24.945264405120668,0.5632856854809809,Low
Nagpur,GROUNDNUT,2007,7.2,940.9,22.39,28.824743632105903,970.15,796.8133333333332,240.895504385892,919.44,15.389635380934086,0.5532527584424091,Low
Nagpur,GROUNDNUT,2008,6.3,604.3,22.4290625,-17.261353409627386,919.44,929.3800000000001,36.82041145886348,714.29,-23.14338591318945,0.7071219473583056,High
Nagpur,GROUNDNUT,2009,6.1,805.3,22.855,10.258864966452204,714.29,867.96,135.47593033450636,837.7,-3.4863357758422038,0.6225038164501656,Medium
Nagpur,GROUNDNUT,2012,2.9,914.9,21.81,25.264914389428938,837.7,823.8100000000001,103.27792455312037,1344.83,63.24516575423943,0.4550022150014792,Low
Nagpur,GROUNDNUT,2013,2.9,1029.4,22.06,40.941854708140966,1344.83,965.6066666666666,334.1635219968411,710.34,-26.435884866853986,0.6253699168817343,Medium
Nagpur,GROUNDNUT,2014,3.0,687.8,22.77,-5.8288248802609886,710.34,964.29,335.65333470710516,600.0,-37.778054319758574,0.7213710625202284,High
Nagpur,GROUNDNUT,2015,3.9,705.9,22.77,-3.3506360613204853,600.0,885.0566666666667,401.97931219570654,1087.18,22.837332449523004,0.5862531265775034,Medium
Nagpur,GROUNDNUT,2016,4.3,417.1882352941177,20.89597426470588,-42.880043088430874,1087.18,799.1733333333335,255.4498168590719,1558.14,94.96896793353127,0.490335758950574,Low
Nagpur,GROUNDNUT,2017,3.59,417.1882352941177,20.89597426470588,-42.880043088430874,1558.14,1081.7733333333333,479.09288132191375,1197.1,10.660890143344872,0.6730032608287023,Medium
Nagpur,KHARIF SORGHUM,1999,50.5,929.6,22.06,27.277587076634767,1025.69,951.065,105.53568709209222,877.23,-7.763402080825184,0.6057804329845156,Medium
Nagpur,KHARIF SORGHUM,2000,47.5,469.9,22.7084375,-35.6629322640806,877.23,926.4533333333334,85.94238205526617,924.21,-0.24214207587358302,0.6856047936416874,High
Nagpur,KHARIF SORGHUM,2001,47.9,696.8,22.6,-4.596576296257425,924.21,942.3766666666667,75.8789413034561,814.2,-13.601426181321688,0.6671065239393804,Medium
Nagpur,KHARIF SORGHUM,2002,46.5,527.1,22.2234375,-27.83130793019128,814.2,871.8800000000001,55.19979076047296,939.78,7.787768959031043,0.656246487190836,Medium
Nagpur,KHARIF SORGHUM,2003,44.6,890.9,21.94,21.978918165419437,939.78,892.73,68.45310000284866,959.64,7.49498728618955,0.5808125197647205,Low
Nagpur,KHARIF SORGHUM,2004,40.5,557.6,22.26,-23.655354395512536,959.64,904.54,78.86438740014407,725.93,-19.74594821677317,0.7095255132301223,High
Nagpur,KHARIF SORGHUM,2005,36.9,983.9,22.26,34.71215353345627,725.93,875.1166666666667,129.5804809117999,840.11,-4.000228540956443,0.5862730964856689,Medium
Nagpur,KHARIF SORGHUM,2006,33.0,793.9,22.44,8.698016760047695,840.11,841.8933333333333,116.86520540063809,1042.42,23.81853599822623,0.5657269303625774,Low
Nagpur,KHARIF SORGHUM,2007,22.1,940.9,22.39,28.824743632105903,1042.42,869.4866666666667,160.27701467563386,987.33,13.553207639756796,0.5572316852149466,Low
Nagpur,KHARIF SORGHUM,2008,17.2,604.3,22.4290625,-17.261353409627386,987.33,956.62,104.59283962107558,837.21,-12.482490435073485,0.6840233404891314,High
Nagpur,KHARIF SORGHUM,2009,12.3,805.3,22.855,10.258864966452204,837.21,955.6533333333333,106.20896588016176,747.15,-21.817883751430088,0.6622221703971403,Medium
Nagpur,KHARIF SORGHUM,2012,6.2,914.9,21.81,25.264914389428938,747.15,857.2299999999999,121.33510786248132,829.03,-3.2896655506690076,0.5991610161616336,Medium
Nagpur,KHARIF SORGHUM,2013,4.7,1029.4,22.06,40.941854708140966,829.03,804.4633333333333,49.8030293589985,404.26,-49.7478650363182,0.6758792072487384,High
Nagpur,KHARIF SORGHUM,2014,3.9,687.8,22.77,-5.8288248802609886,404.26,660.1466666666666,225.3543281885953,589.74,-10.665306699521313,0.6626267760099102,Medium
Nagpur,KHARIF SORGHUM,2015,4.0,705.9,22.77,-3.3506360613204853,589.74,607.6766666666666,212.95229802313256,875.0,43.991047870852384,0.5404200764981091,Low
Nagpur,KHARIF SORGHUM,2016,2.2,417.1882352941177,20.89597426470588,-42.880043088430874,875.0,622.9999999999999,237.1259319433447,681.82,9.441412520064233,0.6756454623458017,High
Nagpur,KHARIF SORGHUM,2017,2.3,417.1882352941177,20.89597426470588,-42.880043088430874,681.82,715.52,145.58531656729605,739.13,3.2996981216457977,0.6889525102089972,High
Nagpur,MAIZE,2000,0.5,469.9,22.7084375,-35.6629322640806,866.67,1100.0,329.9784505085143,1000.0,-9.090909090909092,0.7047771221742004,High
Nagpur,MAIZE,2001,0.4,696.8,22.6,-4.596576296257425,1000.0,1066.6666666666667,240.36684928112143,2500.0,134.37499999999997,0.3464909338809189,Low
Nagpur,MAIZE,2002,0.4,527.1,22.2234375,-27.83130793019128,2500.0,1455.5566666666666,906.9678217187935,2000.0,37.404475263759345,0.5920769568641386,Medium
Nagpur,MAIZE,2003,0.4,890.9,21.94,21.978918165419437,2000.0,1833.3333333333333,763.7626158259731,2250.0,22.727272727272734,0.5478092346424837,Low
Nagpur,MAIZE,2004,0.4,557.6,22.26,-23.655354395512536,2250.0,2250.0,249.99999999999895,1250.0,-44.44444444444444,0.7630389217232317,High
Nagpur,MAIZE,2005,0.4,983.9,22.26,34.71215353345627,1250.0,1833.3333333333333,520.4164998665327,1750.0,-4.545454545454541,0.5874544194954108,Medium
Nagpur,MAIZE,2006,0.4,793.9,22.44,8.698016760047695,1750.0,1750.0,499.99999999999943,1750.0,0.0,0.6173337583585623,Medium
Nagpur,MAIZE,2007,0.5,940.9,22.39,28.824743632105903,1750.0,1583.3333333333333,288.67513459481194,3000.0,89.47368421052633,0.39273731931216094,Low
Nagpur,MAIZE,2008,0.6,604.3,22.4290625,-17.261353409627386,3000.0,2166.6666666666665,721.6878364870323,1500.0,-30.769230769230766,0.7236446112130067,High
Nagpur,MAIZE,2009,0.2,805.3,22.855,10.258864966452204,1500.0,2083.3333333333335,803.6375634160797,2250.0,7.999999999999992,0.5976167556025905,Medium
Nagpur,MAIZE,2012,0.5,914.9,21.81,25.264914389428938,2250.0,2250.0,750.0000000000001,2000.0,-11.11111111111111,0.616107481542535,Medium
Nagpur,MAIZE,2013,0.5,1029.4,22.06,40.941854708140966,2000.0,1916.6666666666667,381.8813079129868,1800.0,-6.086956521739134,0.5812805721341324,Low
Nagpur,MAIZE,2014,0.6,687.8,22.77,-5.8288248802609886,1800.0,2016.6666666666667,225.4624876411449,1333.33,-33.88446280991736,0.7129349475822672,High
Nagpur,MAIZE,2015,0.2,705.9,22.77,-3.3506360613204853,1333.33,1711.11,342.1086030780286,1000.0,-41.55840360935299,0.7257772213712694,High
Nagpur,MAIZE,2016,0.06,417.1882352941177,20.89597426470588,-42.880043088430874,1000.0,1377.7766666666666,401.8477692277679,2187.5,58.7702893308785,0.5687662292560602,Low
Nagpur,MAIZE,2017,0.51,417.1882352941177,20.89597426470588,-42.880043088430874,2187.5,1506.9433333333334,612.4910241247078,492.13,-67.34250126636037,0.8420106088825003,High
Nagpur,MINOR PULSES,1999,11.9,929.6,22.06,27.277587076634767,351.85,348.84000000000003,4.256782822743023,369.75,5.994152046783617,0.5759723990414626,Low
Nagpur,MINOR PULSES,2000,13.3,469.9,22.7084375,-35.6629322640806,369.75,355.81,12.441977334812975,398.5,11.997976448104325,0.6590845368398237,Medium
Nagpur,MINOR PULSES,2001,9.3,696.8,22.6,-4.596576296257425,398.5,373.36666666666673,23.534354321572806,440.86,18.076957414516546,0.5984700261486263,Medium
Nagpur,MINOR PULSES,2002,9.7,527.1,22.2234375,-27.83130793019128,440.86,403.03666666666663,35.771413633421496,288.66,-28.378724847201646,0.7346072237707456,High
Nagpur,MINOR PULSES,2003,11.2,890.9,21.94,21.978918165419437,288.66,376.00666666666666,78.5536283906309,428.57,13.97936206804844,0.5667630410707398,Low
Nagpur,MINOR PULSES,2004,8.7,557.6,22.26,-23.655354395512536,428.57,386.03,84.54849909962918,362.07,-6.206771494443432,0.6801906303318389,High
Nagpur,MINOR PULSES,2005,9.5,983.9,22.26,34.71215353345627,362.07,359.7666666666667,69.983433992148,320.0,-11.053460576299463,0.6015550992288612,Medium
Nagpur,MINOR PULSES,2006,9.9,793.9,22.44,8.698016760047695,320.0,370.2133333333333,54.74117858918763,507.07,36.96697399697472,0.5372386480320506,Low
Nagpur,MINOR PULSES,2007,9.9,940.9,22.39,28.824743632105903,507.07,396.38000000000005,98.14111421825204,579.8,46.27377768807707,0.48633711677715563,Low
Nagpur,MINOR PULSES,2008,5.5,604.3,22.4290625,-17.261353409627386,579.8,468.95666666666665,134.02790617380134,407.27,-13.154022759743262,0.6854783271925777,High
Nagpur,MINOR PULSES,2009,6.9,805.3,22.855,10.258864966452204,407.27,498.0466666666666,86.61821767580587,515.94,3.5927021564244517,0.6071659009303056,Medium
Nagpur,MINOR PULSES,2012,9.5,914.9,21.81,25.264914389428938,515.94,501.0033333333334,87.22945737153985,515.79,2.951410835589898,0.5856386839914509,Medium
Nagpur,MINOR PULSES,2013,14.9,1029.4,22.06,40.941854708140966,515.79,479.6666666666667,62.69739734098459,395.97,-17.448922863099373,0.6058981658736642,Medium
Nagpur,MINOR PULSES,2014,5.1,687.8,22.77,-5.8288248802609886,395.97,475.9000000000001,69.2214511549705,196.08,-58.79806682076067,0.7669144229389144,High
Nagpur,MINOR PULSES,2015,3.95,705.9,22.77,-3.3506360613204853,196.08,369.28000000000003,161.5174544747409,306.33,-17.046685441941086,0.6726684986753875,Medium
Nagpur,MINOR PULSES,2016,3.42,417.1882352941177,20.89597426470588,-42.880043088430874,306.33,299.46000000000004,100.12192916639212,452.85,51.22219995992786,0.5851204228930654,Low
Nagpur,MINOR PULSES,2017,2.88,417.1882352941177,20.89597426470588,-42.880043088430874,452.85,318.42,128.81123514662858,303.65,-4.638527730670196,0.7061519995556245,High
Nagpur,OILSEEDS,1999,269.9,929.6,22.06,27.277587076634767,883.89,773.515,156.09382194693038,900.78,16.452816041059318,0.553311960387274,Low
Nagpur,OILSEEDS,2000,241.4,469.9,22.7084375,-35.6629322640806,900.78,815.9366666666666,132.595000031424,759.32,-6.938855548428992,0.7001143394988425,High
Nagpur,OILSEEDS,2001,212.1,696.8,22.6,-4.596576296257425,759.32,847.9966666666668,77.2591834886529,961.72,13.410823155751386,0.6085799837092506,Medium
Nagpur,OILSEEDS,2002,217.4,527.1,22.2234375,-27.83130793019128,961.72,873.94,103.83510581686721,1052.9,20.477378309723782,0.6287523335977601,Medium
Nagpur,OILSEEDS,2003,230.7,890.9,21.94,21.978918165419437,1052.9,924.6466666666669,150.2602014284999,1240.14,34.12042077334043,0.5231240805427526,Low
Nagpur,OILSEEDS,2004,244.9,557.6,22.26,-23.655354395512536,1240.14,1084.92,141.9450048434254,723.15,-33.34531578365226,0.7389908096249288,High
Nagpur,OILSEEDS,2005,263.3,983.9,22.26,34.71215353345627,723.15,1005.3966666666669,261.7481423684481,1029.74,2.4212665647720932,0.5723598570899702,Low
Nagpur,OILSEEDS,2006,278.9,793.9,22.44,8.698016760047695,1029.74,997.6766666666667,259.9821302192391,1281.68,28.466470432972603,0.5556564057539939,Low
Nagpur,OILSEEDS,2007,291.6,940.9,22.39,28.824743632105903,1281.68,1011.5233333333334,279.7102526425039,1336.9,32.166995653420415,0.5169018111854764,Low
Nagpur,OILSEEDS,2008,311.6,604.3,22.4290625,-17.261353409627386,1336.9,1216.1066666666668,163.74282559346943,842.91,-30.68782343654066,0.7234682286588454,High
Nagpur,OILSEEDS,2009,293.2,805.3,22.855,10.258864966452204,842.91,1153.8300000000002,270.6764616659529,768.79,-33.37060052174065,0.6872530567327297,High
Nagpur,OILSEEDS,2012,242.68,914.9,21.81,25.264914389428938,768.79,982.8666666666668,308.83352219817954,1003.34,2.083022451332827,0.5875201921573352,Medium
Nagpur,OILSEEDS,2013,229.1,1029.4,22.06,40.941854708140966,1003.34,871.68,119.89249476093205,419.47,-51.877982745961816,0.6804944622862842,High
Nagpur,OILSEEDS,2014,232.8,687.8,22.77,-5.8288248802609886,419.47,730.5333333333334,293.8089917503096,361.25,-50.54982661069539,0.7490432358171659,High
Nagpur,OILSEEDS,2015,205.0,705.9,22.77,-3.3506360613204853,361.25,594.6866666666668,355.0993554391975,399.02,-32.90248085826712,0.7070227220773126,High
Nagpur,PEARL MILLET,1999,0.1,929.6,22.06,27.277587076634767,1000.0,1000.0,0.0,1000.0,0.0,0.5889597284761171,Medium
Nagpur,PIGEONPEA,1999,51.1,929.6,22.06,27.277587076634767,684.93,434.2,354.5857664938061,909.98,109.57623215108245,0.3515445588162298,Low
Nagpur,PIGEONPEA,2000,48.7,469.9,22.7084375,-35.6629322640806,909.98,592.7933333333334,371.9154057488522,620.12,4.609813425702032,0.6750922233883085,High
Nagpur,PIGEONPEA,2001,50.6,696.8,22.6,-4.596576296257425,620.12,738.3433333333332,152.13297812549845,1112.65,50.695475907775545,0.5277965694134674,Low
Nagpur,PIGEONPEA,2002,50.0,527.1,22.2234375,-27.83130793019128,1112.65,880.9166666666666,247.5478907874867,534.0,-39.381326269983916,0.7584461935200277,High
Nagpur,PIGEONPEA,2003,51.1,890.9,21.94,21.978918165419437,534.0,755.5900000000001,312.2067364744075,632.09,-16.344843102740917,0.632465485607231,Medium
Nagpur,PIGEONPEA,2004,52.5,557.6,22.26,-23.655354395512536,632.09,759.58,309.67600924191737,548.57,-27.779825693146208,0.7269322477622058,High
Nagpur,PIGEONPEA,2005,52.1,983.9,22.26,34.71215353345627,548.57,571.5533333333334,52.930022041686506,698.66,22.238811192889532,0.5294218437291922,Low
Nagpur,PIGEONPEA,2006,52.9,793.9,22.44,8.698016760047695,698.66,626.44,75.20434761368567,633.27,1.0902879765021272,0.6149714677428155,Medium
Nagpur,PIGEONPEA,2007,55.2,940.9,22.39,28.824743632105903,633.27,626.8333333333334,75.2517443873124,742.75,18.49242222813081,0.5465300536068386,Low
Nagpur,PIGEONPEA,2008,57.1,604.3,22.4290625,-17.261353409627386,742.75,691.56,55.08425455608951,514.89,-25.546590317542943,0.7123288902343874,High
Nagpur,PIGEONPEA,2009,51.1,805.3,22.855,10.258864966452204,514.89,630.3033333333334,113.95896512926667,932.09,47.87959236558058,0.5112109721441206,Low
Nagpur,PIGEONPEA,2012,55.4,914.9,21.81,25.264914389428938,932.09,729.91,208.8961684665376,733.03,0.42744995958405896,0.5911072658894454,Medium
Nagpur,PIGEONPEA,2013,58.6,1029.4,22.06,40.941854708140966,733.03,726.67,208.67270353354812,453.92,-37.53423149435094,0.6494163345745642,Medium
Nagpur,PIGEONPEA,2014,62.0,687.8,22.77,-5.8288248802609886,453.92,706.3466666666667,240.1991620163014,340.32,-51.819691935971015,0.7517946106885872,High
Nagpur,PIGEONPEA,2015,67.8,705.9,22.77,-3.3506360613204853,340.32,509.09,202.08434550949298,411.5,-19.16949851696163,0.6772679270045833,High
Nagpur,PIGEONPEA,2016,65.65,417.1882352941177,20.89597426470588,-42.880043088430874,411.5,401.91333333333336,57.40355505831932,2568.82,539.1477432945743,0.262768522807317,Low
Nagpur,PIGEONPEA,2017,65.97,417.1882352941177,20.89597426470588,-42.880043088430874,2568.82,1106.88,1266.5773054969839,1121.31,1.303664353859482,0.6932772500391864,High
Nagpur,RICE,1999,37.7,929.6,22.06,27.277587076634767,1380.14,1097.545,399.6496816588248,1119.36,1.987617819770472,0.5846532231999622,Low
Nagpur,RICE,2000,37.7,469.9,22.7084375,-35.6629322640806,1119.36,1104.8166666666666,282.875529930274,992.04,-10.207726772164309,0.707196893816912,High
Nagpur,RICE,2001,42.7,696.8,22.6,-4.596576296257425,992.04,1163.8466666666666,197.8375599660827,1290.4,10.87371188644554,0.6140770581260615,Medium
Nagpur,RICE,2002,43.5,527.1,22.2234375,-27.83130793019128,1290.4,1133.9333333333334,149.7129217313367,967.82,-14.649303310012346,0.7048601437736014,High
Nagpur,RICE,2003,44.9,890.9,21.94,21.978918165419437,967.82,1083.42,179.6585439103857,1454.34,34.236030348341345,0.5228735931302515,Low
Nagpur,RICE,2004,43.3,557.6,22.26,-23.655354395512536,1454.34,1237.5200000000002,247.53312586399431,960.74,-22.365699140215927,0.7152016402308959,High
Nagpur,RICE,2005,45.8,983.9,22.26,34.71215353345627,960.74,1127.6333333333332,282.958417675342,1373.36,21.791362440509626,0.5303913160260121,Low
Nagpur,RICE,2006,46.8,793.9,22.44,8.698016760047695,1373.36,1262.8133333333333,264.71808425820365,1508.55,19.45946088627509,0.5751715931051068,Low
Nagpur,RICE,2007,49.7,940.9,22.39,28.824743632105903,1508.55,1280.8833333333332,285.3732633470301,1521.13,18.75632701390969,0.5459582599043196,Low
Nagpur,RICE,2008,57.5,604.3,22.4290625,-17.261353409627386,1521.13,1467.68,81.925337350542,949.57,-35.30129183473237,0.7334640768548941,High
Nagpur,RICE,2009,70.9,805.3,22.855,10.258864966452204,949.57,1326.4166666666667,326.41939546131977,1146.26,-13.582207702456497,0.6443782056244236,Medium
Nagpur,RICE,2012,67.1,914.9,21.81,25.264914389428938,1146.26,1205.6533333333334,290.3719759779402,1497.02,24.166703530036262,0.5396722164869705,Low
Nagpur,RICE,2013,77.8,1029.4,22.06,40.941854708140966,1497.02,1197.6166666666666,277.31481394497024,1352.18,12.90591034972238,0.5401293605794363,Low
Nagpur,RICE,2014,78.8,687.8,22.77,-5.8288248802609886,1352.18,1331.82,176.26412454041858,1211.93,-9.00196723280923,0.6590228738320459,Medium
Nagpur,RICE,2015,88.7,705.9,22.77,-3.3506360613204853,1211.93,1353.71,142.5511581854044,1209.7,-10.638172134356692,0.6587833865090008,Medium
Nagpur,RICE,2016,87.7,417.1882352941177,20.89597426470588,-42.880043088430874,1209.7,1257.9366666666667,81.62473665092914,1942.99,54.458491550978984,0.5781084577791448,Low
Nagpur,RICE,2017,97.28,417.1882352941177,20.89597426470588,-42.880043088430874,1942.99,1454.8733333333332,422.7229038428524,1887.43,29.73156884219017,0.6316834569813419,Medium
Nagpur,SESAMUM,1999,1.0,929.6,22.06,27.277587076634767,235.29,194.57,57.586776259832426,300.0,54.18615408336333,0.47155639462922117,Low
Nagpur,SESAMUM,2000,0.6,469.9,22.7084375,-35.6629322640806,300.0,229.71333333333334,73.2344183655017,333.33,45.106944887831204,0.5873484385539879,Medium
Nagpur,SESAMUM,2001,0.4,696.8,22.6,-4.596576296257425,333.33,289.53999999999996,49.84996589768141,250.0,-13.65614422877667,0.6672250797088658,Medium
Nagpur,SESAMUM,2002,0.3,527.1,22.2234375,-27.83130793019128,250.0,294.4433333333333,41.94197936832898,333.33,13.206842289970902,0.6445051616405055,Medium
Nagpur,SESAMUM,2003,0.2,890.9,21.94,21.978918165419437,333.33,305.55333333333334,48.110597931571526,500.0,63.637553727663466,0.4591702924752658,Low
Nagpur,SESAMUM,2004,0.2,557.6,22.26,-23.655354395512536,500.0,361.10999999999996,127.2941330148409,0.0,-100.0,0.8834092920932007,High
Nagpur,SESAMUM,2005,0.4,983.9,22.26,34.71215353345627,0.0,277.77666666666664,254.58717491918821,250.0,-9.999639998559987,0.5992718213104333,Medium
Nagpur,SESAMUM,2006,0.1,793.9,22.44,8.698016760047695,250.0,250.0,250.0,1000.0,300.0,0.18400042502667335,Low
Nagpur,SESAMUM,2007,0.1,940.9,22.39,28.824743632105903,1000.0,416.6666666666667,520.4164998665332,1000.0,139.99999999999997,0.2832636351019996,Low
Nagpur,SESAMUM,2008,0.1,604.3,22.4290625,-17.261353409627386,1000.0,750.0,433.0127018922193,1000.0,33.33333333333333,0.5847557223245808,Low
Nagpur,SESAMUM,2012,0.2,914.9,21.81,25.264914389428938,1000.0,1000.0,0.0,400.0,-60.0,0.7220334074681078,High
Nagpur,SESAMUM,2013,0.2,1029.4,22.06,40.941854708140966,400.0,800.0,346.41016151377545,0.0,-100.0,0.7847588330030193,High
Nagpur,SESAMUM,2015,0.1,705.9,22.77,-3.3506360613204853,0.0,466.6666666666667,503.3222956847166,200.0,-57.14285714285714,0.7595435373604159,High
Nagpur,SESAMUM,2016,0.05,417.1882352941177,20.89597426470588,-42.880043088430874,200.0,200.0,199.99999999999991,277.78,38.889999999999986,0.61184018947282,Medium
Nagpur,SOYABEAN,1999,239.9,929.6,22.06,27.277587076634767,926.17,823.035,145.85491575534914,944.14,14.71444106265226,0.5570784395071434,Low
Nagpur,SOYABEAN,2000,221.8,469.9,22.7084375,-35.6629322640806,944.14,863.4033333333333,124.60190702125442,784.04,-9.191918801950424,0.7049959765481226,High
Nagpur,SOYABEAN,2001,193.3,696.8,22.6,-4.596576296257425,784.04,884.7833333333333,87.70772276905457,1000.0,13.022020456985706,0.6094223895565734,Medium
Nagpur,SOYABEAN,2002,206.9,527.1,22.2234375,-27.83130793019128,1000.0,909.3933333333333,112.0945071505885,1077.33,18.466890014588476,0.6331083915705388,Medium
Nagpur,SOYABEAN,2003,218.5,890.9,21.94,21.978918165419437,1077.33,953.79,152.00749685459596,1270.02,33.15509703393829,0.5252156153114502,Low
Nagpur,SOYABEAN,2004,234.8,557.6,22.26,-23.655354395512536,1270.02,1115.7833333333333,139.0564426171378,732.96,-34.30982717672188,0.741080584309906,High
Nagpur,SOYABEAN,2005,244.8,983.9,22.26,34.71215353345627,732.96,1026.77,272.07645267461123,1051.88,2.445533079462794,0.5723072796414739,Low
Nagpur,SOYABEAN,2006,263.5,793.9,22.44,8.698016760047695,1051.88,1018.2866666666667,270.1013604803451,1315.37,29.174823068814916,0.5541216417096739,Low
Nagpur,SOYABEAN,2007,277.5,940.9,22.39,28.824743632105903,1315.37,1033.4033333333334,291.6442909321787,1366.49,32.23201008963908,0.5167609465736698,Low
Nagpur,SOYABEAN,2008,303.2,604.3,22.4290625,-17.261353409627386,1366.49,1244.58,168.8291476611783,848.28,-31.842067203393913,0.7259690901536857,High
Nagpur,SOYABEAN,2009,285.1,805.3,22.855,10.258864966452204,848.28,1176.7133333333334,285.5777554945995,770.82,-34.49381610927612,0.6896866905057152,High
Nagpur,SOYABEAN,2012,237.1,914.9,21.81,25.264914389428938,770.82,995.1966666666667,323.87353617320014,1006.28,1.113682722677922,0.5896204282360804,Medium
Nagpur,SOYABEAN,2013,232.8,1029.4,22.06,40.941854708140966,1006.28,875.1266666666667,120.00379382891649,429.12,-50.96481271282634,0.6785159272144973,High
Nagpur,SOYABEAN,2014,220.4,687.8,22.77,-5.8288248802609886,429.12,735.4066666666668,290.2050904676433,360.71,-50.95094777492726,0.7499123316729988,High
Nagpur,SOYABEAN,2015,199.7,705.9,22.77,-3.3506360613204853,360.71,598.7033333333333,354.6252055809527,386.58,-35.43045804544265,0.7125000059828414,High
Nagpur,SOYABEAN,2016,172.4,417.1882352941177,20.89597426470588,-42.880043088430874,386.58,392.1366666666666,34.54185046190883,1182.71,201.60658273901112,0.262768522807317,Low
Nagpur,SOYABEAN,2017,151.1,417.1882352941177,20.89597426470588,-42.880043088430874,1182.71,643.3333333333334,467.2929548295512,1140.97,77.35284974093264,0.5285040150344105,Low
Nagpur,SUGARCANE,1999,0.7,929.6,22.06,27.277587076634767,9400.0,6676.47,3851.653063529996,8842.86,32.448135017456835,0.5186554359385284,Low
Nagpur,SUGARCANE,2000,0.9,469.9,22.7084375,-35.6629322640806,8842.86,7398.600000000001,2997.0036489133618,7911.11,6.927121347281895,0.6700713895582356,Medium
Nagpur,SUGARCANE,2001,0.9,696.8,22.6,-4.596576296257425,7911.11,8717.99,752.2584301289066,5822.22,-33.21602800645561,0.7096048278936956,High
Nagpur,SUGARCANE,2002,1.3,527.1,22.2234375,-27.83130793019128,5822.22,7525.396666666667,1546.818536232784,3769.23,-49.91320501820724,0.7812652641411022,High
Nagpur,SUGARCANE,2003,0.9,890.9,21.94,21.978918165419437,3769.23,5834.186666666667,2070.9659302927516,5877.78,0.7472049803000076,0.5954327147607658,Medium
Nagpur,SUGARCANE,2004,0.4,557.6,22.26,-23.655354395512536,5877.78,5156.41,1201.6542733665055,7400.0,43.510698334694105,0.5724694457024,Low
Nagpur,SUGARCANE,2006,0.2,793.9,22.44,8.698016760047695,7400.0,5682.336666666667,1823.258421242946,3600.0,-36.6457812836386,0.6967329511395146,High
Nagpur,SUGARCANE,2007,0.3,940.9,22.39,28.824743632105903,3600.0,5625.926666666666,1912.47812435419,7633.33,35.68129220786147,0.5092875019842129,Low
Nagpur,SUGARCANE,2008,0.2,604.3,22.4290625,-17.261353409627386,7633.33,6211.110000000001,2264.295099208579,5750.0,-7.4239548164498865,0.67306317998215,Medium
Nagpur,SUGARCANE,2009,0.2,805.3,22.855,10.258864966452204,5750.0,5661.110000000001,2018.1337409349228,7050.0,24.53388116464791,0.5617933464126394,Low
Nagpur,SUGARCANE,2012,0.3,914.9,21.81,25.264914389428938,7050.0,6811.110000000001,964.123589743551,7366.67,8.156673435020128,0.5743606150260565,Low
Nagpur,SUGARCANE,2013,0.3,1029.4,22.06,40.941854708140966,7366.67,6722.223333333332,856.7284456776977,6666.67,-0.8264130865432774,0.5698827280245794,Low
Nagpur,SUGARCANE,2014,3.8,687.8,22.77,-5.8288248802609886,6666.67,7027.78,350.52859555247596,6802.63,-3.2037144019875354,0.6464599926986409,Medium
Nagpur,SUGARCANE,2015,4.4,705.9,22.77,-3.3506360613204853,6802.63,6945.323333333334,371.17521540820127,6738.64,-2.975863374731295,0.6421817175298679,Medium
Nagpur,SUGARCANE,2016,4.6,417.1882352941177,20.89597426470588,-42.880043088430874,6738.64,6735.9800000000005,68.01902013401464,4311.81,-35.988378825352804,0.7740766769272104,High
Nagpur,SUGARCANE,2017,4.27,417.1882352941177,20.89597426470588,-42.880043088430874,4311.81,5951.026666666668,1419.9637813103982,5199.16,-12.634234541042794,0.7234760309780407,High
Nagpur,SUNFLOWER,1999,3.4,929.6,22.06,27.277587076634767,571.43,2119.05,2188.6651933998496,705.88,-66.6888464170265,0.7334522290458596,High
Nagpur,SUNFLOWER,2000,1.2,469.9,22.7084375,-35.6629322640806,705.88,1647.993333333333,1749.5173088693161,583.33,-64.60361894667858,0.8250546601946334,High
Nagpur,SUNFLOWER,2001,0.3,696.8,22.6,-4.596576296257425,583.33,620.2133333333333,74.4277222097676,666.67,7.490433399260477,0.6214074948482714,Medium
Nagpur,SUNFLOWER,2002,0.2,527.1,22.2234375,-27.83130793019128,666.67,651.96,62.58525145751967,500.0,-23.308178415853735,0.7236210398361952,High
Nagpur,SUNFLOWER,2003,0.8,890.9,21.94,21.978918165419437,500.0,583.3333333333334,83.33500005000515,375.0,-35.71428571428572,0.6744326112654382,High
Nagpur,SUNFLOWER,2004,0.9,557.6,22.26,-23.655354395512536,375.0,513.89,146.33026447048152,666.67,29.730097880869444,0.6023274133522539,Medium
Nagpur,SUNFLOWER,2005,8.3,983.9,22.26,34.71215353345627,666.67,513.89,146.33026447048152,734.94,43.01504212963865,0.48440667669971915,Low
Nagpur,SUNFLOWER,2006,5.4,793.9,22.44,8.698016760047695,734.94,592.2033333333334,191.17574174914134,648.15,9.447205633200296,0.5968648128200298,Medium
Nagpur,SUNFLOWER,2007,3.3,940.9,22.39,28.824743632105903,648.15,683.2533333333334,45.709749871710464,751.52,9.991413628912632,0.5649489055717499,Low
Nagpur,SUNFLOWER,2008,0.4,604.3,22.4290625,-17.261353409627386,751.52,711.5366666666665,55.51690042981791,750.0,5.405671293585266,0.6452656567438332,Medium
Nagpur,SUNFLOWER,2009,0.4,805.3,22.855,10.258864966452204,750.0,716.5566666666667,59.24678584813114,600.0,-16.266217605492944,0.6501935604143166,Medium
Nagpur,SUNFLOWER,2012,0.92,914.9,21.81,25.264914389428938,600.0,700.5066666666667,87.04464448393314,445.65,-36.38176177243139,0.6708605579752132,Medium
Nagpur,SUNFLOWER,2013,15.2,1029.4,22.06,40.941854708140966,445.65,598.5500000000001,152.18018103551142,447.37,-25.25770612313091,0.6228171962703428,Medium
Nagpur,SUNFLOWER,2014,8.2,687.8,22.77,-5.8288248802609886,447.37,497.67333333333335,88.62166571067382,317.07,-36.289533964715815,0.7181459350843131,High
Nagpur,SUNFLOWER,2015,0.4,705.9,22.77,-3.3506360613204853,317.07,403.3633333333333,74.73716701437426,250.0,-38.021138923551135,0.718113147885391,High
Nagpur,SUNFLOWER,2016,0.12,417.1882352941177,20.89597426470588,-42.880043088430874,250.0,338.1466666666667,100.35884930256277,241.67,-28.531012184062156,0.7579190492044678,High
Nagpur,SUNFLOWER,2017,0.13,417.1882352941177,20.89597426470588,-42.880043088430874,241.67,269.58,41.33790391397707,431.82,60.182506120632105,0.5657064262116043,Low
Nanded,COTTON,1999,274.3,771.0,21.6675,31.273998690822687,127.51,90.27000000000001,52.665313062774054,110.03,21.88988589786196,0.535428470943625,Low
Nanded,COTTON,2000,270.0,559.8,22.3640625,-4.68588266261669,110.03,96.85666666666667,38.94830077594314,52.52,-45.77554461919675,0.7369534992544167,High
Nanded,COTTON,2001,245.7,628.9,22.12,7.079400488532272,52.52,96.68666666666667,39.23529575947317,114.25,18.165207198510654,0.5804477000952506,Low
Nanded,COTTON,2002,214.6,529.5,22.25,-9.844899731789091,114.25,92.26666666666667,34.48623251869264,99.91,8.283959537572251,0.6277032328828818,Medium
Nanded,COTTON,2003,215.5,759.2,22.37125,29.26487653187106,99.91,88.89333333333332,32.30593495525758,160.05,80.04724763761817,0.412489110598754,Low
Nanded,COTTON,2004,233.2,516.8,21.8528125,-12.007260021508227,160.05,124.73666666666668,31.411503200791472,142.07,13.895940781913882,0.6188462165275631,Medium
Nanded,COTTON,2005,227.8,817.1,21.8575,39.12319627791338,142.07,134.01,30.8695254255714,96.4,-28.065069770912608,0.6316772051305752,Medium
Nanded,COTTON,2006,215.7,656.5,21.96,11.778703165402193,96.4,132.84,32.813492651651686,101.99,-23.22342667871124,0.6629464729441256,Medium
Nanded,COTTON,2007,207.8,442.4,22.2053125,-24.674945498288,101.99,113.48666666666666,24.911186911372447,223.34,96.79844915702286,0.45856973392664446,Low
Nanded,COTTON,2008,269.3,285.6,22.11,-51.37243316978085,223.34,140.57666666666668,71.72962451688515,120.76,-14.096696938799713,0.7396139622954541,High
Nanded,COTTON,2009,257.4,412.3,22.73,-29.799909649512067,120.76,148.6966666666667,65.32073662577092,130.26,-12.398843282745652,0.7029905224946063,High
Nanded,COTTON,2012,326.6,578.8,21.95,-1.4508554575250807,130.26,158.12,56.68155608308575,274.4,73.53908423981784,0.4734980566376309,Low
Nanded,COTTON,2013,321.1,893.7,22.05,52.16546385212483,274.4,175.14,86.09281735429497,202.3,15.507593924860128,0.5173521003754521,Low
Nanded,COTTON,2014,342.3,383.3,22.8965625,-34.737582752020316,202.3,202.32000000000002,72.07000208130974,92.96,-54.05298536971136,0.8007817946969606,High
Nanded,COTTON,2015,352.7,330.7,22.8965625,-43.69350017243183,92.96,189.88666666666666,91.35472912407613,122.8,-35.32984587297686,0.7738921369834288,High
Nanded,COTTON,2016,364.3,417.1882352941177,20.89597426470588,-28.967616272598402,122.8,139.35333333333332,56.518302640236215,313.95,125.29062813950151,0.40339228687393847,Low
Nanded,COTTON,2017,299.54,417.1882352941177,20.89597426470588,-28.967616272598402,313.95,176.57000000000002,119.90644144498657,187.31,6.082573483604225,0.6616764052941884,Medium
Nanded,GROUNDNUT,1999,10.4,771.0,21.6675,31.273998690822687,732.14,664.575,95.55133934173813,826.92,24.428394086446207,0.5299283698683774,Low
Nanded,GROUNDNUT,2000,7.3,559.8,22.3640625,-4.68588266261669,826.92,718.6899999999999,115.54362336364557,589.04,-18.039766797924,0.6768593139751926,High
Nanded,GROUNDNUT,2001,10.3,628.9,22.12,7.079400488532272,589.04,716.0333333333333,119.75513405834977,1097.09,53.21772729388762,0.504500573222187,Low
Nanded,GROUNDNUT,2002,7.6,529.5,22.25,-9.844899731789091,1097.09,837.6833333333334,254.19596305475284,1394.74,66.4996717136547,0.5015691898351236,Low
Nanded,GROUNDNUT,2003,7.0,759.2,22.37125,29.26487653187106,1394.74,1026.9566666666667,407.40291583803526,1442.86,40.498625388283166,0.4981777921386942,Low
Nanded,GROUNDNUT,2004,5.0,516.8,21.8528125,-12.007260021508227,1442.86,1311.5633333333333,187.2911947565427,1100.0,-16.130622742833612,0.6839037708309659,High
Nanded,GROUNDNUT,2005,9.5,817.1,21.8575,39.12319627791338,1100.0,1312.533333333333,185.625151672216,1336.84,1.85188947582285,0.5668571267628646,Low
Nanded,GROUNDNUT,2006,9.5,656.5,21.96,11.778703165402193,1336.84,1293.2333333333333,175.54031141972257,1178.95,-8.837023481196997,0.6317759326829486,Medium
Nanded,GROUNDNUT,2007,3.5,442.4,22.2053125,-24.674945498288,1178.95,1205.2633333333333,120.5926616064723,1114.29,-7.548004723725661,0.6846537173341793,High
Nanded,GROUNDNUT,2008,4.6,285.6,22.11,-51.37243316978085,1114.29,1210.0266666666666,114.48338321928273,978.26,-19.153847849083213,0.7505711226010318,High
Nanded,GROUNDNUT,2009,2.5,412.3,22.73,-29.799909649512067,978.26,1090.5,102.43823553732145,988.0,-9.399358092618066,0.6964916379160182,High
Nanded,GROUNDNUT,2012,5.3,578.8,21.95,-1.4508554575250807,988.0,1026.8500000000001,75.88169805690758,1098.11,6.9396698641476116,0.6177967877844354,Medium
Nanded,GROUNDNUT,2013,7.3,893.7,22.05,52.16546385212483,1098.11,1021.4566666666666,66.56212912259502,1232.88,20.698218557158587,0.5061057470055095,Low
Nanded,GROUNDNUT,2014,5.1,383.3,22.8965625,-34.737582752020316,1232.88,1106.33,122.64676881190049,843.14,-23.789466072510006,0.7352108362199097,High
Nanded,GROUNDNUT,2015,4.8,330.7,22.8965625,-43.69350017243183,843.14,1058.0433333333333,197.93514148157993,541.67,-48.804554318821225,0.8030873386159942,High
Nanded,GROUNDNUT,2016,11.7,417.1882352941177,20.89597426470588,-28.967616272598402,541.67,872.5633333333334,346.54309318370923,873.5,0.10734655364079901,0.6746227303090659,High
Nanded,GROUNDNUT,2017,3.94,417.1882352941177,20.89597426470588,-28.967616272598402,873.5,752.77,183.44710382014628,686.82,-8.760976128166629,0.6938374294529179,High
Nanded,KHARIF SORGHUM,1999,202.2,771.0,21.6675,31.273998690822687,1162.12,1131.25,43.65677267045729,1313.06,16.071602209944746,0.5480347522674036,Low
Nanded,KHARIF SORGHUM,2000,209.0,559.8,22.3640625,-4.68588266261669,1313.06,1191.8533333333332,109.41320273775614,1227.75,3.0118359082213777,0.6312475081120297,Medium
Nanded,KHARIF SORGHUM,2001,181.2,628.9,22.12,7.079400488532272,1227.75,1234.31,75.68352594851818,1162.8,-5.793520266383647,0.6323582762690152,Medium
Nanded,KHARIF SORGHUM,2002,171.9,529.5,22.25,-9.844899731789091,1162.8,1234.5366666666666,75.35954507116769,1625.95,31.705282143638243,0.5769570339032414,Low
Nanded,KHARIF SORGHUM,2003,164.2,759.2,22.37125,29.26487653187106,1625.95,1338.8333333333333,250.76206019518474,1305.72,-2.473297647205271,0.5912836253819421,Medium
Nanded,KHARIF SORGHUM,2004,165.3,516.8,21.8528125,-12.007260021508227,1305.72,1364.8233333333335,237.1642545438361,1286.75,-5.720398488693297,0.6613482849470703,Medium
Nanded,KHARIF SORGHUM,2005,170.7,817.1,21.8575,39.12319627791338,1286.75,1406.14,190.59719908750014,781.49,-44.42303042371314,0.667119453211525,Medium
Nanded,KHARIF SORGHUM,2006,170.1,656.5,21.96,11.778703165402193,781.49,1124.6533333333334,297.3394865021011,952.97,-15.265444759273972,0.6457041787854022,Medium
Nanded,KHARIF SORGHUM,2007,167.8,442.4,22.2053125,-24.674945498288,952.97,1007.07,256.9377831304686,1163.11,15.494454208744163,0.6347283896473278,Medium
Nanded,KHARIF SORGHUM,2008,111.3,285.6,22.11,-51.37243316978085,1163.11,965.8566666666666,191.1360921786698,946.99,-1.9533609196671586,0.7133034009207546,High
Nanded,KHARIF SORGHUM,2009,125.1,412.3,22.73,-29.799909649512067,946.99,1021.0233333333334,123.08698441887765,732.53,-28.255312480615864,0.7373462057565439,High
Nanded,KHARIF SORGHUM,2012,129.4,578.8,21.95,-1.4508554575250807,732.53,947.5433333333334,215.29053331099567,1218.01,28.543989193106373,0.5709874292385141,Low
Nanded,KHARIF SORGHUM,2013,88.3,893.7,22.05,52.16546385212483,1218.01,965.8433333333332,243.28849897463908,807.47,-16.39741434946315,0.5864796183029221,Medium
Nanded,KHARIF SORGHUM,2014,88.3,383.3,22.8965625,-34.737582752020316,807.47,919.3366666666667,261.3586060058725,323.9,-64.76807553272106,0.8239978233834043,High
Nanded,KHARIF SORGHUM,2015,87.1,330.7,22.8965625,-43.69350017243183,323.9,783.1266666666667,447.55180865831915,370.84,-52.64623006920976,0.811410969408475,High
Nanded,KHARIF SORGHUM,2016,95.0,417.1882352941177,20.89597426470588,-28.967616272598402,370.84,500.7366666666667,266.6736661789693,371.58,-25.79333115875943,0.7307408653524127,High
Nanded,KHARIF SORGHUM,2017,88.4,417.1882352941177,20.89597426470588,-28.967616272598402,371.58,355.44,27.316947120767093,653.87,83.96072473553905,0.4929404109155586,Low
Nanded,MAIZE,1999,0.1,771.0,21.6675,31.273998690822687,1000.0,1250.0,353.5533905932738,1000.0,-20.0,0.62618989038869,Medium
Nanded,MAIZE,2000,0.1,559.8,22.3640625,-4.68588266261669,1000.0,1166.6666666666667,288.6751345948129,1000.0,-14.28571428571429,0.6687255335320987,Medium
Nanded,MAIZE,2001,1.2,628.9,22.12,7.079400488532272,1000.0,1000.0,0.0,1833.33,83.33299999999998,0.43925081569249436,Low
Nanded,MAIZE,2002,1.5,529.5,22.25,-9.844899731789091,1833.33,1277.7766666666666,481.12329982379083,933.33,-26.956719092799208,0.7040580365817655,High
Nanded,MAIZE,2003,1.6,759.2,22.37125,29.26487653187106,933.33,1255.5533333333333,501.47844383715363,1250.0,-0.4423016677905586,0.586883134093225,Medium
Nanded,MAIZE,2004,1.5,516.8,21.8528125,-12.007260021508227,1250.0,1338.8866666666665,456.536558923087,1193.33,-10.871470326091824,0.6725089405947299,Medium
Nanded,MAIZE,2005,1.4,817.1,21.8575,39.12319627791338,1193.33,1125.5533333333333,168.86453041812317,1500.0,33.267785326328394,0.4987893524203294,Low
Nanded,MAIZE,2006,1.2,656.5,21.96,11.778703165402193,1500.0,1314.4433333333334,163.17576300827665,1883.33,43.27966464891347,0.5188564417347523,Low
Nanded,MAIZE,2007,1.3,442.4,22.2053125,-24.674945498288,1883.33,1525.5533333333333,345.7090245182113,1861.54,22.023921374976513,0.620581210787205,Medium
Nanded,MAIZE,2008,1.0,285.6,22.11,-51.37243316978085,1861.54,1748.29,215.30128680525786,1120.0,-35.937401689651026,0.7869354892554742,High
Nanded,MAIZE,2009,1.2,412.3,22.73,-29.799909649512067,1120.0,1621.6233333333332,434.5551488975055,850.0,-47.58338866197863,0.779223704149357,High
Nanded,MAIZE,2012,0.8,578.8,21.95,-1.4508554575250807,850.0,1277.18,523.7675602784119,1437.5,12.552655068197115,0.6056353198423686,Medium
Nanded,MAIZE,2013,2.7,893.7,22.05,52.16546385212483,1437.5,1135.8333333333333,294.06986131416676,1000.0,-11.9589141599413,0.5768628678923234,Low
Nanded,MAIZE,2014,3.9,383.3,22.8965625,-34.737582752020316,1000.0,1095.8333333333333,305.24921512320594,1000.0,-8.745247148288968,0.7026150285508728,High
Nanded,MAIZE,2015,9.1,330.7,22.8965625,-43.69350017243183,1000.0,1145.8333333333333,252.5907427704611,945.05,-17.52290909090909,0.7353104406224106,High
Nanded,MAIZE,2016,10.3,417.1882352941177,20.89597426470588,-28.967616272598402,945.05,981.6833333333334,31.725397291969944,1883.5,91.86431469754332,0.47581596599793985,Low
Nanded,MAIZE,2017,6.15,417.1882352941177,20.89597426470588,-28.967616272598402,1883.5,1276.1833333333334,526.6688008923003,1675.89,31.32047380862206,0.6069942879234986,Medium
Nanded,MINOR PULSES,1999,90.0,771.0,21.6675,31.273998690822687,599.33,395.71000000000004,287.96216557040964,518.89,31.128856991230936,0.5154107002413922,Low
Nanded,MINOR PULSES,2000,105.1,559.8,22.3640625,-4.68588266261669,518.89,436.77,215.68234791006887,411.04,-5.890972365318122,0.6505369260379676,Medium
Nanded,MINOR PULSES,2001,102.3,628.9,22.12,7.079400488532272,411.04,509.7533333333334,94.47692857694582,287.39,-43.62175169689916,0.7143194443681923,High
Nanded,MINOR PULSES,2002,114.1,529.5,22.25,-9.844899731789091,287.39,405.7733333333333,115.83982835507533,734.97,81.12821608122763,0.4698740103721546,Low
Nanded,MINOR PULSES,2003,109.4,759.2,22.37125,29.26487653187106,734.97,477.8,231.13770203062936,742.23,55.343239849309334,0.46601446080657805,Low
Nanded,MINOR PULSES,2004,79.2,516.8,21.8528125,-12.007260021508227,742.23,588.1966666666667,260.5315046848142,497.35,-15.444947551555888,0.6824181412498691,High
Nanded,MINOR PULSES,2005,84.6,817.1,21.8575,39.12319627791338,497.35,658.1833333333333,139.33304609220795,385.34,-41.454002177711374,0.6606865586785426,Medium
Nanded,MINOR PULSES,2006,90.6,656.5,21.96,11.778703165402193,385.34,541.64,182.52074156106207,263.8,-51.29606380621815,0.723770520053521,High
Nanded,MINOR PULSES,2007,101.8,442.4,22.2053125,-24.674945498288,263.8,382.16333333333324,116.80740144928028,339.39,-11.192422088286841,0.6925499549573689,High
Nanded,MINOR PULSES,2008,70.7,285.6,22.11,-51.37243316978085,339.39,329.50999999999993,61.36940361450471,355.02,7.741798427968819,0.6922972223342799,High
Nanded,MINOR PULSES,2009,84.7,412.3,22.73,-29.799909649512067,355.02,319.40333333333325,48.78393417236167,142.03,-55.53271203598374,0.7964472381263107,High
Nanded,MINOR PULSES,2012,82.19,578.8,21.95,-1.4508554575250807,142.03,278.8133333333333,118.71535045365157,716.75,157.07163693749706,0.2925108591265958,Low
Nanded,MINOR PULSES,2013,81.2,893.7,22.05,52.16546385212483,716.75,404.5999999999999,290.5501710548455,683.5,68.93227879387052,0.401598616492982,Low
Nanded,MINOR PULSES,2014,63.6,383.3,22.8965625,-34.737582752020316,683.5,514.0933333333332,322.64490331219145,176.1,-65.74551962030239,0.8261156189064901,High
Nanded,MINOR PULSES,2015,67.6,330.7,22.8965625,-43.69350017243183,176.1,525.4499999999999,303.0024051059661,185.2,-64.75402036349796,0.8376445150460121,High
Nanded,MINOR PULSES,2016,80.82,417.1882352941177,20.89597426470588,-28.967616272598402,185.2,348.26666666666665,290.35623522379075,305.67,-12.23104900459417,0.7013559206851526,High
Nanded,MINOR PULSES,2017,69.37,417.1882352941177,20.89597426470588,-28.967616272598402,305.67,222.3233333333333,72.323596656508,301.43,35.5818102763243,0.5977613922435079,Medium
Nanded,OILSEEDS,1999,50.5,771.0,21.6675,31.273998690822687,464.23,433.0,44.165889552911786,643.96,48.72055427251733,0.4772953561320654,Low
Nanded,OILSEEDS,2000,51.8,559.8,22.3640625,-4.68588266261669,643.96,503.32,125.7379024001912,474.9,-5.646507192243506,0.6500072514963078,Medium
Nanded,OILSEEDS,2001,65.3,628.9,22.12,7.079400488532272,474.9,527.6966666666667,100.82824124883535,948.39,79.72256788938088,0.44707341859880967,Low
Nanded,OILSEEDS,2002,87.1,529.5,22.25,-9.844899731789091,948.39,689.0833333333334,239.94849746004522,995.29,44.43681219010762,0.5493720521359831,Low
Nanded,OILSEEDS,2003,114.0,759.2,22.37125,29.26487653187106,995.29,806.1933333333333,287.8651716226423,1058.95,31.35186762480465,0.5179957672928317,Low
Nanded,OILSEEDS,2004,155.8,516.8,21.8528125,-12.007260021508227,1058.95,1000.8766666666667,55.49131944127266,802.95,-19.775330293775788,0.6918006371913143,High
Nanded,OILSEEDS,2005,212.9,817.1,21.8575,39.12319627791338,802.95,952.3966666666666,133.28120097498126,847.06,-11.060167507236136,0.5948332502260658,Medium
Nanded,OILSEEDS,2006,226.0,656.5,21.96,11.778703165402193,847.06,902.9866666666667,136.85702040207275,677.74,-24.94462819679877,0.6666757428999693,Medium
Nanded,OILSEEDS,2007,195.1,442.4,22.2053125,-24.674945498288,677.74,775.9166666666666,87.8374432308531,1014.3,30.722800988078617,0.6017336382922132,Medium
Nanded,OILSEEDS,2008,191.8,285.6,22.11,-51.37243316978085,1014.3,846.3666666666667,168.28107122707934,763.4,-9.802685991099212,0.7303102719088006,High
Nanded,OILSEEDS,2009,211.8,412.3,22.73,-29.799909649512067,763.4,818.48,174.91001457892574,463.17,-43.41095689570912,0.7701834353224699,High
Nanded,OILSEEDS,2012,204.64,578.8,21.95,-1.4508554575250807,463.17,746.9566666666666,275.9327030877879,1450.69,94.21340818521381,0.4287036880894222,Low
Nanded,OILSEEDS,2013,299.4,893.7,22.05,52.16546385212483,1450.69,892.4200000000001,506.2445633288323,1268.54,42.14607471818201,0.4596353919901136,Low
Nanded,OILSEEDS,2014,230.6,383.3,22.8965625,-34.737582752020316,1268.54,1060.8,525.5148602085388,304.86,-71.26131221719457,0.8380665028663834,High
Nanded,OILSEEDS,2015,286.5,330.7,22.8965625,-43.69350017243183,304.86,1008.0299999999999,615.7358949257385,315.88,-68.6636310427269,0.8461153381843132,High
Nanded,PEARL MILLET,1999,0.3,771.0,21.6675,31.273998690822687,666.67,555.555,157.14033998308645,500.0,-9.999909999909992,0.6045230287219006,Medium
Nanded,PEARL MILLET,2000,0.2,559.8,22.3640625,-4.68588266261669,500.0,537.0366666666667,115.65175845326922,500.0,-6.89648751481899,0.6527155421952123,Medium
Nanded,PEARL MILLET,2001,0.5,628.9,22.12,7.079400488532272,500.0,555.5566666666667,96.2269693658349,400.0,-28.00014399971201,0.6804726276910663,High
Nanded,PEARL MILLET,2002,0.7,529.5,22.25,-9.844899731789091,400.0,466.6666666666667,57.73502691896259,714.29,53.062142857142845,0.5306838356908024,Low
Nanded,PEARL MILLET,2003,0.6,759.2,22.37125,29.26487653187106,714.29,538.0966666666667,160.57106848163315,500.0,-7.079892708249451,0.6012645813475046,Medium
Nanded,PEARL MILLET,2004,0.2,516.8,21.8528125,-12.007260021508227,500.0,538.0966666666667,160.57106848163315,500.0,-7.079892708249451,0.6642938557560989,Medium
Nanded,PEARL MILLET,2005,0.1,817.1,21.8575,39.12319627791338,500.0,571.43,123.72038918464484,1000.0,74.99956250109376,0.4083705018753059,Low
Nanded,PEARL MILLET,2007,0.6,442.4,22.2053125,-24.674945498288,1000.0,666.6666666666666,288.6751345948129,533.33,-20.00049999999999,0.7116341237660172,High
Nanded,PEARL MILLET,2008,0.2,285.6,22.11,-51.37243316978085,533.33,677.7766666666668,279.5507639648537,500.0,-26.229387261290604,0.7659014579940968,High
Nanded,PIGEONPEA,1999,48.6,771.0,21.6675,31.273998690822687,1037.42,583.9250000000001,641.3387794683867,1152.26,97.33013657575886,0.37197459447539327,Low
Nanded,PIGEONPEA,2000,53.2,559.8,22.3640625,-4.68588266261669,1152.26,773.37,559.7552492831131,477.44,-38.26499605622147,0.7206806440346911,High
Nanded,PIGEONPEA,2001,52.3,628.9,22.12,7.079400488532272,477.44,889.0400000000001,361.0512102181629,762.91,-14.18721317376047,0.6505446109016044,Medium
Nanded,PIGEONPEA,2002,54.9,529.5,22.25,-9.844899731789091,762.91,797.5366666666665,338.7399631477417,1009.11,26.528351883507995,0.5881737161334862,Medium
Nanded,PIGEONPEA,2003,55.8,759.2,22.37125,29.26487653187106,1009.11,749.82,266.07660231594974,799.28,6.596249766610643,0.5716329393187398,Low
Nanded,PIGEONPEA,2004,52.8,516.8,21.8528125,-12.007260021508227,799.28,857.0999999999999,132.89459846058463,905.3,5.623614514059042,0.6367695901078555,Medium
Nanded,PIGEONPEA,2005,53.3,817.1,21.8575,39.12319627791338,905.3,904.5633333333334,104.91693968722751,521.58,-42.33902914481757,0.6626041171072663,Medium
Nanded,PIGEONPEA,2006,54.9,656.5,21.96,11.778703165402193,521.58,742.0533333333333,198.15758409239186,703.1,-5.249398066625929,0.6240027442847371,Medium
Nanded,PIGEONPEA,2007,61.1,442.4,22.2053125,-24.674945498288,703.1,709.9933333333333,191.95285393380675,777.41,9.495394322951384,0.6477263527331689,Medium
Nanded,PIGEONPEA,2008,58.1,285.6,22.11,-51.37243316978085,777.41,667.3633333333333,131.60577203653858,476.76,-28.560654116448315,0.7709525361802549,High
Nanded,PIGEONPEA,2009,60.2,412.3,22.73,-29.799909649512067,476.76,652.4233333333333,156.60044391167403,714.78,9.55770026618709,0.6554180114720772,Medium
Nanded,PIGEONPEA,2012,64.5,578.8,21.95,-1.4508554575250807,714.78,656.3166666666667,158.62243420567395,571.94,-12.856090809822494,0.6606876025778943,Medium
Nanded,PIGEONPEA,2013,71.6,893.7,22.05,52.16546385212483,571.94,587.8266666666667,119.80262824050797,643.85,9.530587247941567,0.5303022815087324,Low
Nanded,PIGEONPEA,2014,71.6,383.3,22.8965625,-34.737582752020316,643.85,643.5233333333334,71.4205602983717,205.31,-68.09595093676998,0.831208220092153,High
Nanded,PIGEONPEA,2015,76.9,330.7,22.8965625,-43.69350017243183,205.31,473.70000000000005,235.1970580173147,187.26,-60.46865104496517,0.8283595481892219,High
Nanded,PIGEONPEA,2016,86.63,417.1882352941177,20.89597426470588,-28.967616272598402,187.26,345.47333333333336,258.5593298129725,1209.98,250.2383203720499,0.2415219811767313,Low
Nanded,PIGEONPEA,2017,77.2,417.1882352941177,20.89597426470588,-28.967616272598402,1209.98,534.1833333333334,585.3266623291079,879.53,64.64946491529123,0.5347814738592895,Low
Nanded,RICE,1999,26.1,771.0,21.6675,31.273998690822687,624.51,606.46,25.52655480083434,597.7,-1.4444481086963674,0.5859861946243329,Medium
Nanded,RICE,2000,26.7,559.8,22.3640625,-4.68588266261669,597.7,603.54,18.74517804663374,752.81,24.732412101931935,0.5841862596924803,Low
Nanded,RICE,2001,23.9,628.9,22.12,7.079400488532272,752.81,658.34,82.90434065837556,1020.92,55.07488531761703,0.5004767308374534,Low
Nanded,RICE,2002,24.1,529.5,22.25,-9.844899731789091,1020.92,790.4766666666666,214.1094940289507,634.85,-19.687698983313854,0.6883084930112664,High
Nanded,RICE,2003,23.3,759.2,22.37125,29.26487653187106,634.85,802.86,197.84151005287023,575.11,-28.367336771043515,0.647387376816738,Medium
Nanded,RICE,2004,16.4,516.8,21.8528125,-12.007260021508227,575.11,743.6266666666667,241.9936185797743,500.0,-32.76195940615362,0.7199383336013724,High
Nanded,RICE,2005,15.6,817.1,21.8575,39.12319627791338,500.0,569.9866666666667,67.57082975170053,429.49,-24.649114599171913,0.6242759689251619,Medium
Nanded,RICE,2006,15.6,656.5,21.96,11.778703165402193,429.49,501.53333333333336,72.82210813573926,602.56,20.143559750099676,0.5689846690153484,Low
Nanded,RICE,2007,14.5,442.4,22.2053125,-24.674945498288,602.56,510.68333333333334,87.02819332453878,720.69,41.12267876374793,0.5792005697783381,Low
Nanded,RICE,2008,8.0,285.6,22.11,-51.37243316978085,720.69,584.2466666666667,146.46123594089087,525.0,-10.140693999109965,0.7310426225928215,High
Nanded,RICE,2009,5.6,412.3,22.73,-29.799909649512067,525.0,616.0833333333334,98.54341395209174,266.07,-56.812660624915466,0.7992204600689868,High
Nanded,RICE,2012,4.0,578.8,21.95,-1.4508554575250807,266.07,503.92,228.04190601729317,522.5,3.6870931893951386,0.6248440372463756,Medium
Nanded,RICE,2013,0.8,893.7,22.05,52.16546385212483,522.5,437.8566666666666,148.77686860978523,500.0,14.192620111604265,0.5202012103041636,Low
Nanded,RICE,2014,0.8,383.3,22.8965625,-34.737582752020316,500.0,429.5233333333333,142.00107969073085,125.0,-70.89797217070085,0.837279266098983,High
Nanded,RICE,2015,0.4,330.7,22.8965625,-43.69350017243183,125.0,382.5,223.2851316142657,250.0,-34.64052287581699,0.7723986038229209,High
Nanded,RICE,2016,0.7,417.1882352941177,20.89597426470588,-28.967616272598402,250.0,291.6666666666667,190.94065395649324,1857.14,536.7337142857143,0.2415219811767313,Low
Nanded,RICE,2017,0.81,417.1882352941177,20.89597426470588,-28.967616272598402,1857.14,744.0466666666667,965.9911110012004,1485.15,99.60441549365183,0.45904574760642725,Low
Nanded,SESAMUM,1999,8.2,771.0,21.6675,31.273998690822687,215.05,224.81,13.802724368761394,231.71,3.0692584849428433,0.5762064970048137,Low
Nanded,SESAMUM,2000,8.7,559.8,22.3640625,-4.68588266261669,231.71,227.11,10.541707641554087,195.4,-13.962397076306637,0.6680250129117178,Medium
Nanded,SESAMUM,2001,7.9,628.9,22.12,7.079400488532272,195.4,214.05333333333337,18.17550641201872,354.43,65.58022922636101,0.4777151523685839,Low
Nanded,SESAMUM,2002,7.8,529.5,22.25,-9.844899731789091,354.43,260.5133333333333,83.33582202950502,282.05,8.267011285410865,0.6277399540958981,Medium
Nanded,SESAMUM,2003,8.0,759.2,22.37125,29.26487653187106,282.05,277.29333333333335,79.62163420411149,312.5,12.696542770591906,0.5584156378101577,Low
Nanded,SESAMUM,2004,6.3,516.8,21.8528125,-12.007260021508227,312.5,316.32666666666665,36.3414176021429,174.6,-44.803894708002275,0.7460291934219576,High
Nanded,SESAMUM,2005,5.6,817.1,21.8575,39.12319627791338,174.6,256.3833333333333,72.44436370990734,285.71,11.438601053110572,0.546085918345477,Low
Nanded,SESAMUM,2006,6.1,656.5,21.96,11.778703165402193,285.71,257.6033333333333,73.12038726192128,180.33,-29.997023848035077,0.6776226001442782,High
Nanded,SESAMUM,2007,5.6,442.4,22.2053125,-24.674945498288,180.33,213.54666666666665,62.56091618041838,246.43,15.398663836163848,0.6349359354545845,Medium
Nanded,SESAMUM,2008,2.7,285.6,22.11,-51.37243316978085,246.43,237.48999999999998,53.25578654005594,222.22,-6.429744410290953,0.7230022318170739,High
Nanded,SESAMUM,2009,2.3,412.3,22.73,-29.799909649512067,222.22,216.32666666666668,33.441755835083406,130.43,-39.70692471262597,0.7621580322591498,High
Nanded,SESAMUM,2012,2.6,578.8,21.95,-1.4508554575250807,130.43,199.6933333333333,61.19303909214947,276.92,38.67263136809778,0.5490420378594392,Low
Nanded,SESAMUM,2013,1.9,893.7,22.05,52.16546385212483,276.92,209.85666666666668,74.0234357033861,157.89,-24.762933430754337,0.6046049096456592,Medium
Nanded,SESAMUM,2014,1.4,383.3,22.8965625,-34.737582752020316,157.89,188.41333333333333,77.8690274328204,71.43,-62.088670299341864,0.8181924453777687,High
Nanded,SESAMUM,2015,1.5,330.7,22.8965625,-43.69350017243183,71.43,168.74666666666667,103.17429637915315,133.33,-20.988068900126418,0.7428182868756898,High
Nanded,SESAMUM,2016,2.54,417.1882352941177,20.89597426470588,-28.967616272598402,133.33,120.88333333333333,44.553591699584985,166.14,37.43830139252723,0.5937389948250816,Medium
Nanded,SESAMUM,2017,3.21,417.1882352941177,20.89597426470588,-28.967616272598402,166.14,123.63333333333333,48.09381491765161,319.71,158.59530870854678,0.3312321456412476,Low
Nanded,SOYABEAN,1999,5.2,771.0,21.6675,31.273998690822687,950.82,1017.075,93.69871957502936,1615.38,58.82604527689699,0.4554001256226492,Low
Nanded,SOYABEAN,2000,10.1,559.8,22.3640625,-4.68588266261669,1615.38,1216.51,351.72813748689487,900.99,-25.936490452195216,0.6939688818927232,High
Nanded,SOYABEAN,2001,21.3,628.9,22.12,7.079400488532272,900.99,1155.7300000000002,398.8475261299737,1610.33,39.334446626807264,0.5345810146674275,Low
Nanded,SOYABEAN,2002,39.7,529.5,22.25,-9.844899731789091,1610.33,1375.5666666666666,411.0032056241574,1377.83,0.16453825090265742,0.645295312337274,Medium
Nanded,SOYABEAN,2003,68.5,759.2,22.37125,29.26487653187106,1377.83,1296.3833333333332,361.61578855649174,1274.45,-1.6918864019130015,0.5895905676838145,Medium
Nanded,SOYABEAN,2004,110.3,516.8,21.8528125,-12.007260021508227,1274.45,1420.8700000000001,172.02666886270868,938.35,-33.95947553259623,0.7225329518753228,High
Nanded,SOYABEAN,2005,156.4,817.1,21.8575,39.12319627791338,938.35,1196.8766666666668,229.78007775552103,923.27,-22.860055199226885,0.6203996735586272,Medium
Nanded,SOYABEAN,2006,169.1,656.5,21.96,11.778703165402193,923.27,1045.3566666666668,198.5438695435678,701.95,-32.85066978734531,0.6838054996794297,High
Nanded,SOYABEAN,2007,159.1,442.4,22.2053125,-24.674945498288,701.95,854.5233333333334,132.34733897337406,1082.78,26.71157799474949,0.6104246214443972,Medium
Nanded,SOYABEAN,2008,163.2,285.6,22.11,-51.37243316978085,1082.78,902.6666666666666,191.24917054286325,795.96,-11.821270310192016,0.7346838712668204,High
Nanded,SOYABEAN,2009,188.3,412.3,22.73,-29.799909649512067,795.96,860.23,198.38308118385459,457.41,-46.827011380677256,0.7775848867065428,High
Nanded,SOYABEAN,2012,185.0,578.8,21.95,-1.4508554575250807,457.41,778.7166666666666,313.04138485723126,1531.78,96.70569098730819,0.42330374201823573,Low
Nanded,SOYABEAN,2013,213.2,893.7,22.05,52.16546385212483,1531.78,928.3833333333333,549.2901588717326,1287.05,38.63346677916809,0.46724604252461843,Low
Nanded,SOYABEAN,2014,218.9,383.3,22.8965625,-34.737582752020316,1287.05,1092.08,563.0965280482557,294.66,-73.01846018606695,0.8418736567989274,High
Nanded,SOYABEAN,2015,276.1,330.7,22.8965625,-43.69350017243183,294.66,1037.8300000000002,655.1331390641142,315.83,-69.56823371843174,0.8480753106483339,High
Nanded,SOYABEAN,2016,304.3,417.1882352941177,20.89597426470588,-28.967616272598402,315.83,632.5133333333333,566.9442020457861,333.88,-47.213760974735706,0.7771517966202066,High
Nanded,SOYABEAN,2017,273.5,417.1882352941177,20.89597426470588,-28.967616272598402,333.88,314.79,19.630672428620752,696.16,121.1506083420693,0.41236232976834497,Low
Nanded,SUGARCANE,1999,14.8,771.0,21.6675,31.273998690822687,7718.18,12795.960000000001,7181.065342746855,7616.22,-40.47949509063798,0.6705621297515911,Medium
Nanded,SUGARCANE,2000,14.7,559.8,22.3640625,-4.68588266261669,7616.22,11069.38,5892.9691342819715,6487.07,-41.39626609620412,0.7274650624546308,High
Nanded,SUGARCANE,2001,14.7,628.9,22.12,7.079400488532272,6487.07,7273.823333333334,683.2529297656482,6258.5,-13.95859215717365,0.650049265365668,Medium
Nanded,SUGARCANE,2002,14.5,529.5,22.25,-9.844899731789091,6258.5,6787.263333333333,726.9373615610508,7310.34,7.706738945839244,0.6289538774982992,Medium
Nanded,SUGARCANE,2003,14.2,759.2,22.37125,29.26487653187106,7310.34,6685.303333333333,553.2306817534092,7093.66,6.108274319140841,0.5726902194549208,Low
Nanded,SUGARCANE,2004,9.6,516.8,21.8528125,-12.007260021508227,7093.66,6887.5,555.3992308241059,4913.54,-28.660036297640655,0.7110508335329573,High
Nanded,SUGARCANE,2005,9.9,817.1,21.8575,39.12319627791338,4913.54,6439.18,1325.6774165686043,6678.79,3.721125981879675,0.5628071143330883,Low
Nanded,SUGARCANE,2006,27.2,656.5,21.96,11.778703165402193,6678.79,6228.663333333333,1157.666323097179,6254.41,0.4133578151331596,0.6117334398743001,Medium
Nanded,SUGARCANE,2007,33.8,442.4,22.2053125,-24.674945498288,6254.41,5948.913333333333,921.4244682193666,6800.3,14.311633385144859,0.6372911680984511,Medium
Nanded,SUGARCANE,2008,19.2,285.6,22.11,-51.37243316978085,6800.3,6577.833333333333,286.60627947297655,5801.56,-11.801353029112919,0.734640717157816,High
Nanded,SUGARCANE,2009,12.9,412.3,22.73,-29.799909649512067,5801.56,6285.423333333333,500.09175861369926,4816.28,-23.373816772882446,0.7267696317231567,High
Nanded,SUGARCANE,2012,12.8,578.8,21.95,-1.4508554575250807,4816.28,5806.046666666666,992.0176095883296,8186.72,41.00334478882362,0.5439921587812167,Low
Nanded,SUGARCANE,2013,12.2,893.7,22.05,52.16546385212483,8186.72,6268.186666666667,1732.995032576073,8366.39,33.47384889622514,0.4784252146042909,Low
Nanded,SUGARCANE,2014,18.8,383.3,22.8965625,-34.737582752020316,8366.39,7123.13,1999.8094957020307,5921.28,-16.872498466264133,0.7202240730730936,High
Nanded,SUGARCANE,2015,18.8,330.7,22.8965625,-43.69350017243183,5921.28,7491.463333333333,1362.7828522671332,2816.49,-62.40400740576274,0.8325528203042694,High
Nanded,SUGARCANE,2016,14.5,417.1882352941177,20.89597426470588,-28.967616272598402,2816.49,5701.386666666666,2781.4766421872646,5933.38,4.069068577468881,0.666038999257467,Medium
Nanded,SUGARCANE,2017,23.0,417.1882352941177,20.89597426470588,-28.967616272598402,5933.38,4890.383333333333,1796.0545011311162,6500.0,32.913916087014314,0.6035418296536602,Medium
Nanded,SUNFLOWER,1999,15.7,771.0,21.6675,31.273998690822687,373.13,399.21000000000004,36.88268970669036,522.29,30.83089100974422,0.516056293201278,Low
Nanded,SUNFLOWER,2000,13.8,559.8,22.3640625,-4.68588266261669,522.29,440.2366666666667,75.69497033048715,434.78,-1.2394848225575728,0.6404587030286868,Medium
Nanded,SUNFLOWER,2001,14.3,628.9,22.12,7.079400488532272,434.78,443.40000000000003,74.95268307405676,503.5,13.554352728912935,0.5904378847793457,Medium
Nanded,SUNFLOWER,2002,16.7,529.5,22.25,-9.844899731789091,503.5,486.8566666666666,46.06788939525364,730.54,50.05237681179266,0.5372049954557059,Low
Nanded,SUNFLOWER,2003,17.4,759.2,22.37125,29.26487653187106,730.54,556.2733333333333,154.7813390991734,752.87,35.34173847389174,0.5093510471198384,Low
Nanded,SUNFLOWER,2004,21.8,516.8,21.8528125,-12.007260021508227,752.87,662.3033333333333,137.98018420531716,449.54,-32.12475653149865,0.718557727372958,High
Nanded,SUNFLOWER,2005,26.1,817.1,21.8575,39.12319627791338,449.54,644.3166666666667,169.05064221508673,505.75,-21.505988256292202,0.6174658618489451,Medium
Nanded,SUNFLOWER,2006,26.2,656.5,21.96,11.778703165402193,505.75,569.3866666666667,161.36756561754692,603.05,5.912209629074554,0.5998192609441333,Medium
Nanded,SUNFLOWER,2007,14.9,442.4,22.2053125,-24.674945498288,603.05,519.4466666666667,77.6661382671582,867.11,66.92955324255297,0.5232856750744469,Low
Nanded,SUNFLOWER,2008,11.6,285.6,22.11,-51.37243316978085,867.11,658.6366666666667,186.98307552645852,603.45,-8.37892414128173,0.7272254545675397,High
Nanded,SUNFLOWER,2009,9.3,412.3,22.73,-29.799909649512067,603.45,691.2033333333334,152.3397733139093,552.69,-20.039448112229394,0.7195451662917659,High
Nanded,SUNFLOWER,2012,1.4,578.8,21.95,-1.4508554575250807,552.69,674.4166666666667,168.796282344527,642.86,-4.679105399728169,0.6429708008560824,Medium
Nanded,SUNFLOWER,2013,1.7,893.7,22.05,52.16546385212483,642.86,599.6666666666669,45.203898430702985,764.71,27.52251250694827,0.49131977678101446,Low
Nanded,SUNFLOWER,2014,1.3,383.3,22.8965625,-34.737582752020316,764.71,653.4200000000001,106.4037372463954,230.77,-64.68274616632488,0.8238129430895466,High
Nanded,SUNFLOWER,2015,1.26,330.7,22.8965625,-43.69350017243183,230.77,546.1133333333333,279.80871865139113,174.6,-68.02861432913802,0.8447394686382086,High
Nanded,SUNFLOWER,2016,9.48,417.1882352941177,20.89597426470588,-28.967616272598402,174.6,390.0266666666667,325.6984301978342,507.7,30.170586626555433,0.6094857101513014,Medium
Nanded,SUNFLOWER,2017,0.06,417.1882352941177,20.89597426470588,-28.967616272598402,507.7,304.35666666666674,178.32596735566455,500.0,64.28094231548508,0.5355799394922001,Low
Nasik,COTTON,1999,5.8,814.6,20.5996875,0.1589522995136107,178.57,165.95,17.847375157148456,284.48,71.42512805061769,0.47561985641711285,Low
Nasik,COTTON,2000,5.7,583.1,21.2,-28.305076005589996,284.48,205.46,69.58724523933967,170.18,-17.171225542684706,0.7110478296236173,High
Nasik,COTTON,2001,6.2,639.2,20.7734375,-21.40731363878087,170.18,211.07666666666668,63.70741741220826,106.45,-49.56808742479036,0.7707070238122009,High
Nasik,COTTON,2002,5.4,499.4,20.93,-38.59638991115014,106.45,187.03666666666666,90.20410541285433,211.11,12.870916576072439,0.6616730341546881,Medium
Nasik,COTTON,2003,7.2,773.7,20.97875,-4.869897625664519,211.11,162.58,52.74228758785501,111.11,-31.65826054865298,0.7066470712536466,High
Nasik,COTTON,2004,14.1,1121.2,20.513125,37.85688352346509,111.11,142.89000000000001,59.126180326484864,241.13,68.75218699699067,0.42384034795144365,Low
Nasik,COTTON,2005,17.4,1096.4,20.338125,34.807605329225055,241.13,187.78333333333333,68.07642861764516,337.93,79.95739771012693,0.40421913583745606,Low
Nasik,COTTON,2006,34.3,1404.8,20.4725,72.72685513179071,337.93,230.0566666666667,113.81472722514138,242.86,5.565295506904087,0.5074931536802356,Low
Nasik,COTTON,2007,39.3,917.5,20.91,12.810997710291844,242.86,273.97333333333336,55.39485204721949,329.26,20.179579521121262,0.5673301442808099,Low
Nasik,COTTON,2008,28.0,1129.2,20.6603125,38.840521650639296,329.26,303.34999999999997,52.56493412913214,220.36,-27.357837481457047,0.6305765586977969,Medium
Nasik,COTTON,2009,46.4,681.3,21.2509375,-16.23091799452662,220.36,264.16,57.4897382147458,253.66,-3.9748637189582174,0.6640165065675971,Medium
Nasik,COTTON,2012,45.7,851.3,21.28,4.671392207925276,253.66,267.76000000000005,55.80241930239229,285.56,6.6477442485808,0.6090796239842342,Medium
Nasik,COTTON,2013,46.0,946.8,20.7265625,16.41357235106737,285.56,253.1933333333333,32.60250501623058,394.35,55.75054635456439,0.4847579979229859,Low
Nasik,COTTON,2014,46.0,883.5,21.31,8.630535669801464,394.35,311.19,73.76375600523608,175.0,-43.76425977698512,0.7122593758236662,High
Nasik,COTTON,2015,43.3,588.1,21.31,-27.69030217610612,175.0,284.97,109.67619021464964,111.78,-60.77481840193705,0.8045834210540227,High
Nasik,COTTON,2016,46.7,417.1882352941177,20.89597426470588,-48.70471819452272,111.78,227.04333333333332,148.29980658562354,610.92,169.07638776738656,0.33866491018196376,Low
Nasik,COTTON,2017,65.4,417.1882352941177,20.89597426470588,-48.70471819452272,610.92,299.2333333333333,271.7731144416852,396.61,32.542051910437806,0.6344893045377,Medium
Nasik,FINGER MILLET,1999,45.1,814.6,20.5996875,0.1589522995136107,882.22,871.415,15.280577541441343,895.79,2.797174710097944,0.6243137553210767,Medium
Nasik,FINGER MILLET,2000,44.8,583.1,21.2,-28.305076005589996,895.79,879.54,17.742460370534882,479.91,-45.43625076744661,0.7722887176103973,High
Nasik,FINGER MILLET,2001,44.9,639.2,20.7734375,-21.40731363878087,479.91,752.64,236.28854373413864,1035.63,37.59964923469389,0.581843594383948,Low
Nasik,FINGER MILLET,2002,42.0,499.4,20.93,-38.59638991115014,1035.63,803.7766666666666,289.0605814242636,611.9,-23.87188812812846,0.7412824443468582,High
Nasik,FINGER MILLET,2003,41.9,773.7,20.97875,-4.869897625664519,611.9,709.1466666666666,290.3426686405794,937.95,32.26459970668974,0.5681475407008656,Low
Nasik,FINGER MILLET,2004,41.4,1121.2,20.513125,37.85688352346509,937.95,861.8266666666667,221.88476656438894,971.01,12.668827451769104,0.545354293632352,Low
Nasik,FINGER MILLET,2005,35.6,1096.4,20.338125,34.807605329225055,971.01,840.2866666666667,198.4781928407585,896.07,6.638607459359102,0.5630765147135901,Low
Nasik,FINGER MILLET,2006,36.0,1404.8,20.4725,72.72685513179071,896.07,935.0099999999999,37.55640557880937,761.11,-18.598731564368283,0.5598485456678179,Low
Nasik,FINGER MILLET,2007,33.0,917.5,20.91,12.810997710291844,761.11,876.0633333333334,106.37059054707426,787.27,-10.135492487225056,0.6330128002986746,Medium
Nasik,FINGER MILLET,2008,32.7,1129.2,20.6603125,38.840521650639296,787.27,814.8166666666666,71.57279185090722,886.85,8.840434453558071,0.5521469695055257,Low
Nasik,FINGER MILLET,2009,27.9,681.3,21.2509375,-16.23091799452662,886.85,811.7433333333333,66.34640105788172,467.03,-42.46580405136271,0.7474135439541956,High
Nasik,FINGER MILLET,2012,35.9,851.3,21.28,4.671392207925276,467.03,713.7166666666666,219.3622067114872,984.96,38.00434346029005,0.541140325692424,Low
Nasik,FINGER MILLET,2013,35.9,946.8,20.7265625,16.41357235106737,984.96,779.6133333333333,275.1138822984644,941.5,20.764994612713995,0.5605600266967424,Low
Nasik,FINGER MILLET,2014,28.5,883.5,21.31,8.630535669801464,941.5,797.8299999999999,287.30414702889334,666.67,-16.439592394369726,0.6530559298281968,Medium
Nasik,FINGER MILLET,2015,25.5,588.1,21.31,-27.69030217610612,666.67,864.3766666666667,172.592402594475,760.78,-11.985129939493975,0.6988724293857482,High
Nasik,FINGER MILLET,2016,25.5,417.1882352941177,20.89597426470588,-48.70471819452272,760.78,789.65,139.67100593895634,917.65,16.209713164060027,0.6698760384880673,Medium
Nasik,FINGER MILLET,2017,26.0,417.1882352941177,20.89597426470588,-48.70471819452272,917.65,781.6999999999999,126.79106790306633,730.77,-6.515287194575918,0.7191135392649477,High
Nasik,GROUNDNUT,1999,42.6,814.6,20.5996875,0.1589522995136107,1017.51,924.52,131.50771916507412,802.82,-13.163587591398773,0.6588954069742042,Medium
Nasik,GROUNDNUT,2000,37.7,583.1,21.2,-28.305076005589996,802.82,883.9533333333334,116.55086200167433,591.51,-33.08357153092547,0.7455245792646907,High
Nasik,GROUNDNUT,2001,36.1,639.2,20.7734375,-21.40731363878087,591.51,803.9466666666667,213.00223480830746,667.59,-16.960909513068863,0.7000581383370399,High
Nasik,GROUNDNUT,2002,36.4,499.4,20.93,-38.59638991115014,667.59,687.3066666666667,107.02588113785082,956.04,39.09948009622098,0.6048444798612225,Medium
Nasik,GROUNDNUT,2003,37.5,773.7,20.97875,-4.869897625664519,956.04,738.38,192.29911154240943,754.67,2.2061810991630275,0.6332741143502898,Medium
Nasik,GROUNDNUT,2004,37.4,1121.2,20.513125,37.85688352346509,754.67,792.7666666666668,147.9505580703681,858.29,8.265147374174813,0.5548956004671078,Low
Nasik,GROUNDNUT,2005,34.2,1096.4,20.338125,34.807605329225055,858.29,856.3333333333334,100.69925835542863,877.19,2.4355780459322713,0.5721830784426513,Low
Nasik,GROUNDNUT,2006,37.8,1404.8,20.4725,72.72685513179071,877.19,830.0500000000001,65.9614341869553,730.16,-12.03421480633698,0.5456254260254642,Low
Nasik,GROUNDNUT,2007,37.4,917.5,20.91,12.810997710291844,730.16,821.88,79.99200772577245,947.33,15.26378546746484,0.5779810313970299,Low
Nasik,GROUNDNUT,2008,29.9,1129.2,20.6603125,38.840521650639296,947.33,851.56,110.83038798091448,929.77,9.18432054112453,0.5514018829824676,Low
Nasik,GROUNDNUT,2009,24.8,681.3,21.2509375,-16.23091799452662,929.77,869.0866666666666,120.63396053074504,754.84,-13.145601129154732,0.6838864376229568,High
Nasik,GROUNDNUT,2012,30.24,851.3,21.28,4.671392207925276,754.84,877.3133333333334,106.42779915667403,872.35,-0.5657423801454479,0.6247088450130891,Medium
Nasik,GROUNDNUT,2013,33.5,946.8,20.7265625,16.41357235106737,872.35,852.32,89.16853088393921,1037.01,21.669091421062504,0.5586011502786605,Low
Nasik,GROUNDNUT,2014,20.0,883.5,21.31,8.630535669801464,1037.01,888.0666666666667,141.74003468792202,1015.0,14.293221229637407,0.5864681669764034,Medium
Nasik,GROUNDNUT,2015,19.7,588.1,21.31,-27.69030217610612,1015.0,974.7866666666667,89.39274597713896,923.86,-5.22439097785499,0.6842241616355793,High
Nasik,GROUNDNUT,2016,22.6,417.1882352941177,20.89597426470588,-48.70471819452272,923.86,991.9566666666668,59.991474672100594,1646.46,65.98104083847747,0.5620381618605222,Low
Nasik,GROUNDNUT,2017,24.33,417.1882352941177,20.89597426470588,-48.70471819452272,1646.46,1195.1066666666668,393.53081014494035,1377.89,15.294311246973766,0.6718594093084141,Medium
Nasik,KHARIF SORGHUM,1999,14.2,814.6,20.5996875,0.1589522995136107,1490.32,1358.56,186.33677897827897,1063.38,-21.72741726533976,0.6774503712676812,High
Nasik,KHARIF SORGHUM,2000,12.5,583.1,21.2,-28.305076005589996,1063.38,1260.1666666666667,215.41690215332062,832.0,-33.976987171009135,0.7474603131515323,High
Nasik,KHARIF SORGHUM,2001,12.0,639.2,20.7734375,-21.40731363878087,832.0,1128.5666666666666,333.9659888870922,891.67,-20.990932451191778,0.7087898547029438,High
Nasik,KHARIF SORGHUM,2002,9.2,499.4,20.93,-38.59638991115014,891.67,929.0166666666668,120.1260014873279,1217.39,31.040706122961552,0.6223051568032263,Medium
Nasik,KHARIF SORGHUM,2003,6.9,773.7,20.97875,-4.869897625664519,1217.39,980.3533333333334,207.43652820401107,666.67,-31.996967079896372,0.7073809354046714,High
Nasik,KHARIF SORGHUM,2004,6.5,1121.2,20.513125,37.85688352346509,666.67,925.2433333333333,276.89078376380377,1230.77,33.02122324577678,0.5012574360788157,Low
Nasik,KHARIF SORGHUM,2005,3.7,1096.4,20.338125,34.807605329225055,1230.77,1038.2766666666666,321.8903417832437,945.95,-8.892299098185127,0.5967268122548238,Medium
Nasik,KHARIF SORGHUM,2006,2.5,1404.8,20.4725,72.72685513179071,945.95,947.7966666666667,282.05453397053105,800.0,-15.593710324647697,0.5533376663151117,Low
Nasik,KHARIF SORGHUM,2007,1.8,917.5,20.91,12.810997710291844,800.0,992.2400000000001,219.08393665442497,772.22,-22.17407078932517,0.6590963866198045,Medium
Nasik,KHARIF SORGHUM,2008,1.1,1129.2,20.6603125,38.840521650639296,772.22,839.39,93.32313378793175,1272.73,51.62558524642896,0.45944580945461444,Low
Nasik,KHARIF SORGHUM,2009,0.6,681.3,21.2509375,-16.23091799452662,1272.73,948.3166666666666,281.2933348540869,700.0,-26.184994463874578,0.7121384565147556,High
Nasik,KHARIF SORGHUM,2012,6.8,851.3,21.28,4.671392207925276,700.0,914.9833333333332,311.9149567323335,1888.24,106.36878631669066,0.39301736617071636,Low
Nasik,KHARIF SORGHUM,2013,6.7,946.8,20.7265625,16.41357235106737,1888.24,1286.99,594.2483362197995,1985.07,54.24129169612817,0.48802804968292013,Low
Nasik,KHARIF SORGHUM,2015,0.8,588.1,21.31,-27.69030217610612,1985.07,1524.4366666666665,715.622718500002,875.0,-42.60174796810187,0.7652084351141776,High
Nasik,KHARIF SORGHUM,2016,1.1,417.1882352941177,20.89597426470588,-48.70471819452272,875.0,1582.7699999999998,614.8559114947172,1909.09,20.61701952905351,0.6603268746972799,Medium
Nasik,KHARIF SORGHUM,2017,0.8,417.1882352941177,20.89597426470588,-48.70471819452272,1909.09,1589.72,620.1304289421698,1375.0,-13.506781068364242,0.7342617759914385,High
Nasik,MAIZE,1999,20.5,814.6,20.5996875,0.1589522995136107,1988.64,1741.345,349.7279429070546,1434.15,-17.641248575095684,0.668597005772182,Medium
Nasik,MAIZE,2000,22.6,583.1,21.2,-28.305076005589996,1434.15,1638.9466666666667,304.32067467284133,654.87,-60.04323915360273,0.8039371924469634,High
Nasik,MAIZE,2001,28.9,639.2,20.7734375,-21.40731363878087,654.87,1359.22,670.0346870871687,2245.67,65.21755124262445,0.5220048067002978,Low
Nasik,MAIZE,2002,33.5,499.4,20.93,-38.59638991115014,2245.67,1444.8966666666668,795.4544475539333,2611.94,80.77002046282432,0.5145583090672162,Low
Nasik,MAIZE,2003,37.4,773.7,20.97875,-4.869897625664519,2611.94,1837.493333333333,1040.4263018750214,2422.46,31.835036136185547,0.5690782617702883,Low
Nasik,MAIZE,2004,40.3,1121.2,20.513125,37.85688352346509,2422.46,2426.69,183.1716350857842,2170.47,-10.558414960295721,0.5956799855249914,Medium
Nasik,MAIZE,2005,54.9,1096.4,20.338125,34.807605329225055,2170.47,2401.6233333333334,221.4713643641837,2029.14,-15.509648335084464,0.611064402268058,Medium
Nasik,MAIZE,2006,91.3,1404.8,20.4725,72.72685513179071,2029.14,2207.356666666667,199.23760998700197,1609.42,-27.088357567950816,0.5782427353421855,Low
Nasik,MAIZE,2007,101.7,917.5,20.91,12.810997710291844,1609.42,1936.3433333333335,291.80934123727485,2884.07,48.944143858785374,0.505006921549412,Low
Nasik,MAIZE,2008,104.1,1129.2,20.6603125,38.840521650639296,2884.07,2174.21,649.5899739835885,2881.46,32.52905653087788,0.5008216216715038,Low
Nasik,MAIZE,2009,144.3,681.3,21.2509375,-16.23091799452662,2881.46,2458.3166666666666,735.1672367790425,2266.39,-7.807239371114383,0.6723199871472412,Medium
Nasik,MAIZE,2012,169.06,851.3,21.28,4.671392207925276,2266.39,2677.306666666667,355.86666496502977,2944.99,9.99823205410411,0.6018202337389579,Medium
Nasik,MAIZE,2013,146.2,946.8,20.7265625,16.41357235106737,2944.99,2697.6133333333332,374.79886290293456,3850.21,42.726533577829294,0.5129766922724847,Low
Nasik,MAIZE,2014,120.0,883.5,21.31,8.630535669801464,3850.21,3020.53,794.6075552120053,2690.83,-10.915302943523166,0.6410866360180691,Medium
Nasik,MAIZE,2015,144.7,588.1,21.31,-27.69030217610612,2690.83,3162.01,609.3962228304342,2403.59,-23.985376390333997,0.7248729633624817,High
Nasik,MAIZE,2016,152.0,417.1882352941177,20.89597426470588,-48.70471819452272,2403.59,2981.5433333333335,765.8740351606999,4607.89,54.54714169283693,0.5868116100093275,Medium
Nasik,MAIZE,2017,163.58,417.1882352941177,20.89597426470588,-48.70471819452272,4607.89,3234.103333333333,1198.3714192742307,4707.67,45.563376144443964,0.606276435364114,Medium
Nasik,MINOR PULSES,1999,52.6,814.6,20.5996875,0.1589522995136107,502.76,505.92499999999995,4.475985924910814,566.54,11.981024855462769,0.6044154133395192,Medium
Nasik,MINOR PULSES,2000,57.3,583.1,21.2,-28.305076005589996,566.54,526.13,35.138914325858146,397.91,-24.37040275217151,0.7266460469107867,High
Nasik,MINOR PULSES,2001,39.3,639.2,20.7734375,-21.40731363878087,397.91,489.07,85.14447310307342,526.72,7.698284499151457,0.6466298846440739,Medium
Nasik,MINOR PULSES,2002,45.5,499.4,20.93,-38.59638991115014,526.72,497.0566666666667,88.1416713781474,646.15,29.995238638116373,0.6245703363537167,Medium
Nasik,MINOR PULSES,2003,44.8,773.7,20.97875,-4.869897625664519,646.15,523.5933333333334,124.14953255382528,513.39,-1.9487133780669557,0.6422763857175915,Medium
Nasik,MINOR PULSES,2004,41.7,1121.2,20.513125,37.85688352346509,513.39,562.0866666666667,73.10543915012977,717.75,27.69383131901367,0.512800118586764,Low
Nasik,MINOR PULSES,2005,43.3,1096.4,20.338125,34.807605329225055,717.75,625.7633333333333,103.69409112062908,575.52,-8.029127092777355,0.5948566062431132,Medium
Nasik,MINOR PULSES,2006,41.4,1404.8,20.4725,72.72685513179071,575.52,602.2199999999999,104.76363825297398,588.41,-2.2931818936601154,0.5245198547147347,Low
Nasik,MINOR PULSES,2007,47.1,917.5,20.91,12.810997710291844,588.41,627.2266666666666,78.65998622764519,617.62,-1.5316100505930719,0.6143710550193674,Medium
Nasik,MINOR PULSES,2008,42.3,1129.2,20.6603125,38.840521650639296,617.62,593.85,21.570760301852847,564.78,-4.8951755493811655,0.5819074578451282,Low
Nasik,MINOR PULSES,2009,36.26,681.3,21.2509375,-16.23091799452662,564.78,590.27,26.469059295713354,479.04,-18.843918884578237,0.6962327927596665,High
Nasik,MINOR PULSES,2012,38.99,851.3,21.28,4.671392207925276,479.04,553.8133333333334,69.93786480393372,744.81,34.48755296610167,0.5487600384298067,Low
Nasik,MINOR PULSES,2013,31.4,946.8,20.7265625,16.41357235106737,744.81,596.2099999999999,135.6440448379507,1107.64,85.78017812515728,0.4196937957535849,Low
Nasik,MINOR PULSES,2014,15.7,883.5,21.31,8.630535669801464,1107.64,777.1633333333333,315.5464207265444,515.92,-33.61498440911177,0.6902692791933471,High
Nasik,MINOR PULSES,2015,17.0,588.1,21.31,-27.69030217610612,515.92,789.4566666666666,298.37582548412564,364.71,-53.80240418515688,0.7894765235843826,High
Nasik,MINOR PULSES,2016,20.06,417.1882352941177,20.89597426470588,-48.70471819452272,364.71,662.7566666666667,392.62832454285996,499.13,-24.688799810890874,0.7584894832668322,High
Nasik,MINOR PULSES,2017,20.69,417.1882352941177,20.89597426470588,-48.70471819452272,499.13,459.92,82.88054114205559,637.77,38.66976865541832,0.6212125849236197,Medium
Nasik,OILSEEDS,1999,75.4,814.6,20.5996875,0.1589522995136107,810.57,765.1500000000001,64.23358000298596,747.61,-2.2923609749722376,0.6353410826386919,Medium
Nasik,OILSEEDS,2000,69.8,583.1,21.2,-28.305076005589996,747.61,759.3033333333333,46.53522250224375,524.36,-30.941959954519703,0.7408844208491604,High
Nasik,OILSEEDS,2001,65.6,639.2,20.7734375,-21.40731363878087,524.36,694.18,150.39984940152038,646.95,-6.803710853092844,0.6780508745738318,High
Nasik,OILSEEDS,2002,81.8,499.4,20.93,-38.59638991115014,646.95,639.64,111.80437245474802,643.64,0.6253517603652055,0.6882050912552988,High
Nasik,OILSEEDS,2003,81.7,773.7,20.97875,-4.869897625664519,643.64,604.9833333333333,69.84146643172207,714.32,18.072674178352027,0.5988967126788282,Medium
Nasik,OILSEEDS,2004,77.8,1121.2,20.513125,37.85688352346509,714.32,668.3033333333334,39.88595283221072,993.32,48.633105725444025,0.46743169070631607,Low
Nasik,OILSEEDS,2005,78.4,1096.4,20.338125,34.807605329225055,993.32,783.7599999999999,184.89310641557176,1047.83,33.69271205471064,0.5044592880905239,Low
Nasik,OILSEEDS,2006,88.5,1404.8,20.4725,72.72685513179071,1047.83,918.4900000000001,178.90465812828865,902.37,-1.755054491611244,0.5233539120102993,Low
Nasik,OILSEEDS,2007,93.0,917.5,20.91,12.810997710291844,902.37,981.1733333333333,73.48679495891179,1037.31,5.721381203457085,0.5986562406356444,Medium
Nasik,OILSEEDS,2008,87.7,1129.2,20.6603125,38.840521650639296,1037.31,995.8366666666667,81.11523243715162,963.17,-3.2803237478703076,0.5784086122751997,Low
Nasik,OILSEEDS,2009,95.2,681.3,21.2509375,-16.23091799452662,963.17,967.6166666666667,67.57980862160791,920.59,-4.860051328866456,0.6659344130557253,Medium
Nasik,OILSEEDS,2012,110.82,851.3,21.28,4.671392207925276,920.59,973.69,59.06684687707493,1096.64,12.627222216516554,0.5961240883870833,Medium
Nasik,OILSEEDS,2013,87.1,946.8,20.7265625,16.41357235106737,1096.64,993.4666666666668,91.85214550206842,1469.58,47.92443967252715,0.5017145624006768,Low
Nasik,OILSEEDS,2014,83.4,883.5,21.31,8.630535669801464,1469.58,1162.2700000000002,280.31763715471,1269.78,9.25000215096318,0.5973951416468277,Medium
Nasik,OILSEEDS,2015,83.2,588.1,21.31,-27.69030217610612,1269.78,1278.6666666666667,186.62875055396185,1064.06,-16.783628779979153,0.7092691768734316,High
Nasik,PEARL MILLET,1999,360.5,814.6,20.5996875,0.1589522995136107,1040.77,834.145,292.21187732534077,587.79,-29.53383404563955,0.6943642742916076,High
Nasik,PEARL MILLET,2000,346.5,583.1,21.2,-28.305076005589996,587.79,752.0266666666666,250.84687088607131,539.39,-28.27514981738236,0.7351063322187155,High
Nasik,PEARL MILLET,2001,324.2,639.2,20.7734375,-21.40731363878087,539.39,722.65,276.5608265825079,554.9,-23.213173735556634,0.7136047108190515,High
Nasik,PEARL MILLET,2002,320.3,499.4,20.93,-38.59638991115014,554.9,560.6933333333333,24.71461173745843,807.06,43.93964615238277,0.5943574534062401,Medium
Nasik,PEARL MILLET,2003,316.8,773.7,20.97875,-4.869897625664519,807.06,633.7833333333333,150.26224553537497,620.9,-2.0327661924422107,0.6424585001487372,Medium
Nasik,PEARL MILLET,2004,315.2,1121.2,20.513125,37.85688352346509,620.9,660.9533333333334,130.76455381078358,775.7,17.360781900890633,0.5351883923259559,Low
Nasik,PEARL MILLET,2005,282.9,1096.4,20.338125,34.807605329225055,775.7,734.5533333333333,99.667810918738,763.17,3.8957915467903415,0.5690192825241359,Low
Nasik,PEARL MILLET,2006,258.5,1404.8,20.4725,72.72685513179071,763.17,719.9233333333333,85.98526404758734,724.56,0.6440500608861114,0.5181558521465723,Low
Nasik,PEARL MILLET,2007,220.5,917.5,20.91,12.810997710291844,724.56,754.4766666666666,26.655307789130987,1096.83,45.37626522578565,0.5127373252542189,Low
Nasik,PEARL MILLET,2008,197.9,1129.2,20.6603125,38.840521650639296,1096.83,861.52,204.69680041466185,965.13,12.02641842325193,0.5452440042378787,Low
Nasik,PEARL MILLET,2009,171.9,681.3,21.2509375,-16.23091799452662,965.13,928.84,188.76959845271665,753.52,-18.87515610869472,0.6963004734119186,High
Nasik,PEARL MILLET,2012,154.8,851.3,21.28,4.671392207925276,753.52,938.4933333333333,173.19807456589464,806.52,-14.062255814283889,0.6539512907869582,Medium
Nasik,PEARL MILLET,2013,149.6,946.8,20.7265625,16.41357235106737,806.52,841.7233333333334,110.10973632396575,1119.65,33.01876705330731,0.5340101864088788,Low
Nasik,PEARL MILLET,2014,152.7,883.5,21.31,8.630535669801464,1119.65,893.23,197.86804264458658,713.16,-20.15942142561267,0.6611155593958631,Medium
Nasik,PEARL MILLET,2015,151.2,588.1,21.31,-27.69030217610612,713.16,879.7766666666666,212.91649638610272,572.75,-34.89825069241057,0.7485175243502354,High
Nasik,PEARL MILLET,2016,156.0,417.1882352941177,20.89597426470588,-48.70471819452272,572.75,801.8533333333334,284.03306679563445,1598.08,99.29829228952924,0.48985078371681734,Low
Nasik,PEARL MILLET,2017,136.5,417.1882352941177,20.89597426470588,-48.70471819452272,1598.08,961.3299999999999,555.8926730044208,1464.47,52.33790685820687,0.5915982854843433,Medium
Nasik,PIGEONPEA,1999,8.7,814.6,20.5996875,0.1589522995136107,462.37,472.36,14.127993488107233,517.24,9.501227877042933,0.6097883067927443,Medium
Nasik,PIGEONPEA,2000,8.6,583.1,21.2,-28.305076005589996,517.24,487.32,27.770576155348316,348.84,-28.416646146269397,0.7354129075979696,High
Nasik,PIGEONPEA,2001,8.9,639.2,20.7734375,-21.40731363878087,348.84,442.81666666666666,85.88591056356876,426.97,-3.57860664684406,0.6710631487936495,Medium
Nasik,PIGEONPEA,2002,9.0,499.4,20.93,-38.59638991115014,426.97,431.01666666666665,84.27289975628777,755.56,75.2971656161788,0.5264161612349085,Low
Nasik,PIGEONPEA,2003,8.5,773.7,20.97875,-4.869897625664519,755.56,510.45666666666665,215.83050579872472,411.76,-19.33497456525856,0.6799466182897143,High
Nasik,PIGEONPEA,2004,9.2,1121.2,20.513125,37.85688352346509,411.76,531.43,194.2511999962935,706.52,32.94695444367086,0.5014183518167113,Low
Nasik,PIGEONPEA,2005,9.5,1096.4,20.338125,34.807605329225055,706.52,624.6133333333333,185.96004015199978,726.32,16.283140502924482,0.5421800264526014,Low
Nasik,PIGEONPEA,2006,9.7,1404.8,20.4725,72.72685513179071,726.32,614.8666666666667,176.17391558722133,762.89,24.074053995446164,0.4673908436218615,Low
Nasik,PIGEONPEA,2007,10.5,917.5,20.91,12.810997710291844,762.89,731.91,28.59773242759102,714.29,-2.407399816917381,0.6162685995130637,Medium
Nasik,PIGEONPEA,2008,7.6,1129.2,20.6603125,38.840521650639296,714.29,734.5,25.311544796793672,592.11,-19.3859768550034,0.613304194007205,Medium
Nasik,PIGEONPEA,2009,9.4,681.3,21.2509375,-16.23091799452662,592.11,689.7633333333333,87.99215949920429,420.21,-39.079104427122346,0.7400756947683659,High
Nasik,PIGEONPEA,2012,9.5,851.3,21.28,4.671392207925276,420.21,575.5366666666666,147.73885113040973,634.74,10.286631028431444,0.6011953692945842,Medium
Nasik,PIGEONPEA,2013,10.1,946.8,20.7265625,16.41357235106737,634.74,549.02,113.57086466167294,702.97,28.04087282794799,0.5447956238971213,Low
Nasik,PIGEONPEA,2014,5.7,883.5,21.31,8.630535669801464,702.97,585.9733333333332,147.55319458870886,263.16,-55.09010648948757,0.7367987103673397,High
Nasik,PIGEONPEA,2015,5.9,588.1,21.31,-27.69030217610612,263.16,533.6233333333333,236.69948084719863,288.14,-46.00311080849788,0.7725780546016777,High
Nasik,PIGEONPEA,2016,7.44,417.1882352941177,20.89597426470588,-48.70471819452272,288.14,418.09,247.02927134248682,762.81,82.45114688225023,0.5263529320991336,Low
Nasik,PIGEONPEA,2017,7.6,417.1882352941177,20.89597426470588,-48.70471819452272,762.81,438.03666666666663,281.5391422756937,815.79,86.23783397128095,0.518148443406261,Low
Nasik,RICE,1999,47.8,814.6,20.5996875,0.1589522995136107,1254.39,1295.745,58.48480187193913,1196.65,-7.647723896291309,0.646944368968178,Medium
Nasik,RICE,2000,45.6,583.1,21.2,-28.305076005589996,1196.65,1262.7133333333334,70.59397306663871,872.81,-30.878214638318546,0.7407463059973918,High
Nasik,RICE,2001,46.6,639.2,20.7734375,-21.40731363878087,872.81,1107.95,205.67350728764268,1208.15,9.043729410171943,0.6437147540035393,Medium
Nasik,RICE,2002,49.1,499.4,20.93,-38.59638991115014,1208.15,1092.5366666666666,190.37572989573368,894.09,-18.163844996811697,0.7289150175623798,High
Nasik,RICE,2003,50.6,773.7,20.97875,-4.869897625664519,894.09,991.6833333333334,187.76733723769246,1310.28,32.126855010840146,0.5684459875418721,Low
Nasik,RICE,2004,50.8,1121.2,20.513125,37.85688352346509,1310.28,1137.5066666666667,216.90179674989622,1381.89,21.484123169974104,0.5262544862429716,Low
Nasik,RICE,2005,50.3,1096.4,20.338125,34.807605329225055,1381.89,1195.42,263.4042989398616,1167.0,-2.3774071037794307,0.5826112129336585,Low
Nasik,RICE,2006,49.0,1404.8,20.4725,72.72685513179071,1167.0,1286.39,109.41881510965094,1012.24,-21.311577359898635,0.5657263782247808,Low
Nasik,RICE,2007,50.6,917.5,20.91,12.810997710291844,1012.24,1187.0433333333333,185.6383097136293,1351.78,13.877898307559681,0.5809837869101477,Low
Nasik,RICE,2008,51.2,1129.2,20.6603125,38.840521650639296,1351.78,1177.0066666666664,169.9910378029775,1285.16,9.188846282377359,0.5513920772097531,Low
Nasik,RICE,2009,48.1,681.3,21.2509375,-16.23091799452662,1285.16,1216.3933333333332,179.9124613064179,391.68,-67.79988929019669,0.8023040619714862,High
Nasik,RICE,2012,67.9,851.3,21.28,4.671392207925276,391.68,1009.54,536.1182619534612,1189.84,17.85961923252174,0.5847872281857764,Low
Nasik,RICE,2013,72.6,946.8,20.7265625,16.41357235106737,1189.84,955.5600000000001,490.6546304683164,1285.12,34.48867679685208,0.5308253819645423,Low
Nasik,RICE,2014,71.2,883.5,21.31,8.630535669801464,1285.12,955.5466666666666,490.6411957157016,1217.7,27.434906371222066,0.5579945158363981,Low
Nasik,RICE,2015,69.6,588.1,21.31,-27.69030217610612,1217.7,1230.8866666666665,48.989649246890416,1452.59,18.011677219132014,0.6338793472089419,Medium
Nasik,RICE,2016,71.9,417.1882352941177,20.89597426470588,-48.70471819452272,1452.59,1318.47,120.94418092657433,2027.82,53.8009966097067,0.5884282576894375,Medium
Nasik,RICE,2017,72.5,417.1882352941177,20.89597426470588,-48.70471819452272,2027.82,1566.0366666666666,416.8047663275134,2118.62,35.28546585754697,0.6285452409856499,Medium
Nasik,SESAMUM,1999,0.7,814.6,20.5996875,0.1589522995136107,428.57,464.28499999999997,50.50863738015507,285.71,-38.462366865179796,0.7137094287338805,High
Nasik,SESAMUM,2000,0.7,583.1,21.2,-28.305076005589996,285.71,404.76,109.11112729689856,285.71,-29.41249135290049,0.7375705722123298,High
Nasik,SESAMUM,2001,0.6,639.2,20.7734375,-21.40731363878087,285.71,333.33,82.48025945642993,333.33,0.0,0.6633095010588466,Medium
Nasik,SESAMUM,2002,0.7,499.4,20.93,-38.59638991115014,333.33,301.5833333333333,27.493419818809983,428.57,42.10665929814867,0.5983289249237342,Medium
Nasik,SESAMUM,2003,0.7,773.7,20.97875,-4.869897625664519,428.57,349.2033333333333,72.74075153126572,428.57,22.727923559339832,0.5888103390200549,Medium
Nasik,SESAMUM,2004,0.7,1121.2,20.513125,37.85688352346509,428.57,396.82333333333327,54.986839637619966,285.71,-28.000705603669136,0.6334716152521744,Medium
Nasik,SESAMUM,2005,0.2,1096.4,20.338125,34.807605329225055,285.71,380.95,82.48025945642995,500.0,31.25082031762699,0.5097500535208541,Low
Nasik,SESAMUM,2006,0.2,1404.8,20.4725,72.72685513179071,500.0,404.76,109.11112729689856,500.0,23.52999308232039,0.46856964226696335,Low
Nasik,SESAMUM,2007,0.1,917.5,20.91,12.810997710291844,500.0,428.57,123.72038918464492,1000.0,133.33411111370373,0.32216199249769834,Low
Nasik,SESAMUM,2008,0.1,1129.2,20.6603125,38.840521650639296,1000.0,666.6666666666666,288.6751345948129,1000.0,50.000000000000014,0.4629679108218654,Low
Nasik,SESAMUM,2009,0.1,681.3,21.2509375,-16.23091799452662,1000.0,833.3333333333334,288.6751345948129,200.0,-76.0,0.8200709685093341,High
Nasik,SESAMUM,2012,0.14,851.3,21.28,4.671392207925276,200.0,733.3333333333334,461.8802153517006,428.57,-41.55863636363637,0.7135267819770232,High
Nasik,SESAMUM,2013,0.1,946.8,20.7265625,16.41357235106737,428.57,542.8566666666667,412.0632010181609,0.0,-100.0,0.8222175150234172,High
Nasik,SESAMUM,2015,0.01,588.1,21.31,-27.69030217610612,0.0,209.5233333333333,214.44365608087634,0.0,-100.0,0.889571314516209,High
Nasik,SESAMUM,2016,0.02,417.1882352941177,20.89597426470588,-48.70471819452272,0.0,142.85666666666665,247.43500486659755,375.0,162.5008750029167,0.3529118545049343,Low
Nasik,SESAMUM,2017,0.03,417.1882352941177,20.89597426470588,-48.70471819452272,375.0,125.0,216.50635094610965,303.03,142.42399999999998,0.3964117503444422,Low
Nasik,SOYABEAN,1999,8.3,814.6,20.5996875,0.1589522995136107,1457.63,1248.045,296.39794946996517,1602.41,28.393607602289983,0.5688548173881788,Low
Nasik,SOYABEAN,2000,7.5,583.1,21.2,-28.305076005589996,1602.41,1366.1666666666667,292.88915417497685,1173.33,-14.115164084421139,0.704426363130735,High
Nasik,SOYABEAN,2001,5.5,639.2,20.7734375,-21.40731363878087,1173.33,1411.1233333333332,218.2878011555693,1818.18,28.846285583353232,0.6008092156284561,Medium
Nasik,SOYABEAN,2002,7.5,499.4,20.93,-38.59638991115014,1818.18,1531.3066666666666,328.25240841969975,1053.33,-31.213647603789358,0.7571895898774037,High
Nasik,SOYABEAN,2003,8.9,773.7,20.97875,-4.869897625664519,1053.33,1348.28,411.34475504131575,2247.19,66.6708695523185,0.4936006227022518,Low
Nasik,SOYABEAN,2004,20.3,1121.2,20.513125,37.85688352346509,2247.19,1706.2333333333336,604.7515746431202,1842.36,7.97819758923162,0.5555173250011494,Low
Nasik,SOYABEAN,2005,23.3,1096.4,20.338125,34.807605329225055,1842.36,1714.2933333333333,607.1459694614907,2000.0,16.666148150452667,0.5413501765496265,Low
Nasik,SOYABEAN,2006,31.5,1404.8,20.4725,72.72685513179071,2000.0,2029.8500000000001,204.0590578729598,1501.59,-26.024583097273208,0.575937890655725,Low
Nasik,SOYABEAN,2007,36.2,917.5,20.91,12.810997710291844,1501.59,1781.3166666666666,254.75056120317663,1524.86,-14.397028415310775,0.6422461281428296,Medium
Nasik,SOYABEAN,2008,39.7,1129.2,20.6603125,38.840521650639296,1524.86,1675.4833333333333,281.2804177921626,1287.15,-23.177391598444224,0.6215189259512994,Medium
Nasik,SOYABEAN,2009,55.1,681.3,21.2509375,-16.23091799452662,1287.15,1437.8666666666668,131.04201018503076,1187.11,-17.43949369436203,0.6931898715142082,High
Nasik,SOYABEAN,2012,56.0,851.3,21.28,4.671392207925276,1187.11,1333.04,173.48828404246933,1559.11,16.958980975814676,0.5867386110753019,Medium
Nasik,SOYABEAN,2013,52.4,946.8,20.7265625,16.41357235106737,1559.11,1344.4566666666667,192.50724800207877,1578.24,17.388684896253007,0.5678753644157168,Low
Nasik,SOYABEAN,2014,59.8,883.5,21.31,8.630535669801464,1578.24,1441.4866666666665,220.50420774518977,1421.4,-1.3934687799170091,0.6204559953303246,Medium
Nasik,SOYABEAN,2015,59.8,588.1,21.31,-27.69030217610612,1421.4,1519.5833333333333,85.5655563491158,1163.88,-23.407951741157103,0.7236218766226026,High
Nasik,SOYABEAN,2016,68.7,417.1882352941177,20.89597426470588,-48.70471819452272,1163.88,1387.8400000000001,209.20864609284317,1499.27,8.029023518561203,0.6876008660532557,High
Nasik,SOYABEAN,2017,67.5,417.1882352941177,20.89597426470588,-48.70471819452272,1499.27,1361.5166666666667,175.53097513924388,2038.61,49.730814900050184,0.5972469847269973,Medium
Nasik,SUGARCANE,1999,23.9,814.6,20.5996875,0.1589522995136107,9022.36,9233.76,298.9647470856718,8392.05,-9.11557155481625,0.650124705561638,Medium
Nasik,SUGARCANE,2000,25.1,583.1,21.2,-28.305076005589996,8392.05,8953.19,529.9514456061052,9101.59,1.657509781429855,0.6702522364215051,Medium
Nasik,SUGARCANE,2001,23.6,639.2,20.7734375,-21.40731363878087,9101.59,8838.666666666666,388.8048140562746,7825.85,-11.458930457082506,0.6881371837157758,High
Nasik,SUGARCANE,2002,23.3,499.4,20.93,-38.59638991115014,7825.85,8439.83,639.2107111117601,7094.42,-15.941197867729562,0.7240992821160511,High
Nasik,SUGARCANE,2003,20.4,773.7,20.97875,-4.869897625664519,7094.42,8007.286666666667,1015.8111538240452,5683.33,-29.023023196371973,0.7009373903237235,High
Nasik,SUGARCANE,2004,12.1,1121.2,20.513125,37.85688352346509,5683.33,6867.866666666666,1089.078875579425,5561.16,-19.026383738764093,0.6140272512116117,Medium
Nasik,SUGARCANE,2005,14.3,1096.4,20.338125,34.807605329225055,5561.16,6112.97,852.1528349421923,5101.4,-16.547930056911788,0.6133140126653429,Medium
Nasik,SUGARCANE,2006,28.5,1404.8,20.4725,72.72685513179071,5101.4,5448.63,306.8515633005949,6876.84,26.21227721463928,0.46275802664695853,Low
Nasik,SUGARCANE,2007,50.2,917.5,20.91,12.810997710291844,6876.84,5846.466666666667,921.4644425767881,8578.29,46.72605676362932,0.509812776922234,Low
Nasik,SUGARCANE,2008,38.3,1129.2,20.6603125,38.840521650639296,8578.29,6852.176666666666,1738.576207140011,6982.77,1.9058664083870307,0.5671718669366795,Low
Nasik,SUGARCANE,2009,31.1,681.3,21.2509375,-16.23091799452662,6982.77,7479.3,953.2258684593113,7292.93,-2.491810730950756,0.6608032250935917,Medium
Nasik,SUGARCANE,2012,24.6,851.3,21.28,4.671392207925276,7292.93,7617.996666666667,845.9741550031775,7576.83,-0.5403870396372839,0.6246539084419882,Medium
Nasik,SUGARCANE,2013,21.0,946.8,20.7265625,16.41357235106737,7576.83,7284.176666666666,297.1267179728915,8507.14,16.789314555339814,0.5691740001543578,Low
Nasik,SUGARCANE,2014,16.8,883.5,21.31,8.630535669801464,8507.14,7792.3,635.1353963526245,8239.29,5.736303787071861,0.6050081547685668,Medium
Nasik,SUGARCANE,2015,19.0,588.1,21.31,-27.69030217610612,8239.29,8107.753333333334,478.90040199746903,8058.95,-0.6019341157394303,0.6742088384343623,High
Nasik,SUGARCANE,2016,11.22,417.1882352941177,20.89597426470588,-48.70471819452272,8058.95,8268.46,225.51438025102374,8614.48,4.1848179709401805,0.6959299780730734,High
Nasik,SUGARCANE,2017,11.86,417.1882352941177,20.89597426470588,-48.70471819452272,8614.48,8304.24,283.40302062610954,8332.07,0.3351300058765152,0.7042709686640168,High
Nasik,SUNFLOWER,1999,1.6,814.6,20.5996875,0.1589522995136107,400.0,650.0,353.5533905932738,437.5,-32.69230769230769,0.7012076338593658,High
Nasik,SUNFLOWER,2000,1.4,583.1,21.2,-28.305076005589996,437.5,579.1666666666666,278.4817468584491,571.43,-1.3358273381294985,0.6767378001805288,High
Nasik,SUNFLOWER,2001,1.4,639.2,20.7734375,-21.40731363878087,571.43,469.64333333333326,90.1218987446076,357.14,-23.955058093730695,0.7152121269284233,High
Nasik,SUNFLOWER,2002,1.1,499.4,20.93,-38.59638991115014,357.14,455.3566666666666,108.2552374406583,363.64,-20.141720409642254,0.7332004142901649,High
Nasik,SUNFLOWER,2003,0.9,773.7,20.97875,-4.869897625664519,363.64,430.7366666666667,121.88733746100661,333.33,-22.613971413315177,0.6870511114604799,High
Nasik,SUNFLOWER,2004,0.7,1121.2,20.513125,37.85688352346509,333.33,351.36999999999995,15.9575593371911,571.43,62.629137376554645,0.4371069554623441,Low
Nasik,SUNFLOWER,2005,0.5,1096.4,20.338125,34.807605329225055,571.43,422.8,129.60644929940779,600.0,41.91106906338694,0.48665284790511787,Low
Nasik,SUNFLOWER,2006,0.5,1404.8,20.4725,72.72685513179071,600.0,501.58666666666664,146.4130821796102,600.0,19.620404582790616,0.4770404173492497,Low
Nasik,SUNFLOWER,2007,0.6,917.5,20.91,12.810997710291844,600.0,590.4766666666667,16.494897190746688,666.67,12.903699271210254,0.5830945514888977,Low
Nasik,SUNFLOWER,2008,0.3,1129.2,20.6603125,38.840521650639296,666.67,622.2233333333334,38.49194244687231,666.67,7.143201529997258,0.5558243075065619,Low
Nasik,SUNFLOWER,2009,0.3,681.3,21.2509375,-16.23091799452662,666.67,644.4466666666666,38.491942446872265,433.33,-32.75936979527657,0.7263829363994124,High
Nasik,SUNFLOWER,2012,0.11,851.3,21.28,4.671392207925276,433.33,588.89,134.71891181270726,272.73,-53.68744587274363,0.739805869246668,High
Nasik,SUNFLOWER,2013,0.1,946.8,20.7265625,16.41357235106737,272.73,457.57666666666665,198.08610888533633,1000.0,118.54261216699571,0.34870852199650487,Low
Nasik,SUNFLOWER,2014,0.1,883.5,21.31,8.630535669801464,1000.0,568.6866666666666,382.0621462973443,0.0,-100.0,0.8341034796397921,High
Nasik,SUNFLOWER,2015,0.11,588.1,21.31,-27.69030217610612,0.0,424.24333333333334,516.9305733203767,90.91,-78.57126020444242,0.8431423782926557,High
Nasik,SUNFLOWER,2016,0.05,417.1882352941177,20.89597426470588,-48.70471819452272,90.91,363.6366666666667,552.9781876650591,407.41,12.03765663528613,0.6789154943003806,High
Nasik,SUNFLOWER,2017,0.04,417.1882352941177,20.89597426470588,-48.70471819452272,407.41,166.10666666666668,213.86124247589427,534.88,222.00995344357034,0.27166375034485796,Low
Osmanabad,COTTON,1999,30.5,506.3,20.05,-0.39927362035114716,136.52,106.685,42.19306163340131,113.77,6.641046070206677,0.6168378692707212,Medium
Osmanabad,COTTON,2000,24.8,606.5,20.62,19.312345544651446,113.77,109.04666666666667,30.114110203247478,142.74,30.89808644616984,0.5341780956083163,Low
Osmanabad,COTTON,2001,19.6,438.1,20.53,-13.815764908307004,142.74,131.01,15.25074752266262,132.65,1.2518128387146132,0.6490037085799643,Medium
Osmanabad,COTTON,2002,11.7,369.7,20.97,-27.27160074549441,132.65,129.72,14.70557377323306,102.56,-20.937403638606224,0.7176295971230084,High
Osmanabad,COTTON,2003,7.4,358.2,21.13,-29.53391232630808,102.56,125.98333333333333,20.903144101625802,140.54,11.554438417780123,0.6506855242421098,Medium
Osmanabad,COTTON,2004,12.7,480.1,20.45,-5.553409569683161,140.54,125.25,20.042207962198177,165.83,32.3992015968064,0.5688997373327098,Low
Osmanabad,COTTON,2005,7.9,782.9,19.8825,54.01423796687158,165.83,136.30999999999997,31.846395400421688,193.67,42.08055168366226,0.45695397938638516,Low
Osmanabad,COTTON,2006,7.7,478.4,20.33,-5.887838238151278,193.67,166.67999999999998,26.575197082994436,163.64,-1.8238540916726615,0.6435604183684945,Medium
Osmanabad,COTTON,2007,5.6,423.1,20.67,-16.76660610067266,163.64,174.38,16.74147842933816,251.79,44.391558664984515,0.5600406743870292,Low
Osmanabad,COTTON,2008,5.1,637.7,20.3896875,25.450095224772024,251.79,203.0333333333333,44.81472563045908,247.06,21.684452470858666,0.5447676258196537,Low
Osmanabad,COTTON,2009,7.4,634.4,20.999375,24.80091016245157,247.06,220.83,49.584425982358525,270.27,22.38826246433907,0.5442341154884589,Low
Osmanabad,COTTON,2012,31.5,359.4,20.8315625,-29.297845030918836,270.27,256.37333333333333,12.265041106059227,260.0,1.4146037029332217,0.6722946529164444,Medium
Osmanabad,COTTON,2013,33.7,587.8,20.49,15.63363019150225,260.0,259.10999999999996,11.630567484004771,381.9,47.38913974759756,0.5040654776096082,Low
Osmanabad,COTTON,2014,33.1,424.2,21.11,-16.55021107989919,381.9,304.0566666666667,67.60958980302514,139.88,-53.99541752085686,0.7728819856818614,High
Osmanabad,COTTON,2015,18.7,305.1,21.11,-39.97989014728251,139.88,260.5933333333333,121.01109095175254,80.75,-69.01302156616951,0.8412010636501498,High
Osmanabad,COTTON,2016,16.0,417.1882352941177,20.89597426470588,-17.929584688252064,80.75,200.84333333333333,159.56261038643524,370.13,84.2879192737291,0.47537461744973947,Low
Osmanabad,COTTON,2017,16.56,417.1882352941177,20.89597426470588,-17.929584688252064,370.13,196.92,152.890049708933,214.14,8.74466788543571,0.6390516621238296,Medium
Osmanabad,GROUNDNUT,1999,33.0,506.3,20.05,-0.39927362035114716,522.66,434.66499999999996,124.44372242102048,584.85,34.55189628794591,0.556364360465821,Low
Osmanabad,GROUNDNUT,2000,31.2,606.5,20.62,19.312345544651446,584.85,484.7266666666667,123.53797567280006,551.28,13.730074681263657,0.5713754544321558,Low
Osmanabad,GROUNDNUT,2001,23.9,438.1,20.53,-13.815764908307004,551.28,552.93,31.127815535305725,372.38,-32.65331958837465,0.7224648288384128,High
Osmanabad,GROUNDNUT,2002,22.4,369.7,20.97,-27.27160074549441,372.38,502.83666666666676,114.21883659595447,428.57,-14.769540805165379,0.7042658943172645,High
Osmanabad,GROUNDNUT,2003,20.5,358.2,21.13,-29.53391232630808,428.57,450.74333333333334,91.48795020839269,229.27,-49.13513233695451,0.7821795942102632,High
Osmanabad,GROUNDNUT,2004,22.6,480.1,20.45,-5.553409569683161,229.27,343.4066666666667,102.7604643495412,473.45,37.868610588029725,0.5570493511850987,Low
Osmanabad,GROUNDNUT,2005,26.2,782.9,19.8825,54.01423796687158,473.45,377.09666666666664,129.97344395426833,782.44,107.49056386956485,0.31523228631740197,Low
Osmanabad,GROUNDNUT,2006,27.1,478.4,20.33,-5.887838238151278,782.44,495.05333333333346,277.21704535135166,719.56,45.349995960031194,0.5413504099234767,Low
Osmanabad,GROUNDNUT,2007,18.6,423.1,20.67,-16.76660610067266,719.56,658.4833333333335,163.2987275925118,697.85,5.978384671846904,0.64326921803855,Medium
Osmanabad,GROUNDNUT,2008,15.3,637.7,20.3896875,25.450095224772024,697.85,733.2833333333334,43.933067652207015,607.84,-17.107075482419262,0.6288159363848089,Medium
Osmanabad,GROUNDNUT,2009,14.4,634.4,20.999375,24.80091016245157,607.84,675.0833333333334,59.237491787999936,515.97,-23.569435872114557,0.6438091285504433,Medium
Osmanabad,GROUNDNUT,2012,13.9,359.4,20.8315625,-29.297845030918836,515.97,607.2200000000001,90.94158509724801,597.12,-1.6633180725272774,0.67896348342992,High
Osmanabad,GROUNDNUT,2013,15.3,587.8,20.49,15.63363019150225,597.12,573.6433333333334,50.23335180269502,1039.22,81.16134880558765,0.43089235798420694,Low
Osmanabad,GROUNDNUT,2014,12.2,424.2,21.11,-16.55021107989919,1039.22,717.4366666666668,281.6109298896855,344.26,-52.015276609782056,0.768591680374547,High
Osmanabad,GROUNDNUT,2015,7.01,305.1,21.11,-39.97989014728251,344.26,660.2,351.7480137825941,199.71,-69.75007573462587,0.8427980143484665,High
Osmanabad,GROUNDNUT,2016,9.7,417.1882352941177,20.89597426470588,-17.929584688252064,199.71,527.73,448.82088933114505,701.03,32.8387622458454,0.5868477910097825,Medium
Osmanabad,GROUNDNUT,2017,8.84,417.1882352941177,20.89597426470588,-17.929584688252064,701.03,415.00000000000006,258.03787764589896,701.12,68.94457831325299,0.5086185228639936,Low
Osmanabad,KHARIF SORGHUM,1999,266.4,506.3,20.05,-0.39927362035114716,1267.08,1087.8799999999999,253.42707037725867,1217.72,11.93513990513661,0.6053673326284111,Medium
Osmanabad,KHARIF SORGHUM,2000,269.3,606.5,20.62,19.312345544651446,1217.72,1131.1599999999999,194.24756163205763,1256.22,11.055907210297411,0.5771694839525632,Low
Osmanabad,KHARIF SORGHUM,2001,245.2,438.1,20.53,-13.815764908307004,1256.22,1247.0066666666667,25.937743412513385,1048.94,-15.88336870693019,0.6861299352620709,High
Osmanabad,KHARIF SORGHUM,2002,243.4,369.7,20.97,-27.27160074549441,1048.94,1174.2933333333333,110.25269218179379,1340.59,14.161424743391768,0.641582135628933,Medium
Osmanabad,KHARIF SORGHUM,2003,233.9,358.2,21.13,-29.53391232630808,1340.59,1215.25,150.079433301169,1146.64,-5.64575190290063,0.6879526032701272,High
Osmanabad,KHARIF SORGHUM,2004,217.5,480.1,20.45,-5.553409569683161,1146.64,1178.7233333333334,148.44842819421615,899.31,-23.70474270184975,0.6904582833127262,High
Osmanabad,KHARIF SORGHUM,2005,210.2,782.9,19.8825,54.01423796687158,899.31,1128.8466666666666,221.1774437715866,1381.07,22.343453790594534,0.49971769148788936,Low
Osmanabad,KHARIF SORGHUM,2006,211.3,478.4,20.33,-5.887838238151278,1381.07,1142.34,240.90878336000958,1108.85,-2.931701594971726,0.6459607546256344,Medium
Osmanabad,KHARIF SORGHUM,2007,201.1,423.1,20.67,-16.76660610067266,1108.85,1129.7433333333333,241.55863249599128,1256.09,11.183661185579018,0.6319911189255014,Medium
Osmanabad,KHARIF SORGHUM,2008,177.8,637.7,20.3896875,25.450095224772024,1256.09,1248.67,136.26160280871537,884.14,-29.193461843401387,0.6550031068335163,Medium
Osmanabad,KHARIF SORGHUM,2009,200.2,634.4,20.999375,24.80091016245157,884.14,1083.0266666666666,187.31479929074806,670.68,-38.07354697329706,0.6752347026029005,High
Osmanabad,KHARIF SORGHUM,2012,150.9,359.4,20.8315625,-29.297845030918836,670.68,936.9699999999999,296.2591326862342,1253.35,33.76628920883273,0.6021993343205624,Medium
Osmanabad,KHARIF SORGHUM,2013,141.3,587.8,20.49,15.63363019150225,1253.35,936.0566666666667,294.7839673953335,1364.47,45.767884422951596,0.5075781974796627,Low
Osmanabad,KHARIF SORGHUM,2014,133.6,424.2,21.11,-16.55021107989919,1364.47,1096.1666666666667,372.64740873020065,797.9,-27.209974152349105,0.7148468583836214,High
Osmanabad,KHARIF SORGHUM,2015,97.5,305.1,21.11,-39.97989014728251,797.9,1138.5733333333333,300.2176770833677,434.87,-61.80571006991206,0.8255852220749773,High
Osmanabad,KHARIF SORGHUM,2016,101.9,417.1882352941177,20.89597426470588,-17.929584688252064,434.87,865.7466666666666,468.4991116676027,823.36,-4.895966487502104,0.668606369931763,Medium
Osmanabad,KHARIF SORGHUM,2017,91.34,417.1882352941177,20.89597426470588,-17.929584688252064,823.36,685.3766666666667,217.3183044139001,834.21,21.71555300491701,0.6109480776983804,Medium
Osmanabad,MAIZE,1999,15.4,506.3,20.05,-0.39927362035114716,858.21,817.995,56.872598410834065,1188.31,45.27105911405326,0.5331395076759992,Low
Osmanabad,MAIZE,2000,18.1,606.5,20.62,19.312345544651446,1188.31,941.4333333333334,217.55071278516493,972.38,3.287186205431427,0.5940017127963835,Medium
Osmanabad,MAIZE,2001,15.0,438.1,20.53,-13.815764908307004,972.38,1006.3000000000001,167.64375115106438,1066.67,5.999205008446785,0.6387176922122455,Medium
Osmanabad,MAIZE,2002,15.6,369.7,20.97,-27.27160074549441,1066.67,1075.7866666666666,108.25329756332302,679.49,-36.83784889197362,0.7520805618385231,High
Osmanabad,MAIZE,2003,16.3,358.2,21.13,-29.53391232630808,679.49,906.18,201.9007630000442,441.72,-51.25471760577368,0.786772028959356,High
Osmanabad,MAIZE,2004,19.2,480.1,20.45,-5.553409569683161,441.72,729.2933333333334,315.437639848724,904.17,23.97892023328517,0.587143680286945,Medium
Osmanabad,MAIZE,2005,16.6,782.9,19.8825,54.01423796687158,904.17,675.1266666666667,231.25587480825928,915.66,35.62788217519675,0.4709347633213472,Low
Osmanabad,MAIZE,2006,20.0,478.4,20.33,-5.887838238151278,915.66,753.85,270.3735521459153,1057.5,40.27989653114014,0.5523356253527042,Low
Osmanabad,MAIZE,2007,20.0,423.1,20.67,-16.76660610067266,1057.5,959.11,85.4016926061776,972.0,1.3439542909572402,0.6533104838637775,Medium
Osmanabad,MAIZE,2008,20.5,637.7,20.3896875,25.450095224772024,972.0,981.7199999999999,71.41782130533004,951.71,-3.056879762050267,0.5983738456574443,Medium
Osmanabad,MAIZE,2009,24.0,634.4,20.999375,24.80091016245157,951.71,993.7366666666667,56.144839774759205,1074.17,8.094028934560134,0.5752049548028768,Low
Osmanabad,MAIZE,2012,30.43,359.4,20.8315625,-29.297845030918836,1074.17,999.2933333333334,65.63388936619096,1023.99,2.471413131946569,0.6700048991535899,Medium
Osmanabad,MAIZE,2013,35.8,587.8,20.49,15.63363019150225,1023.99,1016.6233333333333,61.561463053873254,1597.77,57.16440372868351,0.48288573898399256,Low
Osmanabad,MAIZE,2014,33.9,424.2,21.11,-16.55021107989919,1597.77,1231.9766666666667,317.7783506366244,460.18,-62.647019829921014,0.7916271240181045,High
Osmanabad,MAIZE,2015,26.0,305.1,21.11,-39.97989014728251,460.18,1027.3133333333333,568.8022814944869,267.31,-73.97970109736076,0.8519622026343615,High
Osmanabad,MAIZE,2016,30.6,417.1882352941177,20.89597426470588,-17.929584688252064,267.31,775.0866666666666,718.9614797980026,656.86,-15.253348012695344,0.6910473632362735,High
Osmanabad,MAIZE,2017,40.34,417.1882352941177,20.89597426470588,-17.929584688252064,656.86,461.45,194.77810528907165,775.89,68.14172716437318,0.5103580336865607,Low
Osmanabad,MINOR PULSES,1999,175.1,506.3,20.05,-0.39927362035114716,572.35,375.28000000000003,278.69906673686586,257.0,-31.517800042634835,0.6995153691816021,High
Osmanabad,MINOR PULSES,2000,181.9,606.5,20.62,19.312345544651446,257.0,335.85333333333335,208.56646670386237,277.63,-17.335940291397044,0.6386851535393628,Medium
Osmanabad,MINOR PULSES,2001,192.4,438.1,20.53,-13.815764908307004,277.63,368.99333333333334,176.41385896049476,94.59,-74.36539052196063,0.8128409825275478,High
Osmanabad,MINOR PULSES,2002,197.8,369.7,20.97,-27.27160074549441,94.59,209.74,100.25488067919676,429.73,104.8870029560408,0.4450100495021819,Low
Osmanabad,MINOR PULSES,2003,191.3,358.2,21.13,-29.53391232630808,429.73,267.31666666666666,167.8078619532867,358.08,33.95348837209302,0.6021542493412603,Medium
Osmanabad,MINOR PULSES,2004,180.6,480.1,20.45,-5.553409569683161,358.08,294.1333333333334,176.48395687238352,275.91,-6.195602901178611,0.652521813744732,Medium
Osmanabad,MINOR PULSES,2005,149.6,782.9,19.8825,54.01423796687158,275.91,354.5733333333333,76.9699333073203,445.12,25.536795397285005,0.4927987846734164,Low
Osmanabad,MINOR PULSES,2006,157.6,478.4,20.33,-5.887838238151278,445.12,359.7033333333334,84.61667940384648,129.38,-64.03147037836736,0.778343586989217,High
Osmanabad,MINOR PULSES,2007,179.8,423.1,20.67,-16.76660610067266,129.38,283.47,158.0057027451857,384.59,35.67220517162308,0.5789326069559161,Low
Osmanabad,MINOR PULSES,2008,63.4,637.7,20.3896875,25.450095224772024,384.59,319.69666666666666,167.57474581014085,151.74,-52.53625832820694,0.7055791658837598,High
Osmanabad,MINOR PULSES,2009,77.4,634.4,20.999375,24.80091016245157,151.74,221.90333333333334,141.3336691426827,169.25,-23.72804975139325,0.6441527919555459,Medium
Osmanabad,MINOR PULSES,2012,87.25,359.4,20.8315625,-29.297845030918836,169.25,235.1933333333333,129.67718779081116,430.95,83.23223447376628,0.4950231195802304,Low
Osmanabad,MINOR PULSES,2013,160.6,587.8,20.49,15.63363019150225,430.95,250.64666666666668,156.3925159121539,1075.34,329.02625209458193,0.1734086137305051,Low
Osmanabad,MINOR PULSES,2014,81.7,424.2,21.11,-16.55021107989919,1075.34,558.5133333333333,466.31971332266585,283.97,-49.15609296107523,0.7623967824690361,High
Osmanabad,MINOR PULSES,2015,55.4,305.1,21.11,-39.97989014728251,283.97,596.7533333333333,420.9331042259961,120.94,-79.73366996972506,0.8644291351911092,High
Osmanabad,MINOR PULSES,2016,61.89,417.1882352941177,20.89597426470588,-17.929584688252064,120.94,493.4166666666667,510.5103031608013,466.42,-5.471373078871813,0.6698530842130599,Medium
Osmanabad,MINOR PULSES,2017,61.7,417.1882352941177,20.89597426470588,-17.929584688252064,466.42,290.4433333333333,172.8309452422606,275.05,-5.299943764130691,0.6694816540311219,Medium
Osmanabad,OILSEEDS,1999,293.3,506.3,20.05,-0.39927362035114716,435.73,315.825,169.571277196346,485.27,53.65154753423573,0.5149817827656643,Low
Osmanabad,OILSEEDS,2000,275.4,606.5,20.62,19.312345544651446,485.27,372.3066666666667,154.7505897673199,478.21,28.44518855423843,0.5394927077074834,Low
Osmanabad,OILSEEDS,2001,260.0,438.1,20.53,-13.815764908307004,478.21,466.40333333333336,26.797405347035596,388.85,-16.627954345666485,0.6877432041459941,High
Osmanabad,OILSEEDS,2002,264.1,369.7,20.97,-27.27160074549441,388.85,450.77666666666664,53.74611551855008,478.99,6.2588273572279025,0.6587044299655642,Medium
Osmanabad,OILSEEDS,2003,380.8,358.2,21.13,-29.53391232630808,478.99,448.68333333333334,51.81865429874969,525.76,17.178410905984173,0.6385002505177082,Medium
Osmanabad,OILSEEDS,2004,432.4,480.1,20.45,-5.553409569683161,525.76,464.5333333333333,69.5904694145206,558.56,20.241102181400684,0.5952422860660009,Medium
Osmanabad,OILSEEDS,2005,477.0,782.9,19.8825,54.01423796687158,558.56,521.1033333333334,39.9888688678903,942.2,80.8086687861013,0.3730430589980469,Low
Osmanabad,OILSEEDS,2006,463.6,478.4,20.33,-5.887838238151278,942.2,675.5066666666667,231.54472685279038,445.92,-33.98732803031798,0.7132479452353271,High
Osmanabad,OILSEEDS,2007,447.2,423.1,20.67,-16.76660610067266,445.92,648.8933333333333,260.1798280676911,896.31,38.12901966424887,0.573609508888578,Low
Osmanabad,OILSEEDS,2008,436.2,637.7,20.3896875,25.450095224772024,896.31,761.4766666666668,274.2416460593344,462.88,-39.21284521740654,0.6767117708104551,High
Osmanabad,OILSEEDS,2009,439.6,634.4,20.999375,24.80091016245157,462.88,601.7033333333334,255.2777437093436,567.81,-5.6328977181446165,0.6049466292169712,Medium
Osmanabad,OILSEEDS,2012,504.48,359.4,20.8315625,-29.297845030918836,567.81,642.3333333333334,226.12095575893295,1549.02,141.15516346652825,0.3695234400963311,Low
Osmanabad,OILSEEDS,2013,571.8,587.8,20.49,15.63363019150225,1549.02,859.9033333333333,599.0942425306165,1828.79,112.67390520639917,0.3626151524493429,Low
Osmanabad,OILSEEDS,2014,582.7,424.2,21.11,-16.55021107989919,1828.79,1315.2066666666667,662.2077817674246,524.46,-60.12337731459188,0.7861592319015762,High
Osmanabad,OILSEEDS,2015,503.8,305.1,21.11,-39.97989014728251,524.46,1300.7566666666667,686.6914876662831,272.53,-79.0483487816066,0.8629442726168576,High
Osmanabad,PEARL MILLET,1999,29.2,506.3,20.05,-0.39927362035114716,483.64,406.025,109.76418564358777,469.18,15.554460932208617,0.5975254704031147,Medium
Osmanabad,PEARL MILLET,2000,29.8,606.5,20.62,19.312345544651446,469.18,427.07666666666665,85.75317039814524,614.09,43.789171343162444,0.5062474116649254,Low
Osmanabad,PEARL MILLET,2001,28.0,438.1,20.53,-13.815764908307004,614.09,522.3033333333333,79.81771127596524,307.14,-41.1950909752315,0.740972000176541,High
Osmanabad,PEARL MILLET,2002,29.8,369.7,20.97,-27.27160074549441,307.14,463.47,153.5546440196454,469.8,1.3657841931516568,0.6693060234876942,Medium
Osmanabad,PEARL MILLET,2003,27.8,358.2,21.13,-29.53391232630808,469.8,463.6766666666667,153.566588271451,327.34,-29.40339173130702,0.7394274895648361,High
Osmanabad,PEARL MILLET,2004,26.6,480.1,20.45,-5.553409569683161,327.34,368.0933333333333,88.65773814695099,394.74,7.239106023834545,0.6234132777406338,Medium
Osmanabad,PEARL MILLET,2005,26.1,782.9,19.8825,54.01423796687158,394.74,397.29333333333335,71.26431458544546,452.11,13.797529952679799,0.5182338598033095,Low
Osmanabad,PEARL MILLET,2006,25.9,478.4,20.33,-5.887838238151278,452.11,391.3966666666667,62.45215475332563,486.49,24.29589759749273,0.5869676230421581,Medium
Osmanabad,PEARL MILLET,2007,26.2,423.1,20.67,-16.76660610067266,486.49,444.4466666666667,46.35256878893922,504.96,13.615431922840369,0.6267222823281193,Medium
Osmanabad,PEARL MILLET,2008,22.1,637.7,20.3896875,25.450095224772024,504.96,481.18666666666667,26.821160178734807,452.49,-5.963728559949013,0.6046720180528706,Medium
Osmanabad,PEARL MILLET,2009,21.6,634.4,20.999375,24.80091016245157,452.49,481.31333333333333,26.615289465518686,439.81,-8.622934470961397,0.611425042181386,Medium
Osmanabad,PEARL MILLET,2012,21.0,359.4,20.8315625,-29.297845030918836,439.81,465.75333333333333,34.54081112732223,374.76,-19.536807752315248,0.7176893777359981,High
Osmanabad,PEARL MILLET,2013,20.4,587.8,20.49,15.63363019150225,374.76,422.3533333333333,41.701794126072585,651.96,54.36364497340301,0.4889540496204134,Low
Osmanabad,PEARL MILLET,2014,20.2,424.2,21.11,-16.55021107989919,651.96,488.8433333333333,144.95916953864406,237.62,-51.39137965128568,0.7672399036311426,High
Osmanabad,PEARL MILLET,2015,12.5,305.1,21.11,-39.97989014728251,237.62,421.4466666666667,211.0785221980989,160.0,-62.035528417988836,0.826083161829142,High
Osmanabad,PEARL MILLET,2016,12.6,417.1882352941177,20.89597426470588,-17.929584688252064,160.0,349.85999999999996,264.48917482573836,285.71,-18.33590579088778,0.6977262384223348,High
Osmanabad,PEARL MILLET,2017,11.4,417.1882352941177,20.89597426470588,-17.929584688252064,285.71,227.77666666666664,63.4304298687411,429.82,88.7023839140679,0.4658099440623706,Low
Osmanabad,PIGEONPEA,1999,150.3,506.3,20.05,-0.39927362035114716,823.99,433.3,552.5190966835445,921.49,112.66789753057927,0.3871130244406796,Low
Osmanabad,PIGEONPEA,2000,160.0,606.5,20.62,19.312345544651446,921.49,596.0300000000001,481.7487257897005,531.25,-10.868580440581862,0.62467254052931,Medium
Osmanabad,PIGEONPEA,2001,140.9,438.1,20.53,-13.815764908307004,531.25,758.91,203.09694532414815,596.17,-21.44391298045882,0.6981777811880094,High
Osmanabad,PIGEONPEA,2002,152.5,369.7,20.97,-27.27160074549441,596.17,682.9699999999999,209.09924533579743,578.36,-15.316924608694366,0.70545189255824,High
Osmanabad,PIGEONPEA,2003,145.8,358.2,21.13,-29.53391232630808,578.36,568.5933333333334,33.54388816659905,409.47,-27.98543774695447,0.7363552559320825,High
Osmanabad,PIGEONPEA,2004,153.7,480.1,20.45,-5.553409569683161,409.47,528.0,103.03552639745163,651.92,23.46969696969696,0.5882469973580491,Medium
Osmanabad,PIGEONPEA,2005,158.1,782.9,19.8825,54.01423796687158,651.92,546.5833333333334,124.30936422222297,853.89,56.223204756822675,0.4263115643946398,Low
Osmanabad,PIGEONPEA,2006,162.2,478.4,20.33,-5.887838238151278,853.89,638.4266666666666,222.51704796112432,501.23,-21.489808278685093,0.686169985773546,High
Osmanabad,PIGEONPEA,2007,173.8,423.1,20.67,-16.76660610067266,501.23,669.0133333333333,176.9502908540512,1170.31,74.93074378188776,0.4938724399672928,Low
Osmanabad,PIGEONPEA,2008,154.3,637.7,20.3896875,25.450095224772024,1170.31,841.81,334.70353508739635,694.75,-17.46950024352288,0.6296011900338642,Medium
Osmanabad,PIGEONPEA,2009,154.3,634.4,20.999375,24.80091016245157,694.75,788.7633333333333,344.30494003620294,1099.94,39.4512084317645,0.5072643992258271,Low
Osmanabad,PIGEONPEA,2012,199.5,359.4,20.8315625,-29.297845030918836,1099.94,988.3333333333334,256.6736535629111,891.93,-9.754131534569991,0.6964935792642873,High
Osmanabad,PIGEONPEA,2013,213.4,587.8,20.49,15.63363019150225,891.93,895.54,202.61912076603238,1274.13,42.27505192397884,0.5151460012274118,Low
Osmanabad,PIGEONPEA,2014,214.2,424.2,21.11,-16.55021107989919,1274.13,1088.6666666666667,191.3492253272361,265.64,-75.59951010410289,0.819690852945405,High
Osmanabad,PIGEONPEA,2015,176.7,305.1,21.11,-39.97989014728251,265.64,810.5666666666666,509.1443940900592,224.11,-72.35144137845951,0.8484343065767539,High
Osmanabad,PIGEONPEA,2016,192.9,417.1882352941177,20.89597426470588,-17.929584688252064,224.11,587.96,594.603344171558,2545.78,332.9852370909586,0.2246651092103215,Low
Osmanabad,PIGEONPEA,2017,181.6,417.1882352941177,20.89597426470588,-17.929584688252064,2545.78,1011.8433333333334,1328.5904027326608,1043.5,3.1286134546520676,0.6512197800571535,Medium
Osmanabad,RICE,1999,34.9,506.3,20.05,-0.39927362035114716,381.77,326.885,77.6191113708473,578.8,77.06532878535263,0.4642519233884135,Low
Osmanabad,RICE,2000,38.0,606.5,20.62,19.312345544651446,578.8,410.8566666666666,155.45444874088784,563.16,37.069699895340634,0.5208062664684908,Low
Osmanabad,RICE,2001,36.5,438.1,20.53,-13.815764908307004,563.16,507.91,109.51998493425755,432.88,-14.77230217952,0.6837226244526902,High
Osmanabad,RICE,2002,37.4,369.7,20.97,-27.27160074549441,432.88,524.9466666666666,80.11464119206514,385.03,-26.653501308069387,0.7300144754068041,High
Osmanabad,RICE,2003,38.5,358.2,21.13,-29.53391232630808,385.03,460.3566666666666,92.18893444081756,241.56,-47.52764161121449,0.7786966976378381,High
Osmanabad,RICE,2004,38.4,480.1,20.45,-5.553409569683161,241.56,353.1566666666667,99.5628828094757,335.94,-4.87507904895845,0.6496606787315977,Medium
Osmanabad,RICE,2005,35.2,782.9,19.8825,54.01423796687158,335.94,320.8433333333333,72.9166800761897,417.61,30.16009890600814,0.4827816270712163,Low
Osmanabad,RICE,2006,33.4,478.4,20.33,-5.887838238151278,417.61,331.7033333333333,88.1014337756963,398.2,20.047029976585502,0.5961735028874264,Medium
Osmanabad,RICE,2007,29.2,423.1,20.67,-16.76660610067266,398.2,383.9166666666667,42.66740481132388,438.36,14.18102886911222,0.6254968222778676,Medium
Osmanabad,RICE,2008,8.9,637.7,20.3896875,25.450095224772024,438.36,418.0566666666667,20.083725583999044,359.55,-13.994912970330976,0.6220729176086401,Medium
Osmanabad,RICE,2009,9.3,634.4,20.999375,24.80091016245157,359.55,398.7033333333334,39.40741089355377,534.41,34.03700328565096,0.5189951770423673,Low
Osmanabad,RICE,2012,19.8,359.4,20.8315625,-29.297845030918836,534.41,444.1066666666666,87.57153095232133,392.42,-11.638345142308143,0.7005760420810399,High
Osmanabad,RICE,2013,20.7,587.8,20.49,15.63363019150225,392.42,428.79333333333335,92.93153088878593,555.56,29.563581523344563,0.5426875204286943,Low
Osmanabad,RICE,2014,18.9,424.2,21.11,-16.55021107989919,555.56,494.12999999999994,88.7159720681684,190.48,-61.451439904478576,0.7890367008463213,High
Osmanabad,RICE,2015,10.0,305.1,21.11,-39.97989014728251,190.48,379.4866666666667,182.8833096084314,90.0,-76.28375173479964,0.8569543123487958,High
Osmanabad,RICE,2016,9.6,417.1882352941177,20.89597426470588,-17.929584688252064,90.0,278.68,244.9917516978889,218.75,-21.504951916176264,0.7045925050271037,High
Osmanabad,RICE,2017,10.3,417.1882352941177,20.89597426470588,-17.929584688252064,218.75,166.41,67.66582815572468,291.26,75.02553933056907,0.4954431073265193,Low
Osmanabad,SESAMUM,1999,16.9,506.3,20.05,-0.39927362035114716,216.22,203.245,18.349420971790902,201.18,-1.0160151541243314,0.6334281685900497,Medium
Osmanabad,SESAMUM,2000,18.1,606.5,20.62,19.312345544651446,201.18,202.5566666666667,13.029659755086975,198.9,-1.8052561423140985,0.6050353378831287,Medium
Osmanabad,SESAMUM,2001,15.4,438.1,20.53,-13.815764908307004,198.9,205.43333333333337,9.410830639924049,188.31,-8.335226350803193,0.6697756268238503,Medium
Osmanabad,SESAMUM,2002,14.8,369.7,20.97,-27.27160074549441,188.31,196.13,6.867597833303892,216.22,10.243206036812321,0.6500716094931601,Medium
Osmanabad,SESAMUM,2003,14.5,358.2,21.13,-29.53391232630808,216.22,201.14333333333335,14.08958598871285,220.69,9.717780024195012,0.6546649507615309,Medium
Osmanabad,SESAMUM,2004,14.0,480.1,20.45,-5.553409569683161,220.69,208.40666666666667,17.547143167288894,171.43,-17.742554620773486,0.6775402091371041,High
Osmanabad,SESAMUM,2005,12.1,782.9,19.8825,54.01423796687158,171.43,202.77999999999997,27.241734526274197,231.4,14.113817930762421,0.5175485691841328,Low
Osmanabad,SESAMUM,2006,11.9,478.4,20.33,-5.887838238151278,231.4,207.84,31.98346604106565,151.26,-27.2228637413395,0.6985916059425892,High
Osmanabad,SESAMUM,2007,11.4,423.1,20.67,-16.76660610067266,151.26,184.6966666666667,41.684628261906504,201.75,9.233157068346285,0.6362172111794915,Medium
Osmanabad,SESAMUM,2008,10.0,637.7,20.3896875,25.450095224772024,201.75,194.8033333333333,40.51909467563822,170.0,-12.732499443883565,0.6193376883013466,Medium
Osmanabad,SESAMUM,2009,7.9,634.4,20.999375,24.80091016245157,170.0,174.33666666666667,25.522833567872823,183.54,5.279057761801869,0.5813040590104993,Low
Osmanabad,SESAMUM,2012,8.6,359.4,20.8315625,-29.297845030918836,183.54,185.09666666666666,15.93213837917981,224.42,21.244754992886595,0.6293293251216887,Medium
Osmanabad,SESAMUM,2013,8.4,587.8,20.49,15.63363019150225,224.42,192.65333333333334,28.33149719540662,261.9,35.94366392137863,0.5288640085663332,Low
Osmanabad,SESAMUM,2014,7.5,424.2,21.11,-16.55021107989919,261.9,223.28666666666666,39.19229175913714,120.0,-46.25742692502911,0.7561163393909571,High
Osmanabad,SESAMUM,2015,5.4,305.1,21.11,-39.97989014728251,120.0,202.10666666666665,73.53445541603834,92.59,-54.187557725293566,0.8090792253283589,High
Osmanabad,SESAMUM,2016,6.56,417.1882352941177,20.89597426470588,-17.929584688252064,92.59,158.16333333333333,90.87793479901121,188.45,19.148981011190962,0.6165089836847684,Medium
Osmanabad,SESAMUM,2017,6.5,417.1882352941177,20.89597426470588,-17.929584688252064,188.45,133.68000000000004,49.37247917615647,127.15,-4.884799521244784,0.6685821748382055,Medium
Osmanabad,SOYABEAN,1999,8.8,506.3,20.05,-0.39927362035114716,955.88,747.78,294.2978423298411,1193.18,59.562973066944835,0.5021736941115039,Low
Osmanabad,SOYABEAN,2000,9.1,606.5,20.62,19.312345544651446,1193.18,896.2466666666666,330.80608116135556,1109.89,23.83755960040765,0.5494759037740834,Low
Osmanabad,SOYABEAN,2001,17.7,438.1,20.53,-13.815764908307004,1109.89,1086.3166666666668,120.3935174057696,621.47,-42.79108301753633,0.7444299829348566,High
Osmanabad,SOYABEAN,2002,26.3,369.7,20.97,-27.27160074549441,621.47,974.8466666666667,308.8536990766555,1144.49,17.402052972433268,0.6345607744660331,Medium
Osmanabad,SOYABEAN,2003,135.5,358.2,21.13,-29.53391232630808,1144.49,958.6166666666668,292.489651326903,969.74,1.1603525914077457,0.6732060435325081,Medium
Osmanabad,SOYABEAN,2004,180.0,480.1,20.45,-5.553409569683161,969.74,911.9,266.2641156821548,678.89,-25.55214387542494,0.6944609858554591,High
Osmanabad,SOYABEAN,2005,206.6,782.9,19.8825,54.01423796687158,678.89,931.04,235.20014349485402,1384.8,48.73689637394742,0.4425318992241487,Low
Osmanabad,SOYABEAN,2006,187.8,478.4,20.33,-5.887838238151278,1384.8,1011.1433333333333,354.77162940874126,334.4,-66.92852645355258,0.7846205418187641,High
Osmanabad,SOYABEAN,2007,219.2,423.1,20.67,-16.76660610067266,334.4,799.3633333333332,535.4627979919177,1190.24,48.89849838830071,0.5502756383198768,Low
Osmanabad,SOYABEAN,2008,237.3,637.7,20.3896875,25.450095224772024,1190.24,969.8133333333332,558.8165857715152,412.98,-57.41654751429828,0.7161531257869225,High
Osmanabad,SOYABEAN,2009,263.8,634.4,20.999375,24.80091016245157,412.98,645.8733333333333,473.0697675114456,625.51,-3.15283698558025,0.599573164296433,Medium
Osmanabad,SOYABEAN,2012,377.1,359.4,20.8315625,-29.297845030918836,625.51,742.9099999999999,401.70928157064014,1926.86,159.36654507275446,0.3300654466163058,Low
Osmanabad,SOYABEAN,2013,441.9,587.8,20.49,15.63363019150225,1926.86,988.4499999999999,819.6049330622649,2128.99,115.3867165764581,0.35673739448090147,Low
Osmanabad,SOYABEAN,2014,470.3,424.2,21.11,-16.55021107989919,2128.99,1560.4533333333331,815.967776099849,586.01,-62.44616948920826,0.791191948279895,High
Osmanabad,SOYABEAN,2015,431.7,305.1,21.11,-39.97989014728251,586.01,1547.2866666666666,838.6022636705277,287.0,-81.45140094703416,0.8681508856419332,High
Osmanabad,SOYABEAN,2016,472.3,417.1882352941177,20.89597426470588,-17.929584688252064,287.0,1000.6666666666666,988.527644243363,690.45,-31.000999333777475,0.7251672744318378,High
Osmanabad,SOYABEAN,2017,508.2,417.1882352941177,20.89597426470588,-17.929584688252064,690.45,521.1533333333333,209.39858173667935,1071.23,105.54987015977385,0.42930705719679607,Low
Osmanabad,SUGARCANE,1999,54.4,506.3,20.05,-0.39927362035114716,7253.25,9113.43,2630.6917844551845,7038.05,-22.77276502919318,0.6805677933192084,High
Osmanabad,SUGARCANE,2000,54.6,606.5,20.62,19.312345544651446,7038.05,8421.636666666667,2212.691501437409,7070.51,-16.04351648195066,0.6358849019522383,Medium
Osmanabad,SUGARCANE,2001,63.2,438.1,20.53,-13.815764908307004,7070.51,7120.6033333333335,116.01623392152918,5965.35,-16.224093370365146,0.6868681720328442,High
Osmanabad,SUGARCANE,2002,55.9,369.7,20.97,-27.27160074549441,5965.35,6691.303333333333,628.9034858651488,5039.36,-24.68791580713474,0.7257557068214598,High
Osmanabad,SUGARCANE,2003,31.8,358.2,21.13,-29.53391232630808,5039.36,6025.073333333334,1016.8912124870276,4300.0,-28.631574055530173,0.7377552179339918,High
Osmanabad,SUGARCANE,2004,4.2,480.1,20.45,-5.553409569683161,4300.0,5101.57,834.4160944636701,5347.62,4.823025068753348,0.6286481198099589,Medium
Osmanabad,SUGARCANE,2005,29.2,782.9,19.8825,54.01423796687158,5347.62,4895.66,538.3903635839005,7323.97,49.60127950061893,0.44065906911636665,Low
Osmanabad,SUGARCANE,2006,85.4,478.4,20.33,-5.887838238151278,7323.97,5657.196666666667,1535.5705534534513,7428.69,31.313978242462838,0.5717617816447735,Low
Osmanabad,SUGARCANE,2007,121.7,423.1,20.67,-16.76660610067266,7428.69,6700.093333333333,1172.4460148055168,6455.14,-3.655968971576509,0.6641436509325644,Medium
Osmanabad,SUGARCANE,2008,74.1,637.7,20.3896875,25.450095224772024,6455.14,7069.266666666667,534.4204726929327,5977.19,-15.448231311121393,0.6252217740136756,Medium
Osmanabad,SUGARCANE,2009,78.1,634.4,20.999375,24.80091016245157,5977.19,6620.34,739.7170692230941,7968.76,20.36783609301033,0.5486117059596567,Low
Osmanabad,SUGARCANE,2012,98.6,359.4,20.8315625,-29.297845030918836,7968.76,6800.363333333334,1039.6980949455174,5359.63,-21.186122898335334,0.7212628938856964,High
Osmanabad,SUGARCANE,2013,110.4,587.8,20.49,15.63363019150225,5359.63,6435.193333333334,1363.530391752724,5505.43,-14.448102569308977,0.6380461692957924,Medium
Osmanabad,SUGARCANE,2014,86.2,424.2,21.11,-16.55021107989919,5505.43,6277.94,1466.1066176441614,4578.65,-27.06763683628706,0.7145384608654879,High
Osmanabad,SUGARCANE,2015,64.2,305.1,21.11,-39.97989014728251,4578.65,5147.903333333333,498.34870134609014,2899.69,-43.6724077310439,0.7862964003408939,High
Osmanabad,SUGARCANE,2016,21.0,417.1882352941177,20.89597426470588,-17.929584688252064,2899.69,4327.923333333333,1320.839934637552,4462.86,3.117815549720917,0.6512431755178376,Medium
Osmanabad,SUGARCANE,2017,75.0,417.1882352941177,20.89597426470588,-17.929584688252064,4462.86,3980.3999999999996,937.7112610500087,5353.33,34.492262084212655,0.5832652080266654,Low
Osmanabad,SUNFLOWER,1999,139.3,506.3,20.05,-0.39927362035114716,435.42,352.55,117.1958779138584,493.9,40.09360374414975,0.5443573276440861,Low
Osmanabad,SUNFLOWER,2000,130.1,606.5,20.62,19.312345544651446,493.9,399.6666666666667,116.30725572092796,524.98,31.35446205170976,0.5331892817963165,Low
Osmanabad,SUNFLOWER,2001,116.2,438.1,20.53,-13.815764908307004,524.98,484.76666666666665,45.47319796686093,438.04,-9.639001581516874,0.6726004731570538,Medium
Osmanabad,SUNFLOWER,2002,118.6,369.7,20.97,-27.27160074549441,438.04,485.64000000000004,44.054643342104036,479.76,-1.2107734124042608,0.67488856496638,High
Osmanabad,SUNFLOWER,2003,127.7,358.2,21.13,-29.53391232630808,479.76,480.9266666666667,43.481740228897536,316.37,-34.216581876654786,0.7498560682130548,High
Osmanabad,SUNFLOWER,2004,133.9,480.1,20.45,-5.553409569683161,316.37,411.39000000000004,84.89251969402252,533.98,29.798974209387673,0.5745335633387649,Low
Osmanabad,SUNFLOWER,2005,147.2,782.9,19.8825,54.01423796687158,533.98,443.37000000000006,113.27710315858187,648.78,46.32925096420594,0.4477484642785712,Low
Osmanabad,SUNFLOWER,2006,153.2,478.4,20.33,-5.887838238151278,648.78,499.71000000000004,168.83402115687463,547.0,9.463488823517633,0.619104508718997,Medium
Osmanabad,SUNFLOWER,2007,122.8,423.1,20.67,-16.76660610067266,547.0,576.5866666666667,62.85927245310204,654.97,13.594371473499212,0.6267679133016917,Medium
Osmanabad,SUNFLOWER,2008,106.4,637.7,20.3896875,25.450095224772024,654.97,616.9166666666666,60.628658515039795,600.56,-2.6513575577468624,0.5974952142147898,Medium
Osmanabad,SUNFLOWER,2009,90.7,634.4,20.999375,24.80091016245157,600.56,600.8433333333334,53.985557636587515,532.64,-11.351267385286242,0.6173364301624035,Medium
Osmanabad,SUNFLOWER,2012,44.4,359.4,20.8315625,-29.297845030918836,532.64,596.0566666666667,61.28920976267614,442.57,-25.75034812126365,0.7311520485353414,High
Osmanabad,SUNFLOWER,2013,42.8,587.8,20.49,15.63363019150225,442.57,525.2566666666667,79.25336102231459,633.18,20.54678030423221,0.5622239230700393,Low
Osmanabad,SUNFLOWER,2014,38.0,424.2,21.11,-16.55021107989919,633.18,536.13,95.35291343215474,278.95,-47.969708839274055,0.7598262835384755,High
Osmanabad,SUNFLOWER,2015,22.1,305.1,21.11,-39.97989014728251,278.95,451.56666666666666,177.28628890394592,200.45,-55.61009817671809,0.812161396306435,High
Osmanabad,SUNFLOWER,2016,19.5,417.1882352941177,20.89597426470588,-17.929584688252064,200.45,370.85999999999996,230.541534869533,645.86,74.15197109421348,0.4973358385052834,Low
Osmanabad,SUNFLOWER,2017,14.15,417.1882352941177,20.89597426470588,-17.929584688252064,645.86,375.08666666666664,237.75872441055333,433.6,15.599950233723774,0.6241985503692549,Medium
Parbhani,COTTON,1999,335.8,769.6,21.21,21.740289307399845,145.18,121.09,34.068404717567866,119.54,-1.2800396399372345,0.6001895032356909,Medium
Parbhani,COTTON,2000,306.7,1073.1,21.94,69.74987585209298,119.54,120.57333333333334,24.106615966023384,79.3,-34.230896826274474,0.598264569281909,Medium
Parbhani,COTTON,2001,296.9,766.4,21.74,21.23409267826304,79.3,114.67333333333333,33.20853705500039,158.67,38.3669554095692,0.5150607253244077,Low
Parbhani,COTTON,2002,276.7,555.8,22.0,-12.07997297680246,158.67,119.17,39.6862936037116,173.08,45.237895443484106,0.5510496926197023,Low
Parbhani,COTTON,2003,257.2,321.6,22.19,-49.12723877175183,173.08,137.01666666666665,50.50071517645402,223.87,63.38888213112762,0.5682997634627465,Low
Parbhani,COTTON,2004,269.3,464.8,21.3940625,-26.474939617880132,223.87,185.20666666666668,34.2498472016056,150.5,-18.739426226557722,0.7116506814381429,High
Parbhani,COTTON,2005,239.3,1175.8,21.3184375,85.9956239184521,150.5,182.48333333333335,37.57800198697811,208.69,14.361128870216447,0.4681719437374177,Low
Parbhani,COTTON,2006,256.6,812.9,21.515625,28.58976244540713,208.69,194.35333333333332,38.729113510811615,283.36,45.79631598806299,0.4877304716700809,Low
Parbhani,COTTON,2007,273.0,638.3,21.8228125,0.9704088681306046,283.36,214.1833333333333,66.60013088075229,507.91,137.13796591704929,0.33200281470010107,Low
Parbhani,COTTON,2008,310.1,540.2,21.6,-14.547681543844334,507.91,333.32,155.74066039413088,299.48,-10.152406096243842,0.6748306055135567,High
Parbhani,COTTON,2009,314.7,571.6,22.33,-9.58062712043951,299.48,363.5833333333333,125.25016420481587,271.02,-25.458629383451754,0.7004085882258944,High
Parbhani,COTTON,2012,374.5,567.8,21.973125,-10.18173561753947,271.02,359.47,129.3379994433191,358.66,-0.2253317383926342,0.6466544339045859,Medium
Parbhani,COTTON,2013,361.9,791.4,21.794375,25.188753843394274,358.66,309.71999999999997,44.70833926685268,373.72,20.66382539067547,0.5473780953467697,Low
Parbhani,COTTON,2014,368.2,327.8,22.501875,-48.146482802799284,373.72,334.4666666666667,55.45999038345877,141.85,-57.58919673111422,0.8289211602321552,High
Parbhani,COTTON,2015,356.4,263.7,22.501875,-58.28623403019577,141.85,291.41,129.74145867840394,77.89,-73.2713359184654,0.8783841800319332,High
Parbhani,COTTON,2016,242.63,417.1882352941177,20.89597426470588,-34.006475493308876,77.89,197.82000000000002,155.65451455065474,686.81,247.18936406834487,0.2492171398733903,Low
Parbhani,COTTON,2017,272.1,417.1882352941177,20.89597426470588,-34.006475493308876,686.81,302.18333333333334,334.6281143797295,331.95,9.850532237604098,0.6612076533572082,Medium
Parbhani,GROUNDNUT,1999,13.3,769.6,21.21,21.740289307399845,1256.0,1031.335,317.72428999055137,1187.97,15.187596658699645,0.5645096245887632,Low
Parbhani,GROUNDNUT,2000,8.3,1073.1,21.94,69.74987585209298,1187.97,1083.5466666666669,242.1828578436825,879.52,-18.829522801663686,0.5648949255620301,Low
Parbhani,GROUNDNUT,2001,8.7,766.4,21.74,21.23409267826304,879.52,1107.83,200.62679855891633,1160.92,4.792251518734838,0.5878059170876397,Medium
Parbhani,GROUNDNUT,2002,11.5,555.8,22.0,-12.07997297680246,1160.92,1076.1366666666665,170.81133110345266,1260.87,17.166345042915864,0.611871385154064,Medium
Parbhani,GROUNDNUT,2003,7.2,321.6,22.19,-49.12723877175183,1260.87,1100.4366666666667,197.73879445706478,1069.44,-2.8167606192693206,0.711745322754795,High
Parbhani,GROUNDNUT,2004,3.6,464.8,21.3940625,-26.474939617880132,1069.44,1163.7433333333333,95.74622516492924,666.67,-42.71331307304303,0.763594102938688,High
Parbhani,GROUNDNUT,2005,16.7,1175.8,21.3184375,85.9956239184521,666.67,998.9933333333333,303.2992905256016,994.01,-0.49883549439769514,0.5003685331939743,Low
Parbhani,GROUNDNUT,2006,18.3,812.9,21.515625,28.58976244540713,994.01,910.04,214.1124445238994,1076.5,18.29150367016835,0.5473242316919873,Low
Parbhani,GROUNDNUT,2007,6.4,638.3,21.8228125,0.9704088681306046,1076.5,912.3933333333333,216.7628137696437,1070.31,17.307959286565,0.5916344957319517,Medium
Parbhani,GROUNDNUT,2008,4.9,540.2,21.6,-14.547681543844334,1070.31,1046.9399999999998,45.94309197256957,1061.22,1.363975012894741,0.6498784464438396,Medium
Parbhani,GROUNDNUT,2009,2.2,571.6,22.33,-9.58062712043951,1061.22,1069.3433333333332,7.685729199843734,1181.82,10.51829315810638,0.6224585893861116,Medium
Parbhani,GROUNDNUT,2012,5.3,567.8,21.973125,-10.18173561753947,1181.82,1104.45,67.15835539975653,690.57,-37.473855765313054,0.7273595692959778,High
Parbhani,GROUNDNUT,2013,10.4,791.4,21.794375,25.188753843394274,690.57,977.87,256.01183078131356,1019.23,4.2296010717171,0.5829855813710608,Low
Parbhani,GROUNDNUT,2014,7.5,327.8,22.501875,-48.146482802799284,1019.23,963.8733333333333,250.25968719179136,906.67,-5.934735546164438,0.7170031609984704,High
Parbhani,GROUNDNUT,2015,4.6,263.7,22.501875,-58.28623403019577,906.67,872.1566666666668,167.02612530180198,586.96,-32.70016472575646,0.790479975781357,High
Parbhani,GROUNDNUT,2016,6.1,417.1882352941177,20.89597426470588,-34.006475493308876,586.96,837.6199999999999,224.25491098301487,1098.36,31.128674100427407,0.615105012654578,Medium
Parbhani,GROUNDNUT,2017,6.17,417.1882352941177,20.89597426470588,-34.006475493308876,1098.36,863.9966666666666,258.3568269532145,1232.09,42.60355942731262,0.5902427611130762,Medium
Parbhani,KHARIF SORGHUM,1999,183.3,769.6,21.21,21.740289307399845,1115.09,1257.1100000000001,200.84661012822718,1393.89,10.880511649736297,0.5738416421081527,Low
Parbhani,KHARIF SORGHUM,2000,188.6,1073.1,21.94,69.74987585209298,1393.89,1302.7033333333334,162.4990354843172,1265.11,-2.8857939003764077,0.5303501796093562,Low
Parbhani,KHARIF SORGHUM,2001,181.9,766.4,21.74,21.23409267826304,1265.11,1258.03,139.53477989375995,1274.33,1.295676573690608,0.5953818294685436,Medium
Parbhani,KHARIF SORGHUM,2002,172.9,555.8,22.0,-12.07997297680246,1274.33,1311.11,71.83765307970484,1484.09,13.193401011356793,0.6204794305557466,Medium
Parbhani,KHARIF SORGHUM,2003,172.7,321.6,22.19,-49.12723877175183,1484.09,1341.1766666666665,123.85240301800103,1364.79,1.7606430174498606,0.7018276148752698,High
Parbhani,KHARIF SORGHUM,2004,161.3,464.8,21.3940625,-26.474939617880132,1364.79,1374.4033333333334,105.20991651614099,762.55,-44.51774224451338,0.7675036994768607,High
Parbhani,KHARIF SORGHUM,2005,148.6,1175.8,21.3184375,85.9956239184521,762.55,1203.8100000000002,386.7698452568401,1192.46,-0.9428398169146406,0.5013305425594246,Low
Parbhani,KHARIF SORGHUM,2006,140.6,812.9,21.515625,28.58976244540713,1192.46,1106.6000000000001,310.1648095771021,932.43,-15.7392011566962,0.6210574254832815,Medium
Parbhani,KHARIF SORGHUM,2007,129.2,638.3,21.8228125,0.9704088681306046,932.43,962.48,216.52460345189436,1498.76,55.718560385670344,0.5084115266841674,Low
Parbhani,KHARIF SORGHUM,2008,94.3,540.2,21.6,-14.547681543844334,1498.76,1207.8833333333334,283.4798522529129,1158.01,-4.1289859671877895,0.6617798619006454,Medium
Parbhani,KHARIF SORGHUM,2009,107.0,571.6,22.33,-9.58062712043951,1158.01,1196.3999999999999,285.1100862824744,955.42,-20.14209294550317,0.6888894259437109,High
Parbhani,KHARIF SORGHUM,2012,131.0,567.8,21.973125,-10.18173561753947,955.42,1204.0633333333333,274.5819932794817,1283.89,6.62977307395238,0.6318017068112212,Medium
Parbhani,KHARIF SORGHUM,2013,126.2,791.4,21.794375,25.188753843394274,1283.89,1132.44,165.72116310236322,1058.64,-6.516901557698416,0.6062696704013835,Medium
Parbhani,KHARIF SORGHUM,2014,120.3,327.8,22.501875,-48.146482802799284,1058.64,1099.3166666666668,167.9704695276328,413.13,-62.419381737139744,0.8393865610785091,High
Parbhani,KHARIF SORGHUM,2015,88.8,263.7,22.501875,-58.28623403019577,413.13,918.5533333333334,451.9667576640272,311.94,-66.04007751319104,0.8627164534872243,High
Parbhani,KHARIF SORGHUM,2016,67.76,417.1882352941177,20.89597426470588,-34.006475493308876,311.94,594.57,405.06860863315524,508.5,-14.47600787123468,0.7139151569261831,High
Parbhani,KHARIF SORGHUM,2017,69.17,417.1882352941177,20.89597426470588,-34.006475493308876,508.5,411.19,98.29435945159982,564.94,37.391473528052735,0.6015356138947683,Medium
Parbhani,MAIZE,1999,2.3,769.6,21.21,21.740289307399845,1700.0,1583.335,164.9892252542571,1217.39,-23.112291460745826,0.6474927155139517,Medium
Parbhani,MAIZE,2000,2.6,1073.1,21.94,69.74987585209298,1217.39,1461.3533333333335,241.34892424316567,1038.46,-28.938472557401134,0.5867976500327216,Medium
Parbhani,MAIZE,2001,2.5,766.4,21.74,21.23409267826304,1038.46,1318.6166666666668,342.189890898801,1760.0,33.47321056157335,0.5256638391616967,Low
Parbhani,MAIZE,2002,2.9,555.8,22.0,-12.07997297680246,1760.0,1338.6166666666668,375.7351746021836,1068.97,-20.143680665363505,0.6927097741883999,High
Parbhani,MAIZE,2003,3.1,321.6,22.19,-49.12723877175183,1068.97,1289.1433333333332,408.0590832628694,677.42,-47.45192543885733,0.8084548465302467,High
Parbhani,MAIZE,2004,2.9,464.8,21.3940625,-26.474939617880132,677.42,1168.7966666666669,548.1504233632711,1048.28,-10.311174740972925,0.6933894698861034,High
Parbhani,MAIZE,2005,2.9,1175.8,21.3184375,85.9956239184521,1048.28,931.5566666666667,220.33180213789694,1172.41,25.854930993641467,0.4432687058034132,Low
Parbhani,MAIZE,2006,4.3,812.9,21.515625,28.58976244540713,1172.41,966.0366666666665,257.5398016488585,1362.79,41.07021472614913,0.4979703577375268,Low
Parbhani,MAIZE,2007,3.2,638.3,21.8228125,0.9704088681306046,1362.79,1194.493333333333,158.41366807612704,1437.5,20.34391150501749,0.5850565992586598,Low
Parbhani,MAIZE,2008,4.1,540.2,21.6,-14.547681543844334,1437.5,1324.2333333333333,136.68628107214477,1119.51,-15.459762881667382,0.6863298785486027,High
Parbhani,MAIZE,2009,3.7,571.6,22.33,-9.58062712043951,1119.51,1306.6000000000001,166.27506457674292,943.24,-27.80958212153682,0.7055023191583951,High
Parbhani,MAIZE,2012,5.13,567.8,21.973125,-10.18173561753947,943.24,1166.75,250.49341328665713,908.38,-22.14441825583887,0.694145788025561,High
Parbhani,MAIZE,2013,4.9,791.4,21.794375,25.188753843394274,908.38,990.3766666666667,113.18289726514931,1428.57,44.24511886050088,0.4962852928289849,Low
Parbhani,MAIZE,2014,5.3,327.8,22.501875,-48.146482802799284,1428.57,1093.3966666666668,290.7914672636275,471.7,-56.8592063264628,0.8273395143554158,High
Parbhani,MAIZE,2015,14.6,263.7,22.501875,-58.28623403019577,471.7,936.2166666666666,479.0419702211209,630.14,-32.69293076745055,0.7904643022050275,High
Parbhani,MAIZE,2016,12.33,417.1882352941177,20.89597426470588,-34.006475493308876,630.14,843.4699999999999,512.8667623272149,1311.44,55.481522757181665,0.5623405072317863,Low
Parbhani,MAIZE,2017,5.63,417.1882352941177,20.89597426470588,-34.006475493308876,1311.44,804.4266666666666,446.1756364183653,836.09,3.9361367102035505,0.6740221769998667,High
Parbhani,MINOR PULSES,1999,117.6,769.6,21.21,21.740289307399845,365.47,222.335,202.42345825027297,300.17,35.00798344839994,0.5215654532112224,Low
Parbhani,MINOR PULSES,2000,135.7,1073.1,21.94,69.74987585209298,300.17,248.28,150.02352248897503,232.87,-6.206702110520379,0.5375454807313108,Low
Parbhani,MINOR PULSES,2001,137.5,766.4,21.74,21.23409267826304,232.87,299.50333333333333,66.30251377838796,325.09,8.543032353563113,0.5796792252788722,Low
Parbhani,MINOR PULSES,2002,153.3,555.8,22.0,-12.07997297680246,325.09,286.0433333333333,47.70538893388591,550.68,92.51628541130133,0.44861318102310643,Low
Parbhani,MINOR PULSES,2003,136.7,321.6,22.19,-49.12723877175183,550.68,369.5466666666666,163.50258540259628,555.23,50.24624765478426,0.5967754714947288,Medium
Parbhani,MINOR PULSES,2004,131.4,464.8,21.3940625,-26.474939617880132,555.23,477.0,131.57758813718976,287.9,-39.64360587002097,0.7569430706654957,High
Parbhani,MINOR PULSES,2005,89.3,1175.8,21.3184375,85.9956239184521,287.9,464.6033333333333,153.04648520411462,402.69,-13.326063093247997,0.5281608596580574,Low
Parbhani,MINOR PULSES,2006,111.6,812.9,21.515625,28.58976244540713,402.69,415.2733333333333,134.1084912797594,290.95,-29.937711707951387,0.6518208650108985,Medium
Parbhani,MINOR PULSES,2007,138.9,638.3,21.8228125,0.9704088681306046,290.95,327.18,65.41135757649418,671.49,105.2356501008619,0.4011244989682766,Low
Parbhani,MINOR PULSES,2008,102.0,540.2,21.6,-14.547681543844334,671.49,455.04333333333335,195.59735819620184,318.92,-29.914367129870413,0.7176481877529381,High
Parbhani,MINOR PULSES,2009,77.0,571.6,22.33,-9.58062712043951,318.92,427.11999999999995,212.09220376996407,244.16,-42.83573702940625,0.7380589881253371,High
Parbhani,MINOR PULSES,2012,82.32,567.8,21.973125,-10.18173561753947,244.16,411.5233333333333,228.21977397529184,549.08,33.42621317543762,0.5737427532581967,Low
Parbhani,MINOR PULSES,2013,97.3,791.4,21.794375,25.188753843394274,549.08,370.72,158.92287941010878,495.38,33.62645662494604,0.5192923943392771,Low
Parbhani,MINOR PULSES,2014,77.9,327.8,22.501875,-48.146482802799284,495.38,429.53999999999996,162.77355682051052,164.31,-61.74745076127951,0.8379307106308168,High
Parbhani,MINOR PULSES,2015,107.4,263.7,22.501875,-58.28623403019577,164.31,402.9233333333334,208.38225604243107,88.97,-77.91887621300991,0.8884538506700794,High
Parbhani,MINOR PULSES,2016,96.26,417.1882352941177,20.89597426470588,-34.006475493308876,88.97,249.5533333333333,216.19919387762138,528.25,111.67819838110759,0.44058104338035264,Low
Parbhani,MINOR PULSES,2017,107.58,417.1882352941177,20.89597426470588,-34.006475493308876,528.25,260.51,234.90968392128917,328.24,25.99900195769837,0.6262193022971205,Medium
Parbhani,OILSEEDS,1999,128.0,769.6,21.21,21.740289307399845,577.34,403.22,246.2428654804033,824.14,104.38966321115022,0.3712384803924311,Low
Parbhani,OILSEEDS,2000,136.2,1073.1,21.94,69.74987585209298,824.14,543.5266666666666,298.95761661702704,646.11,18.873652320033372,0.4832047127986254,Low
Parbhani,OILSEEDS,2001,144.6,766.4,21.74,21.23409267826304,646.11,682.5300000000001,127.3670769861663,826.21,21.051089329406754,0.5525784351646347,Low
Parbhani,OILSEEDS,2002,177.6,555.8,22.0,-12.07997297680246,826.21,765.4866666666667,103.3884066679304,932.71,21.845361991935416,0.6017335150978889,Medium
Parbhani,OILSEEDS,2003,275.6,321.6,22.19,-49.12723877175183,932.71,801.6766666666667,144.86650176398047,1139.3,42.11465137649009,0.6143939300976408,Medium
Parbhani,OILSEEDS,2004,290.0,464.8,21.3940625,-26.474939617880132,1139.3,966.0733333333334,159.18910463135762,597.28,-38.17446570653712,0.7537599336446246,High
Parbhani,OILSEEDS,2005,340.9,1175.8,21.3184375,85.9956239184521,597.28,889.7633333333333,273.55023712900226,955.38,7.374620217361172,0.48330937915188704,Low
Parbhani,OILSEEDS,2006,350.7,812.9,21.515625,28.58976244540713,955.38,897.32,275.6349810891209,838.64,-6.53947309766862,0.6011246813554547,Medium
Parbhani,OILSEEDS,2007,307.0,638.3,21.8228125,0.9704088681306046,838.64,797.1,182.62825958761172,1283.36,61.00363818843305,0.4969605247782197,Low
Parbhani,OILSEEDS,2008,293.8,540.2,21.6,-14.547681543844334,1283.36,1025.7933333333333,230.56994108802058,650.65,-36.57104419993631,0.7320709880713663,High
Parbhani,OILSEEDS,2009,324.4,571.6,22.33,-9.58062712043951,650.65,924.2166666666666,324.92000620665596,783.32,-15.244982237209875,0.6782790194091108,High
Parbhani,OILSEEDS,2012,344.4,567.8,21.973125,-10.18173561753947,783.32,905.7766666666666,333.65732785798866,1474.54,62.79288860756699,0.510114956488795,Low
Parbhani,OILSEEDS,2013,440.4,791.4,21.794375,25.188753843394274,1474.54,969.5033333333334,442.3763762152465,1064.26,9.773732942296903,0.5709732956515113,Low
Parbhani,OILSEEDS,2014,330.0,327.8,22.501875,-48.146482802799284,1064.26,1107.3733333333332,347.62097424254085,314.55,-71.59494539631321,0.8592669490066519,High
Parbhani,OILSEEDS,2015,352.2,263.7,22.501875,-58.28623403019577,314.55,951.1166666666668,588.2136180277819,346.68,-63.55021290763489,0.8573217468418708,High
Parbhani,PEARL MILLET,1999,7.8,769.6,21.21,21.740289307399845,585.37,521.41,90.45309944938319,692.31,32.776509848295966,0.5264003126780982,Low
Parbhani,PEARL MILLET,2000,9.6,1073.1,21.94,69.74987585209298,692.31,578.3766666666667,117.58607457234606,645.83,11.662526727104028,0.4988288182499203,Low
Parbhani,PEARL MILLET,2001,10.0,766.4,21.74,21.23409267826304,645.83,641.17,53.62208127255033,450.0,-29.81580548060576,0.6627900405859611,Medium
Parbhani,PEARL MILLET,2002,10.4,555.8,22.0,-12.07997297680246,450.0,596.0466666666667,128.5975086591235,846.15,41.96036104555569,0.5581510171485236,Low
Parbhani,PEARL MILLET,2003,10.8,321.6,22.19,-49.12723877175183,846.15,647.3266666666667,198.07924079351,722.22,11.56963511467677,0.6805747986646823,High
Parbhani,PEARL MILLET,2004,11.3,464.8,21.3940625,-26.474939617880132,722.22,672.7900000000001,202.64796890173847,557.52,-17.133132180918277,0.7081703776726025,High
Parbhani,PEARL MILLET,2005,6.8,1175.8,21.3184375,85.9956239184521,557.52,708.6300000000001,144.79411348532076,632.35,-10.76443277874209,0.5226106606433131,Low
Parbhani,PEARL MILLET,2006,7.0,812.9,21.515625,28.58976244540713,632.35,637.3633333333333,82.4643719028608,571.43,-10.344701347739917,0.6093693425639151,Medium
Parbhani,PEARL MILLET,2007,6.5,638.3,21.8228125,0.9704088681306046,571.43,587.1,39.800048994945236,680.0,15.823539431102022,0.5948507387521107,Medium
Parbhani,PEARL MILLET,2008,6.4,540.2,21.6,-14.547681543844334,680.0,627.9266666666667,54.41999295602074,718.75,14.464003227553098,0.6214950519788411,Medium
Parbhani,PEARL MILLET,2009,6.8,571.6,22.33,-9.58062712043951,718.75,656.7266666666668,76.36773948031546,523.53,-20.281903176359542,0.6891923481105654,High
Parbhani,PEARL MILLET,2012,5.6,567.8,21.973125,-10.18173561753947,523.53,640.7600000000001,103.35639941484033,723.21,12.86753230538734,0.6182865618098238,Medium
Parbhani,PEARL MILLET,2013,3.2,791.4,21.794375,25.188753843394274,723.21,655.1633333333334,114.01961994908307,625.0,-4.603941001989337,0.6021249225306944,Medium
Parbhani,PEARL MILLET,2014,4.2,327.8,22.501875,-48.146482802799284,625.0,623.9133333333334,99.84443516457664,95.24,-84.73505935653456,0.8877371959203699,High
Parbhani,PEARL MILLET,2015,4.7,263.7,22.501875,-58.28623403019577,95.24,481.15000000000003,337.7960880472123,170.21,-64.62433752468047,0.8596490168454618,High
Parbhani,PEARL MILLET,2016,2.84,417.1882352941177,20.89597426470588,-34.006475493308876,170.21,296.81666666666666,286.67638624995504,442.25,48.99769779325061,0.5763887946535902,Low
Parbhani,PEARL MILLET,2017,1.65,417.1882352941177,20.89597426470588,-34.006475493308876,442.25,235.9,182.59344758232723,356.97,51.322594319626965,0.5713515188464581,Low
Parbhani,PIGEONPEA,1999,73.9,769.6,21.21,21.740289307399845,766.71,408.01500000000004,507.27133375541734,552.1,35.313652684337576,0.520903169866693,Low
Parbhani,PIGEONPEA,2000,77.4,1073.1,21.94,69.74987585209298,552.1,456.04333333333335,368.2149717669467,456.07,0.005847397542625864,0.5240849567972191,Low
Parbhani,PIGEONPEA,2001,77.4,766.4,21.74,21.23409267826304,456.07,591.6266666666667,159.04738423920514,616.28,4.167042278914627,0.5891605371072456,Medium
Parbhani,PIGEONPEA,2002,83.6,555.8,22.0,-12.07997297680246,616.28,541.4833333333332,80.63092603544466,619.62,14.430114808088915,0.6177998839961694,Medium
Parbhani,PIGEONPEA,2003,83.4,321.6,22.19,-49.12723877175183,619.62,563.99,93.47638043912491,587.53,4.17383286937711,0.6965990368627781,High
Parbhani,PIGEONPEA,2004,88.4,464.8,21.3940625,-26.474939617880132,587.53,607.81,17.64221357993414,438.91,-27.788289103502727,0.7312565510047918,High
Parbhani,PIGEONPEA,2005,71.3,1175.8,21.3184375,85.9956239184521,438.91,548.6866666666666,96.41384461441909,653.58,19.117164623403784,0.4578671996055461,Low
Parbhani,PIGEONPEA,2006,83.9,812.9,21.515625,28.58976244540713,653.58,560.0066666666667,109.94977323002243,722.29,28.97882168069427,0.5241683760025917,Low
Parbhani,PIGEONPEA,2007,90.2,638.3,21.8228125,0.9704088681306046,722.29,604.9266666666666,147.8222453940318,947.89,56.69502639438391,0.5062958503319617,Low
Parbhani,PIGEONPEA,2008,90.8,540.2,21.6,-14.547681543844334,947.89,774.5866666666666,153.96687966356072,628.85,-18.81476572451543,0.6935990513747492,High
Parbhani,PIGEONPEA,2009,84.6,571.6,22.33,-9.58062712043951,628.85,766.3433333333332,164.01875665097995,746.1,-2.64154882711403,0.6509715803539942,Medium
Parbhani,PIGEONPEA,2012,106.7,567.8,21.973125,-10.18173561753947,746.1,774.2799999999999,161.376004102221,859.89,11.05672366585733,0.6222099805287924,Medium
Parbhani,PIGEONPEA,2013,109.4,791.4,21.794375,25.188753843394274,859.89,744.9466666666667,115.52431793061314,787.02,5.64783161210645,0.5799127485335609,Low
Parbhani,PIGEONPEA,2014,109.7,327.8,22.501875,-48.146482802799284,787.02,797.67,57.63772983038165,297.17,-62.745245527599124,0.8400925992911686,High
Parbhani,PIGEONPEA,2015,111.8,263.7,22.501875,-58.28623403019577,297.17,648.0266666666666,306.0274654885299,203.94,-68.52907287765936,0.8681092767768879,High
Parbhani,PIGEONPEA,2016,129.13,417.1882352941177,20.89597426470588,-34.006475493308876,203.94,429.37666666666655,313.21641660892135,1156.81,169.41613035951346,0.31548219076089024,Low
Parbhani,PIGEONPEA,2017,130.3,417.1882352941177,20.89597426470588,-34.006475493308876,1156.81,552.6399999999999,525.2989624014119,1089.79,97.19709033005215,0.4719567774908682,Low
Parbhani,RICE,1999,24.1,769.6,21.21,21.740289307399845,449.78,455.155,7.601397897755386,547.72,20.337028045391143,0.5533525232509688,Low
Parbhani,RICE,2000,24.3,1073.1,21.94,69.74987585209298,547.72,486.01,53.71204427314235,502.06,3.302401185160801,0.5169424235907369,Low
Parbhani,RICE,2001,24.1,766.4,21.74,21.23409267826304,502.06,499.8533333333333,49.00727428998001,622.41,24.518525434127348,0.545065656937765,Low
Parbhani,RICE,2002,25.3,555.8,22.0,-12.07997297680246,622.41,557.3966666666666,60.75573251416956,553.36,-0.7242000011960303,0.6506342327495107,Medium
Parbhani,RICE,2003,19.1,321.6,22.19,-49.12723877175183,553.36,559.2766666666666,60.39276308742066,439.79,-21.364500575147655,0.751932092659064,High
Parbhani,RICE,2004,17.7,464.8,21.3940625,-26.474939617880132,439.79,538.5200000000001,92.21000650688617,276.84,-48.59243853524476,0.7763322081067493,High
Parbhani,RICE,2005,11.5,1175.8,21.3184375,85.9956239184521,276.84,423.33,138.99290017839053,365.22,-13.726879739210535,0.5290292957243067,Low
Parbhani,RICE,2006,12.1,812.9,21.515625,28.58976244540713,365.22,360.6166666666666,81.57247472850989,429.75,19.170864722466163,0.5454189494120151,Low
Parbhani,RICE,2007,11.3,638.3,21.8228125,0.9704088681306046,429.75,357.27,76.7643725956257,419.47,17.409802110448695,0.5914138362802044,Medium
Parbhani,RICE,2008,6.3,540.2,21.6,-14.547681543844334,419.47,404.81333333333333,34.671943027949254,349.21,-13.735548894963939,0.6825940815774243,High
Parbhani,RICE,2009,4.3,571.6,22.33,-9.58062712043951,349.21,399.4766666666667,43.83460885343182,351.16,-12.094990946488322,0.6714540382792369,Medium
Parbhani,RICE,2012,2.0,567.8,21.973125,-10.18173561753947,351.16,373.28000000000003,40.01359394006041,165.0,-55.79725675096443,0.7670602714314234,High
Parbhani,RICE,2013,0.7,791.4,21.794375,25.188753843394274,165.0,288.45666666666665,106.92105514506206,428.57,48.57344257369681,0.4869072581170917,Low
Parbhani,RICE,2014,0.3,327.8,22.501875,-48.146482802799284,428.57,314.91,135.47262860076222,0.0,-100.0,0.9208112339811014,High
Parbhani,RICE,2016,0.02,417.1882352941177,20.89597426470588,-34.006475493308876,0.0,197.85666666666665,216.16598167457667,200.0,1.0832757720235247,0.6802033756992361,High
Parbhani,SESAMUM,1999,6.0,769.6,21.21,21.740289307399845,211.27,205.635,7.969093423972408,216.67,5.366304374255354,0.5857890912049882,Medium
Parbhani,SESAMUM,2000,6.8,1073.1,21.94,69.74987585209298,216.67,209.31333333333336,8.505506059802286,191.18,-8.66324808102686,0.5428679970007237,Low
Parbhani,SESAMUM,2001,7.1,766.4,21.74,21.23409267826304,191.18,206.37333333333333,13.431978012687978,408.45,97.91801266313477,0.38603343460877904,Low
Parbhani,SESAMUM,2002,7.1,555.8,22.0,-12.07997297680246,408.45,272.09999999999997,118.76837499940797,380.28,39.75744211686881,0.5629240081606625,Low
Parbhani,SESAMUM,2003,8.7,321.6,22.19,-49.12723877175183,380.28,326.6366666666666,118.15146479554673,298.85,-8.506903695237291,0.7240739660860178,High
Parbhani,SESAMUM,2004,8.2,464.8,21.3940625,-26.474939617880132,298.85,362.52666666666664,56.91595236252585,182.93,-49.540263704738955,0.7783858293073131,High
Parbhani,SESAMUM,2005,10.2,1175.8,21.3184375,85.9956239184521,182.93,287.3533333333333,99.1760335632219,264.71,-7.879961951604292,0.516360973851202,Low
Parbhani,SESAMUM,2006,5.6,812.9,21.515625,28.58976244540713,264.71,248.83,59.569223597424795,160.71,-35.41373628581763,0.6636855849295691,Medium
Parbhani,SESAMUM,2007,5.4,638.3,21.8228125,0.9704088681306046,160.71,202.78333333333333,54.76875143120686,203.7,0.45204240979698723,0.6281556489648272,Medium
Parbhani,SESAMUM,2008,4.1,540.2,21.6,-14.547681543844334,203.7,209.70666666666668,52.25954490170502,170.73,-18.58627924720245,0.6931039973405728,High
Parbhani,SESAMUM,2009,4.8,571.6,22.33,-9.58062712043951,170.73,178.38,22.49281885402517,239.58,34.30877901109991,0.5709125367047976,Low
Parbhani,SESAMUM,2012,4.9,567.8,21.973125,-10.18173561753947,239.58,204.67,34.43524792999162,228.57,11.6773342453706,0.6208653242731847,Medium
Parbhani,SESAMUM,2013,6.1,791.4,21.794375,25.188753843394274,228.57,212.96,36.98424935023006,240.98,13.157400450788872,0.5636420160498031,Low
Parbhani,SESAMUM,2015,4.56,263.7,22.501875,-58.28623403019577,240.98,236.37666666666667,6.7969135152160165,74.56,-68.45712351754966,0.8679533864966507,High
Parbhani,SESAMUM,2016,3.54,417.1882352941177,20.89597426470588,-34.006475493308876,74.56,181.36999999999998,92.70805844153996,173.45,-4.366764073441026,0.69201179536437,High
Parbhani,SESAMUM,2017,1.6,417.1882352941177,20.89597426470588,-34.006475493308876,173.45,162.99666666666667,83.70100497206305,142.59,-12.51968342910898,0.7096764539682582,High
Parbhani,SOYABEAN,1999,24.3,769.6,21.21,21.740289307399845,944.44,1012.5450000000001,96.31501466541967,1773.66,75.16851102913944,0.43455097678657684,Low
Parbhani,SOYABEAN,2000,31.8,1073.1,21.94,69.74987585209298,1773.66,1266.25,444.676255381373,1154.09,-8.857650542941764,0.5432892023348713,Low
Parbhani,SOYABEAN,2001,41.3,766.4,21.74,21.23409267826304,1154.09,1290.73,431.1662316323022,1331.72,3.1757222656946076,0.5913083971358818,Medium
Parbhani,SOYABEAN,2002,58.9,555.8,22.0,-12.07997297680246,1331.72,1419.8233333333335,319.04293478046714,1618.0,13.957839825142552,0.6188231464592164,Medium
Parbhani,SOYABEAN,2003,159.6,321.6,22.19,-49.12723877175183,1618.0,1367.9366666666667,234.06592497271654,1562.66,14.234820812854398,0.6748002296519835,High
Parbhani,SOYABEAN,2004,177.8,464.8,21.3940625,-26.474939617880132,1562.66,1504.1266666666668,151.85082460537853,752.53,-49.968974244190434,0.7793147021427883,High
Parbhani,SOYABEAN,2005,208.1,1175.8,21.3184375,85.9956239184521,752.53,1311.0633333333333,484.4948319985812,1204.23,-8.148602025328037,0.5169430273442682,Low
Parbhani,SOYABEAN,2006,209.5,812.9,21.515625,28.58976244540713,1204.23,1173.14,405.9588591224486,981.38,-16.345875172613678,0.6223718858510983,Medium
Parbhani,SOYABEAN,2007,193.6,638.3,21.8228125,0.9704088681306046,981.38,979.38,225.8566414786157,1623.97,65.81612857113684,0.48653346228239625,Low
Parbhani,SOYABEAN,2008,203.9,540.2,21.6,-14.547681543844334,1623.97,1269.86,326.28354187730656,691.03,-45.5821901626951,0.7515951376572785,High
Parbhani,SOYABEAN,2009,240.9,571.6,22.33,-9.58062712043951,691.03,1098.7933333333333,477.4240034113632,854.71,-22.21376176290354,0.6933780417147302,High
Parbhani,SOYABEAN,2012,285.8,567.8,21.973125,-10.18173561753947,854.71,1056.57,498.1514384200851,1657.24,56.850942199759615,0.5229891737056681,Low
Parbhani,SOYABEAN,2013,309.0,791.4,21.794375,25.188753843394274,1657.24,1067.66,517.1085165610792,1166.67,9.273551505160817,0.5720570220986358,Low
Parbhani,SOYABEAN,2014,292.3,327.8,22.501875,-48.146482802799284,1166.67,1226.2066666666667,404.56403848257867,299.35,-75.58731263354193,0.8679170780206187,High
Parbhani,SOYABEAN,2015,320.8,263.7,22.501875,-58.28623403019577,299.35,1041.0866666666666,687.6006786161088,358.17,-65.59652414464374,0.8617554211887084,High
Parbhani,SOYABEAN,2016,408.83,417.1882352941177,20.89597426470588,-34.006475493308876,358.17,608.0633333333334,484.6607103256183,1037.34,70.5973610205077,0.5295895243280224,Low
Parbhani,SOYABEAN,2017,405.47,417.1882352941177,20.89597426470588,-34.006475493308876,1037.34,564.9533333333333,410.15462966219553,989.18,75.09056795251526,0.5198542426420385,Low
Parbhani,SUGARCANE,1999,30.9,769.6,21.21,21.740289307399845,7598.27,8123.76,743.1550848914374,8199.68,0.9345426255822437,0.5953912416604146,Medium
Parbhani,SUGARCANE,2000,28.7,1073.1,21.94,69.74987585209298,8199.68,8149.066666666667,527.3149175145087,6650.87,-18.384886612781834,0.5639315471527894,Low
Parbhani,SUGARCANE,2001,28.5,766.4,21.74,21.23409267826304,6650.87,7482.94,780.8193521551578,8230.88,9.995269239095858,0.576532712026895,Low
Parbhani,SUGARCANE,2002,32.1,555.8,22.0,-12.07997297680246,8230.88,7693.81,903.3472436997855,6641.74,-13.67423942104108,0.6786926514924146,High
Parbhani,SUGARCANE,2003,27.2,321.6,22.19,-49.12723877175183,6641.74,7174.496666666666,914.8661920922278,6110.66,-14.828032071007065,0.7377697442334734,High
Parbhani,SUGARCANE,2004,15.8,464.8,21.3940625,-26.474939617880132,6110.66,6994.426666666666,1103.2334864992695,5830.38,-16.642488686230173,0.7071073167674484,High
Parbhani,SUGARCANE,2005,18.7,1175.8,21.3184375,85.9956239184521,5830.38,6194.259999999999,412.08977468508306,6894.65,11.307081071831023,0.4747890473005641,Low
Parbhani,SUGARCANE,2006,35.6,812.9,21.515625,28.58976244540713,6894.65,6278.563333333333,551.6441835398391,7687.08,22.433741476951482,0.5383493831106538,Low
Parbhani,SUGARCANE,2007,36.6,638.3,21.8228125,0.9704088681306046,7687.08,6804.036666666667,931.6607776617707,7117.76,4.610841309399175,0.6191449180157191,Medium
Parbhani,SUGARCANE,2008,20.4,540.2,21.6,-14.547681543844334,7117.76,7233.163333333333,408.6254681653301,6090.2,-15.801707782072297,0.6870707591661442,High
Parbhani,SUGARCANE,2009,18.9,571.6,22.33,-9.58062712043951,6090.2,6965.013333333333,809.3238484891789,7016.4,0.7377827465274005,0.6436496952777955,Medium
Parbhani,SUGARCANE,2012,26.0,567.8,21.973125,-10.18173561753947,7016.4,6741.453333333334,566.2743509407214,7272.69,7.880150472005034,0.6290925557821161,Medium
Parbhani,SUGARCANE,2013,43.1,791.4,21.794375,25.188753843394274,7272.69,6793.096666666667,622.068271199661,7114.15,4.726170538816598,0.5819096808590155,Low
Parbhani,SUGARCANE,2014,41.8,327.8,22.501875,-48.146482802799284,7114.15,7134.413333333333,129.3409951768386,5820.33,-18.418940309971756,0.7440522713199629,High
Parbhani,SUGARCANE,2015,43.7,263.7,22.501875,-58.28623403019577,5820.33,6735.723333333332,796.707254224119,2806.41,-58.33543242324383,0.8460230557923945,High
Parbhani,SUGARCANE,2016,14.0,417.1882352941177,20.89597426470588,-34.006475493308876,2806.41,5246.963333333333,2210.366027999285,6366.53,21.33742120045309,0.6363193939377849,Medium
Parbhani,SUGARCANE,2017,34.5,417.1882352941177,20.89597426470588,-34.006475493308876,6366.53,4997.756666666666,1917.3115996450176,4178.26,-16.397290250892553,0.718077935415428,High
Parbhani,SUNFLOWER,1999,27.8,769.6,21.21,21.740289307399845,520.0,449.91999999999996,99.10808645110654,622.3,38.313477951635846,0.5144035484542352,Low
Parbhani,SUNFLOWER,2000,29.3,1073.1,21.94,69.74987585209298,622.3,507.37999999999994,121.72165460590817,621.16,22.42500689818283,0.4755101112126606,Low
Parbhani,SUNFLOWER,2001,24.2,766.4,21.74,21.23409267826304,621.16,587.82,58.736608686576545,603.31,2.6351604232588026,0.5924796144611555,Medium
Parbhani,SUNFLOWER,2002,27.2,555.8,22.0,-12.07997297680246,603.31,615.59,10.650056337880333,628.68,2.1264153088906443,0.6444578995776767,Medium
Parbhani,SUNFLOWER,2003,26.8,321.6,22.19,-49.12723877175183,628.68,617.7166666666666,13.03079557561082,638.06,3.2933113887165146,0.698506833404203,High
Parbhani,SUNFLOWER,2004,26.4,464.8,21.3940625,-26.474939617880132,638.06,623.3499999999999,17.977688950474857,446.97,-28.295500120317623,0.732355508207887,High
Parbhani,SUNFLOWER,2005,30.1,1175.8,21.3184375,85.9956239184521,446.97,571.2366666666666,107.72023687930388,554.82,-2.8738818119751626,0.5055144668820417,Low
Parbhani,SUNFLOWER,2006,29.7,812.9,21.515625,28.58976244540713,554.82,546.6166666666667,95.80875760249342,581.48,6.378022380095742,0.5731367744870586,Low
Parbhani,SUNFLOWER,2007,24.8,638.3,21.8228125,0.9704088681306046,581.48,527.7566666666667,71.22185783404798,783.87,48.52867798922483,0.5239896052097475,Low
Parbhani,SUNFLOWER,2008,16.7,540.2,21.6,-14.547681543844334,783.87,640.0566666666667,125.25731528870229,586.83,-8.31593036033268,0.6708515747524291,Medium
Parbhani,SUNFLOWER,2009,14.8,571.6,22.33,-9.58062712043951,586.83,650.7266666666666,115.33653381879212,487.84,-25.031503242528856,0.6994831482538979,High
Parbhani,SUNFLOWER,2012,4.0,567.8,21.973125,-10.18173561753947,487.84,619.5133333333333,150.69701534314933,502.5,-18.8879443003648,0.6870900944553907,High
Parbhani,SUNFLOWER,2013,3.6,791.4,21.794375,25.188753843394274,502.5,525.7233333333334,53.42515730752118,527.78,0.39120703538615653,0.5913021017830835,Medium
Parbhani,SUNFLOWER,2014,1.4,327.8,22.501875,-48.146482802799284,527.78,506.03999999999996,20.203950108828916,214.29,-57.65354517429453,0.8290605818590455,High
Parbhani,SUNFLOWER,2015,0.52,263.7,22.501875,-58.28623403019577,214.29,414.85666666666674,174.15513323853938,76.92,-81.45865640341644,0.8961233744159347,High
Parbhani,SUNFLOWER,2016,0.22,417.1882352941177,20.89597426470588,-34.006475493308876,76.92,272.9966666666667,231.09205835193347,945.21,246.2349967643072,0.2492171398733903,Low
Parbhani,SUNFLOWER,2017,0.01,417.1882352941177,20.89597426470588,-34.006475493308876,945.21,412.14000000000004,466.7337012687214,333.33,-19.122142961129725,0.7239817829542555,High
Pune,COTTON,1999,0.4,684.7,20.19,6.854757965185719,300.0,400.0,141.4213562373095,600.0,50.0,0.5118153814123801,Low
Pune,COTTON,2000,0.7,395.1,20.73,-38.34041934855429,600.0,466.6666666666667,152.75252316519467,385.71,-17.34785714285715,0.7267561351404362,High
Pune,COTTON,2001,0.2,621.1,20.418125,-3.070702245980944,385.71,428.57,154.52422043162036,350.0,-18.3330611102037,0.6750281414284569,High
Pune,COTTON,2002,0.2,390.4,20.59,-39.073904615731706,350.0,445.2366666666667,135.2130468310412,450.0,1.069843004843863,0.6879712696178089,High
Pune,COTTON,2003,0.1,358.3,20.88,-44.08345292985827,450.0,395.2366666666667,50.676109098206624,500.0,26.50648134872776,0.640508949374754,Medium
Pune,COTTON,2004,0.1,704.4,20.1540625,9.929153659525067,500.0,433.3333333333333,76.37626158259738,300.0,-30.769230769230766,0.6821202784672596,High
Pune,COTTON,2005,0.1,999.4,20.24,55.96705872704337,300.0,416.6666666666667,104.0832999733067,500.0,19.999999999999996,0.5018128993489206,Low
Pune,COTTON,2006,0.1,977.6,20.17,52.56493557290135,500.0,433.3333333333333,115.4700538379252,300.0,-30.769230769230766,0.617008495500377,Medium
Pune,COTTON,2007,0.1,623.6,20.8090625,-2.6805505081206187,300.0,366.6666666666667,115.4700538379252,300.0,-18.181818181818183,0.6741046231701874,High
Pune,COTTON,2008,0.1,635.1,20.35,-0.8858525139631257,300.0,366.6666666666667,115.4700538379252,500.0,36.36363636363636,0.5531820088536271,Low
Pune,FINGER MILLET,1999,12.7,684.7,20.19,6.854757965185719,688.52,746.915,82.58300097477685,984.25,31.775369352603715,0.5513020811482738,Low
Pune,FINGER MILLET,2000,12.5,395.1,20.73,-38.34041934855429,984.25,826.0266666666666,148.9494660391011,896.0,8.471074380165293,0.6708151168407408,Medium
Pune,FINGER MILLET,2001,11.7,621.1,20.418125,-3.070702245980944,896.0,856.2566666666667,151.81800826428113,829.06,-3.176228311604392,0.6421883370316013,Medium
Pune,FINGER MILLET,2002,12.0,390.4,20.59,-39.073904615731706,829.06,903.1033333333334,77.83846756799198,858.33,-4.957719862252748,0.7010309891631413,High
Pune,FINGER MILLET,2003,13.0,358.3,20.88,-44.08345292985827,858.33,861.13,33.557724893085435,800.0,-7.098812026058783,0.7133204183532156,High
Pune,FINGER MILLET,2004,13.6,704.4,20.1540625,9.929153659525067,800.0,829.13,29.165063003532218,808.82,-2.4495555582357347,0.620760982176975,Medium
Pune,FINGER MILLET,2005,12.7,999.4,20.24,55.96705872704337,808.82,822.3833333333333,31.441536752094926,803.15,-2.338730924345907,0.5502134830181754,Low
Pune,FINGER MILLET,2006,13.8,977.6,20.17,52.56493557290135,803.15,803.9900000000001,4.469597297296477,688.41,-14.375800694038501,0.5814893970042454,Low
Pune,FINGER MILLET,2007,12.5,623.6,20.8090625,-2.6805505081206187,688.41,766.7933333333334,67.94113211695353,889.6,16.015614811465923,0.6000101850183188,Medium
Pune,FINGER MILLET,2008,9.1,635.1,20.35,-0.8858525139631257,889.6,793.7199999999999,100.92595156846428,1010.99,27.37363301920074,0.5726603494331728,Low
Pune,FINGER MILLET,2009,9.4,732.2,20.75,14.267640984531887,1010.99,863.0,162.92677527036489,665.96,-22.831981460023172,0.6582973282199659,Medium
Pune,FINGER MILLET,2012,10.6,614.1,20.81875,-4.163127111989852,665.96,855.5166666666668,175.02194271957245,1103.77,29.017942374003997,0.5741026112373012,Low
Pune,FINGER MILLET,2013,10.6,791.5,20.320625,23.522040206578783,1103.77,926.9066666666668,230.698730454533,1283.02,38.41954601685893,0.511452710500477,Low
Pune,FINGER MILLET,2014,12.1,864.4,20.77,34.89886488258585,1283.02,1017.5833333333334,317.4300978693313,1090.91,7.205961837687336,0.5617078786926817,Low
Pune,FINGER MILLET,2015,3.2,435.6,20.77,-32.019961195217036,1090.91,1159.2333333333333,107.39506056301312,843.75,-27.21482589067487,0.7384821984296505,High
Pune,FINGER MILLET,2016,3.5,417.1882352941177,20.89597426470588,-34.89331399404718,843.75,1072.5600000000002,220.20916216179555,828.57,-22.748377713134936,0.7331929717447447,High
Pune,FINGER MILLET,2017,2.7,417.1882352941177,20.89597426470588,-34.89331399404718,828.57,921.0766666666667,147.2756902320725,814.81,-11.537222742949385,0.7089021359760903,High
Pune,GROUNDNUT,1999,54.3,684.7,20.19,6.854757965185719,1521.07,1450.5349999999999,99.75155362198629,1272.56,-12.269610867714322,0.6467328716253116,Medium
Pune,GROUNDNUT,2000,53.8,395.1,20.73,-38.34041934855429,1272.56,1391.21,124.63367562581145,1232.34,-11.419555638616751,0.7139114818812915,High
Pune,GROUNDNUT,2001,47.6,621.1,20.418125,-3.070702245980944,1232.34,1341.99,156.38621070925646,1287.82,-4.036542746220171,0.6440523516399292,Medium
Pune,GROUNDNUT,2002,45.0,390.4,20.59,-39.073904615731706,1287.82,1264.2399999999998,28.660502438023247,1024.44,-18.967917484022003,0.7313864173435402,High
Pune,GROUNDNUT,2003,47.7,358.3,20.88,-44.08345292985827,1024.44,1181.5333333333335,138.84611673839927,1176.1,-0.45985442645152796,0.6989360102207811,High
Pune,GROUNDNUT,2004,52.5,704.4,20.1540625,9.929153659525067,1176.1,1162.7866666666666,132.1937582994492,994.29,-14.49076356798037,0.6468502661980013,Medium
Pune,GROUNDNUT,2005,51.2,999.4,20.24,55.96705872704337,994.29,1064.9433333333334,97.43771874039906,974.61,-8.48245446549582,0.563524884023956,Low
Pune,GROUNDNUT,2006,51.1,977.6,20.17,52.56493557290135,974.61,1048.3333333333333,111.0858516343692,855.19,-18.42384737678854,0.5902601648168413,Medium
Pune,GROUNDNUT,2007,49.7,623.6,20.8090625,-2.6805505081206187,855.19,941.3633333333333,75.2742195797003,1165.19,23.776862635397602,0.5831941480665229,Low
Pune,GROUNDNUT,2008,34.9,635.1,20.35,-0.8858525139631257,1165.19,998.33,156.35529668034815,1037.25,3.8985105125559647,0.6235231148640669,Medium
Pune,GROUNDNUT,2009,39.0,732.2,20.75,14.267640984531887,1037.25,1019.21,155.78536901776016,1049.23,2.9454185104149273,0.6024462949508695,Medium
Pune,GROUNDNUT,2012,44.6,614.1,20.81875,-4.163127111989852,1049.23,1083.89,70.66220772095791,970.63,-10.449399846847935,0.6596151860488622,Medium
Pune,GROUNDNUT,2013,54.1,791.5,20.320625,23.522040206578783,970.63,1019.0366666666667,42.34718566012443,966.73,-5.132952363506716,0.6058164569909547,Medium
Pune,GROUNDNUT,2014,56.1,864.4,20.77,34.89886488258585,966.73,995.5300000000001,46.5464284344103,1106.95,11.192028366799589,0.5530714012129673,Low
Pune,GROUNDNUT,2015,25.6,435.6,20.77,-32.019961195217036,1106.95,1014.77,79.85403433765705,1519.53,49.741320693359086,0.5717438808314661,Low
Pune,GROUNDNUT,2016,21.8,417.1882352941177,20.89597426470588,-34.89331399404718,1519.53,1197.7366666666667,287.3649667815012,1293.58,8.002037175672998,0.6665670728192163,Medium
Pune,GROUNDNUT,2017,21.69,417.1882352941177,20.89597426470588,-34.89331399404718,1293.58,1306.6866666666665,206.6020392768025,1065.2,-18.48083957898602,0.7239466391207863,High
Pune,KHARIF SORGHUM,1999,3.2,684.7,20.19,6.854757965185719,1400.0,1320.97,111.76529783434566,875.0,-33.76079699009062,0.6932971082236383,High
Pune,KHARIF SORGHUM,2000,3.0,395.1,20.73,-38.34041934855429,875.0,1172.3133333333333,269.3365079845904,800.0,-31.758858553174065,0.7579799715293521,High
Pune,KHARIF SORGHUM,2001,3.2,621.1,20.418125,-3.070702245980944,800.0,1025.0,326.9174207655505,687.5,-32.926829268292686,0.7066479724375444,High
Pune,KHARIF SORGHUM,2002,3.0,390.4,20.59,-39.073904615731706,687.5,787.5,94.37293044088429,533.33,-32.27555555555555,0.7602196331651001,High
Pune,KHARIF SORGHUM,2003,2.9,358.3,20.88,-44.08345292985827,533.33,673.61,133.87651511747674,1586.21,135.4789863570909,0.40440185519075433,Low
Pune,KHARIF SORGHUM,2004,3.2,704.4,20.1540625,9.929153659525067,1586.21,935.68,568.6247074301292,1062.5,13.55377906976745,0.5860870904830835,Medium
Pune,KHARIF SORGHUM,2005,3.2,999.4,20.24,55.96705872704337,1062.5,1060.68,526.4423595228636,1031.25,-2.7746351397216937,0.5511579421514865,Low
Pune,KHARIF SORGHUM,2006,3.0,977.6,20.17,52.56493557290135,1031.25,1226.6533333333334,311.77698445095876,633.33,-48.36927575299732,0.6551419262984106,Medium
Pune,KHARIF SORGHUM,2007,3.0,623.6,20.8090625,-2.6805505081206187,633.33,909.0266666666666,239.2710380161656,800.0,-11.99378089384983,0.6606972090463006,Medium
Pune,KHARIF SORGHUM,2008,2.8,635.1,20.35,-0.8858525139631257,800.0,821.5266666666666,199.8315031053246,1142.86,39.114169554244526,0.547222520273996,Low
Pune,KHARIF SORGHUM,2009,9.9,732.2,20.75,14.267640984531887,1142.86,858.73,259.79244581011204,1053.54,22.68582674414542,0.559675410444596,Low
Pune,KHARIF SORGHUM,2012,4.0,614.1,20.81875,-4.163127111989852,1053.54,998.8000000000001,177.86398061440113,855.0,-14.3972767320785,0.6681689193001664,Medium
Pune,KHARIF SORGHUM,2013,3.2,791.5,20.320625,23.522040206578783,855.0,1017.1333333333333,147.34289576811435,843.75,-17.04627384151537,0.6316286535265541,Medium
Pune,KHARIF SORGHUM,2014,3.5,864.4,20.77,34.89886488258585,843.75,917.43,118.00885432881746,485.71,-47.057541174803525,0.67927880188602,High
Pune,KHARIF SORGHUM,2015,1.4,435.6,20.77,-32.019961195217036,485.71,728.1533333333333,210.03742055484636,714.29,-1.9039030240883346,0.6836418655522292,High
Pune,KHARIF SORGHUM,2016,1.8,417.1882352941177,20.89597426470588,-34.89331399404718,714.29,681.25,181.29228224058537,222.22,-67.38055045871559,0.8298960126931805,High
Pune,KHARIF SORGHUM,2017,1.7,417.1882352941177,20.89597426470588,-34.89331399404718,222.22,474.0733333333333,246.2413048887887,941.18,98.53046645385383,0.470422142717145,Low
Pune,MAIZE,1999,15.0,684.7,20.19,6.854757965185719,1712.23,1604.46,152.40979561694843,1493.33,-6.926317888884741,0.635155736837886,Medium
Pune,MAIZE,2000,16.2,395.1,20.73,-38.34041934855429,1493.33,1567.4166666666667,125.42327747803971,932.1,-40.53272369610293,0.7769900126723013,High
Pune,MAIZE,2001,15.3,621.1,20.418125,-3.070702245980944,932.1,1379.22,402.38852282340275,1686.27,22.262583199199543,0.5870709120917097,Medium
Pune,MAIZE,2002,14.9,390.4,20.59,-39.073904615731706,1686.27,1370.5666666666666,391.78594185260584,1912.75,39.55906316122286,0.6045779592792656,Medium
Pune,MAIZE,2003,10.4,358.3,20.88,-44.08345292985827,1912.75,1510.3733333333332,513.4426293495052,1740.38,15.228464485601808,0.6649446525781122,Medium
Pune,MAIZE,2004,15.3,704.4,20.1540625,9.929153659525067,1740.38,1779.8,118.27404575814487,2205.23,23.903247555905164,0.5636632420965266,Low
Pune,MAIZE,2005,16.5,999.4,20.24,55.96705872704337,2205.23,1952.7866666666669,234.99698217920348,2212.12,13.280167145754085,0.5163725371997383,Low
Pune,MAIZE,2006,18.3,977.6,20.17,52.56493557290135,2212.12,2052.5766666666664,270.3921911471053,2325.14,13.279081739537144,0.5215704850650313,Low
Pune,MAIZE,2007,16.6,623.6,20.8090625,-2.6805505081206187,2325.14,2247.4966666666664,67.32929105027276,2721.69,21.098733553924454,0.588996761076362,Medium
Pune,MAIZE,2008,17.4,635.1,20.35,-0.8858525139631257,2721.69,2419.65,267.6088587846051,2424.14,0.18556402785525927,0.6315678322475582,Medium
Pune,MAIZE,2009,16.7,732.2,20.75,14.267640984531887,2424.14,2490.3233333333333,206.39319473599875,2531.74,1.6631039878355764,0.6052246430831155,Medium
Pune,MAIZE,2012,25.22,614.1,20.81875,-4.163127111989852,2531.74,2559.19,150.66229621241823,2619.35,2.3507437900273076,0.6318815415023915,Medium
Pune,MAIZE,2013,31.9,791.5,20.320625,23.522040206578783,2619.35,2525.0766666666664,97.77543675858385,2880.88,14.090793282844235,0.5641650080906665,Low
Pune,MAIZE,2014,36.0,864.4,20.77,34.89886488258585,2880.88,2677.3233333333333,181.6462645730207,3705.56,38.40539743051829,0.49410910157510657,Low
Pune,MAIZE,2015,37.2,435.6,20.77,-32.019961195217036,3705.56,3068.596666666667,566.9137511415048,2373.66,-22.646725593349412,0.7285846477854784,High
Pune,MAIZE,2016,42.6,417.1882352941177,20.89597426470588,-34.89331399404718,2373.66,2986.6999999999994,672.2260087202804,6042.25,102.30521980781468,0.462243510450257,Low
Pune,MAIZE,2017,47.33,417.1882352941177,20.89597426470588,-34.89331399404718,6042.25,4040.4900000000002,1857.0868923397206,3097.53,-23.33776348908177,0.734469974259292,High
Pune,MINOR PULSES,1999,34.6,684.7,20.19,6.854757965185719,421.88,371.925,70.64703850834795,465.32,25.11124554681723,0.5657410160607631,Low
Pune,MINOR PULSES,2000,49.8,395.1,20.73,-38.34041934855429,465.32,403.0566666666667,73.50540138883217,379.52,-5.839542826897795,0.7018214541226075,High
Pune,MINOR PULSES,2001,35.0,621.1,20.418125,-3.070702245980944,379.52,422.24,42.90113285217536,345.71,-18.12476316786662,0.6745768292200615,High
Pune,MINOR PULSES,2002,31.1,390.4,20.59,-39.073904615731706,345.71,396.84999999999997,61.65942507030051,363.34,-8.443996472218721,0.7085845884847091,High
Pune,MINOR PULSES,2003,17.3,358.3,20.88,-44.08345292985827,363.34,362.8566666666666,16.910181351284724,375.72,3.5450177756138976,0.6902587871163349,High
Pune,MINOR PULSES,2004,30.6,704.4,20.1540625,9.929153659525067,375.72,361.59,15.081342778413504,271.24,-24.986863574766993,0.6695918162126299,Medium
Pune,MINOR PULSES,2005,30.7,999.4,20.24,55.96705872704337,271.24,336.76666666666665,57.084359796124026,333.88,-0.8571711372859515,0.5470034368128895,Low
Pune,MINOR PULSES,2006,36.16,977.6,20.17,52.56493557290135,333.88,326.9466666666667,52.58394178200549,429.76,31.44651523184207,0.4822077124985018,Low
Pune,MINOR PULSES,2007,32.8,623.6,20.8090625,-2.6805505081206187,429.76,344.96000000000004,79.83872744476834,497.26,44.150046382189224,0.5390522499486214,Low
Pune,MINOR PULSES,2008,19.2,635.1,20.35,-0.8858525139631257,497.26,420.3,82.09978562700393,379.69,-9.662146086128958,0.6529045374944529,Medium
Pune,MINOR PULSES,2009,19.4,732.2,20.75,14.267640984531887,379.69,435.57,58.99994322031165,468.56,7.5739835158527935,0.5924177374391209,Medium
Pune,MINOR PULSES,2012,16.1,614.1,20.81875,-4.163127111989852,468.56,448.50333333333333,61.29746025190058,388.2,-13.445459342554125,0.6661066482895373,Medium
Pune,MINOR PULSES,2013,6.9,791.5,20.320625,23.522040206578783,388.2,412.1499999999999,49.0374458959681,144.93,-64.83561810020623,0.7351722327533725,High
Pune,MINOR PULSES,2014,16.4,864.4,20.77,34.89886488258585,144.93,333.8966666666667,168.51033568696408,420.73,26.006049775878758,0.520974354826736,Low
Pune,MINOR PULSES,2015,32.1,435.6,20.77,-32.019961195217036,420.73,317.9533333333334,150.72277742044605,202.49,-36.31455349841696,0.7581982749130259,High
Pune,MINOR PULSES,2016,35.74,417.1882352941177,20.89597426470588,-34.89331399404718,202.49,256.05,145.49197641107222,360.87,40.93731693028705,0.5952073000177904,Medium
Pune,MINOR PULSES,2017,36.53,417.1882352941177,20.89597426470588,-34.89331399404718,360.87,328.03,112.76534751420752,320.99,-2.1461451696491065,0.6885548012340076,High
Pune,OILSEEDS,1999,85.0,684.7,20.19,6.854757965185719,1191.18,1009.075,257.5353607759525,999.41,-0.9578078933676959,0.6222239651809756,Medium
Pune,OILSEEDS,2000,83.7,395.1,20.73,-38.34041934855429,999.41,1005.8533333333334,182.19047294887113,977.3,-2.838717374302423,0.6953196656420058,High
Pune,OILSEEDS,2001,74.5,621.1,20.418125,-3.070702245980944,977.3,1055.9633333333334,117.62173792855363,1017.45,-3.6472225992695444,0.6432088246548724,Medium
Pune,OILSEEDS,2002,70.7,390.4,20.59,-39.073904615731706,1017.45,998.0533333333333,20.109351887451353,796.61,-20.183624121623424,0.7340204483916678,High
Pune,OILSEEDS,2003,60.7,358.3,20.88,-44.08345292985827,796.61,930.4533333333334,117.63729864857214,995.06,6.9435687263556005,0.6828952600564191,High
Pune,OILSEEDS,2004,68.9,704.4,20.1540625,9.929153659525067,995.06,936.3733333333333,121.55521392903455,882.87,-5.713889047103719,0.6278337047361653,Medium
Pune,OILSEEDS,2005,70.2,999.4,20.24,55.96705872704337,882.87,891.5133333333333,99.50693962399482,894.87,0.37651334435080613,0.5443304537693522,Low
Pune,OILSEEDS,2006,75.9,977.6,20.17,52.56493557290135,894.87,924.2666666666668,61.601721025742094,744.53,-19.446407963069834,0.5924757127537768,Medium
Pune,OILSEEDS,2007,70.7,623.6,20.8090625,-2.6805505081206187,744.53,840.7566666666667,83.55045501571708,1030.98,22.625254235272198,0.5856892996001196,Medium
Pune,OILSEEDS,2008,46.1,635.1,20.35,-0.8858525139631257,1030.98,890.1266666666667,143.28389662950042,948.59,6.567979089118406,0.6177392662815342,Medium
Pune,OILSEEDS,2009,53.1,732.2,20.75,14.267640984531887,948.59,908.0333333333333,147.468752735396,924.29,1.7903160676920813,0.6049490169100941,Medium
Pune,OILSEEDS,2012,56.13,614.1,20.81875,-4.163127111989852,924.29,967.9533333333334,55.91862867894173,955.1,-1.3278877080851026,0.6398519097482751,Medium
Pune,OILSEEDS,2013,42.0,791.5,20.320625,23.522040206578783,955.1,942.66,16.238463597274947,1400.0,48.51590180977235,0.4895772729492376,Low
Pune,OILSEEDS,2014,67.3,864.4,20.77,34.89886488258585,1400.0,1093.1299999999999,266.2033277402822,1117.38,2.2184003732401663,0.5725142618656145,Low
Pune,OILSEEDS,2015,43.9,435.6,20.77,-32.019961195217036,1117.38,1157.4933333333333,225.1462016853348,1965.83,69.83510344192047,0.5282073515430615,Low
Pune,PEARL MILLET,1999,159.9,684.7,20.19,6.854757965185719,739.33,782.48,61.02331521639902,738.59,-5.609089050199365,0.6323017410207439,Medium
Pune,PEARL MILLET,2000,160.4,395.1,20.73,-38.34041934855429,738.59,767.85,50.040315746405895,652.12,-15.071954157713098,0.7218250120059739,High
Pune,PEARL MILLET,2001,113.2,621.1,20.418125,-3.070702245980944,652.12,710.0133333333333,50.13846261437753,756.18,6.502225310322805,0.6212183541841623,Medium
Pune,PEARL MILLET,2002,123.9,390.4,20.59,-39.073904615731706,756.18,715.63,55.70001885098421,698.14,-2.444000391263643,0.6955845969760164,High
Pune,PEARL MILLET,2003,97.0,358.3,20.88,-44.08345292985827,698.14,702.1466666666665,52.14557443669911,696.91,-0.7458080932758445,0.6995555764988984,High
Pune,PEARL MILLET,2004,116.8,704.4,20.1540625,9.929153659525067,696.91,717.0766666666667,33.87006397002121,726.03,1.2485880170878885,0.6127483377638004,Medium
Pune,PEARL MILLET,2005,125.3,999.4,20.24,55.96705872704337,726.03,707.0266666666666,16.468856467081412,721.47,2.042827238953748,0.5407201069977244,Low
Pune,PEARL MILLET,2006,128.9,977.6,20.17,52.56493557290135,721.47,714.8033333333333,15.662915863061151,630.72,-11.763142309539678,0.5758286371711836,Low
Pune,PEARL MILLET,2007,117.3,623.6,20.8090625,-2.6805505081206187,630.72,692.7400000000001,53.75926617802729,860.7,24.245748765770692,0.5821782281173846,Low
Pune,PEARL MILLET,2008,34.5,635.1,20.35,-0.8858525139631257,860.7,737.63,115.83850525624031,782.61,6.09790816534035,0.6187577532830498,Medium
Pune,PEARL MILLET,2009,46.0,732.2,20.75,14.267640984531887,782.61,758.0100000000001,116.94686870540836,736.3,-2.8640783103125482,0.6150335380624038,Medium
Pune,PEARL MILLET,2012,36.0,614.1,20.81875,-4.163127111989852,736.3,793.2033333333333,62.8729197137637,464.44,-41.447548127634356,0.7267778406570087,High
Pune,PEARL MILLET,2013,49.8,791.5,20.320625,23.522040206578783,464.44,661.1166666666667,171.89368060907094,835.34,26.352887790858905,0.5375971366567233,Low
Pune,PEARL MILLET,2014,31.5,864.4,20.77,34.89886488258585,835.34,678.6933333333333,192.04322048261244,834.92,23.01874189619269,0.527446855232701,Low
Pune,PEARL MILLET,2015,41.4,435.6,20.77,-32.019961195217036,834.92,711.5666666666666,214.01807431460855,710.14,-0.20049655689323367,0.6799511515399854,High
Pune,PEARL MILLET,2016,30.4,417.1882352941177,20.89597426470588,-34.89331399404718,710.14,793.4666666666666,72.16331570357163,730.26,-7.965888086035952,0.7011642442194703,High
Pune,PEARL MILLET,2017,32.0,417.1882352941177,20.89597426470588,-34.89331399404718,730.26,758.4399999999999,66.99325637704138,721.88,-4.820420863878481,0.6943490652381519,High
Pune,PIGEONPEA,1999,3.9,684.7,20.19,6.854757965185719,282.05,513.12,326.7823278575511,692.31,34.92165575304021,0.5444851272806841,Low
Pune,PIGEONPEA,2000,4.2,395.1,20.73,-38.34041934855429,692.31,572.85,253.17259646336132,476.19,-16.87352710133543,0.725728420050476,High
Pune,PIGEONPEA,2001,4.1,621.1,20.418125,-3.070702245980944,476.19,483.51666666666665,205.2281095106938,487.8,0.8858708765640674,0.6333871221239322,Medium
Pune,PIGEONPEA,2002,3.8,390.4,20.59,-39.073904615731706,487.8,552.1,121.56410284290341,473.68,-14.203948560043472,0.7210644846749543,High
Pune,PIGEONPEA,2003,3.3,358.3,20.88,-44.08345292985827,473.68,479.22333333333336,7.53289010495613,666.67,39.11467861192066,0.6131911886379272,Medium
Pune,PIGEONPEA,2004,3.8,704.4,20.1540625,9.929153659525067,666.67,542.7166666666666,107.57864673499726,973.68,79.40853115499188,0.44340179429890625,Low
Pune,PIGEONPEA,2005,3.7,999.4,20.24,55.96705872704337,973.68,704.6766666666666,252.1574508780839,513.51,-27.128281055614156,0.6039241749690776,Medium
Pune,PIGEONPEA,2006,3.9,977.6,20.17,52.56493557290135,513.51,717.9533333333333,234.3322266213789,487.18,-32.1432219364304,0.6199854763626329,Medium
Pune,PIGEONPEA,2007,3.9,623.6,20.8090625,-2.6805505081206187,487.18,658.1233333333333,273.5970113750026,461.54,-29.87028773735419,0.699429640540431,High
Pune,PIGEONPEA,2008,1.9,635.1,20.35,-0.8858525139631257,461.54,487.41,25.985763409990042,578.95,18.78090314109272,0.591277930835678,Medium
Pune,PIGEONPEA,2009,2.1,732.2,20.75,14.267640984531887,578.95,509.22333333333336,61.73093578857617,623.81,22.502241976343043,0.5600731774414999,Low
Pune,PIGEONPEA,2012,3.4,614.1,20.81875,-4.163127111989852,623.81,554.7666666666667,83.7944713768952,170.59,-69.25013519197259,0.7870167792962075,High
Pune,PIGEONPEA,2013,4.2,791.5,20.320625,23.522040206578783,170.59,457.7833333333333,249.7260757977294,571.43,24.825426875887427,0.5409066353058172,Low
Pune,PIGEONPEA,2014,3.0,864.4,20.77,34.89886488258585,571.43,455.27666666666664,247.93303477619372,233.33,-48.74984441694793,0.682945458910654,High
Pune,PIGEONPEA,2015,1.3,435.6,20.77,-32.019961195217036,233.33,325.1166666666667,215.60790925504858,461.54,41.96134720869431,0.5886004900481836,Medium
Pune,PIGEONPEA,2016,1.77,417.1882352941177,20.89597426470588,-34.89331399404718,461.54,422.09999999999997,172.46604796307,872.53,106.71167969675433,0.45269618069091966,Low
Pune,PIGEONPEA,2017,2.0,417.1882352941177,20.89597426470588,-34.89331399404718,872.53,522.4666666666667,323.92623239455816,650.0,24.409850708179142,0.6310168101655715,Medium
Pune,RICE,1999,61.7,684.7,20.19,6.854757965185719,1212.17,1158.475,75.9361972316235,1445.7,24.79337059496322,0.5664297451231111,Low
Pune,RICE,2000,64.0,395.1,20.73,-38.34041934855429,1445.7,1254.2166666666667,174.3059185264039,1175.0,-6.316027268015895,0.7028538370783599,High
Pune,RICE,2001,59.1,621.1,20.418125,-3.070702245980944,1175.0,1277.6233333333332,146.74033744452595,1461.93,14.425743633360916,0.6040507311509702,Medium
Pune,RICE,2002,57.7,390.4,20.59,-39.073904615731706,1461.93,1360.8766666666668,161.1783317736394,693.24,-49.05930735824702,0.796584428737477,High
Pune,RICE,2003,60.4,358.3,20.88,-44.08345292985827,693.24,1110.0566666666666,388.4382916672006,1402.32,26.32868592294087,0.640894172797291,Medium
Pune,RICE,2004,67.6,704.4,20.1540625,9.929153659525067,1402.32,1185.83,427.6353810198589,1258.88,6.160242193231761,0.6021064203821909,Medium
Pune,RICE,2005,64.5,999.4,20.24,55.96705872704337,1258.88,1118.1466666666665,374.9040076250629,1144.19,2.3291518107344467,0.5400997370922016,Low
Pune,RICE,2006,63.9,977.6,20.17,52.56493557290135,1144.19,1268.4633333333334,129.3315678144101,1078.25,-14.995572070142615,0.5828322349857998,Low
Pune,RICE,2007,62.8,623.6,20.8090625,-2.6805505081206187,1078.25,1160.4400000000003,91.40484724564614,1245.22,7.305849505360013,0.6188813431814854,Medium
Pune,RICE,2008,61.2,635.1,20.35,-0.8858525139631257,1245.22,1155.8866666666668,84.09729028531906,1233.66,6.728456653766514,0.6173915648914644,Medium
Pune,RICE,2009,62.6,732.2,20.75,14.267640984531887,1233.66,1185.71,93.24241041500335,817.57,-31.048064029147092,0.6760988404530085,High
Pune,RICE,2012,77.6,614.1,20.81875,-4.163127111989852,817.57,1098.8166666666668,243.63533001872514,1368.04,24.501205842648886,0.5838888737218714,Low
Pune,RICE,2013,82.1,791.5,20.320625,23.522040206578783,1368.04,1139.7566666666667,286.9977042300742,1866.02,63.72091118864552,0.45663308596178886,Low
Pune,RICE,2014,82.1,864.4,20.77,34.89886488258585,1866.02,1350.5433333333333,524.4439442241024,1657.73,22.74541357428986,0.5280390665968218,Low
Pune,RICE,2015,54.6,435.6,20.77,-32.019961195217036,1657.73,1630.5966666666666,250.0963483006776,1965.2,20.520300339957366,0.6350560915969587,Medium
Pune,RICE,2016,53.5,417.1882352941177,20.89597426470588,-34.89331399404718,1965.2,1829.6499999999999,156.92843241427238,2157.01,17.891946547153847,0.6451389358477458,Medium
Pune,RICE,2017,52.0,417.1882352941177,20.89597426470588,-34.89331399404718,2157.01,1926.6466666666668,251.86285798690997,2384.62,23.77048896701349,0.6324020939380925,Medium
Pune,SESAMUM,1999,3.8,684.7,20.19,6.854757965185719,342.86,240.395,144.9073926685592,236.84,-1.4788161151438284,0.6233528163281533,Medium
Pune,SESAMUM,2000,4.1,395.1,20.73,-38.34041934855429,236.84,239.21,102.48555459185457,195.12,-18.43150369967811,0.7291040360135406,High
Pune,SESAMUM,2001,3.4,621.1,20.418125,-3.070702245980944,195.12,258.27333333333337,76.16638191048158,323.53,25.266513512815852,0.5805623964122294,Low
Pune,SESAMUM,2002,2.9,390.4,20.59,-39.073904615731706,323.53,251.83,65.5042525337096,137.93,-45.228924274312035,0.7882852653889789,High
Pune,SESAMUM,2003,2.8,358.3,20.88,-44.08345292985827,137.93,218.85999999999999,95.05014834286163,250.0,14.228273782326609,0.6671117324352012,Medium
Pune,SESAMUM,2004,2.9,704.4,20.1540625,9.929153659525067,250.0,237.1533333333333,93.46452606916345,344.83,45.40381750203807,0.5170786738800606,Low
Pune,SESAMUM,2005,1.1,999.4,20.24,55.96705872704337,344.83,244.25333333333333,103.56964146569851,272.73,11.658660407227478,0.5198858017998675,Low
Pune,SESAMUM,2006,3.8,977.6,20.17,52.56493557290135,272.73,289.18666666666667,49.51059112284289,236.84,-18.10134169394624,0.5895614025040186,Medium
Pune,SESAMUM,2007,3.2,623.6,20.8090625,-2.6805505081206187,236.84,284.79999999999995,54.99748812445889,328.12,15.21067415730339,0.6017542231023317,Medium
Pune,SESAMUM,2008,1.8,635.1,20.35,-0.8858525139631257,328.12,279.22999999999996,45.98583586279583,333.33,19.37470902123698,0.5899913514287031,Medium
Pune,SESAMUM,2009,2.0,732.2,20.75,14.267640984531887,333.33,299.43,54.26709039556105,205.0,-31.536586180409447,0.6771573051140733,High
Pune,SESAMUM,2012,1.8,614.1,20.81875,-4.163127111989852,205.0,288.8166666666666,72.6340913988282,205.56,-28.826822090137906,0.6994329342425243,High
Pune,SESAMUM,2013,1.3,791.5,20.320625,23.522040206578783,205.56,247.96333333333328,73.93023220126754,307.69,24.086894567745258,0.5425067886401198,Low
Pune,SESAMUM,2014,0.1,864.4,20.77,34.89886488258585,307.69,239.41666666666663,59.12710404994769,0.0,-100.0,0.7939874626735632,High
Pune,SESAMUM,2015,0.73,435.6,20.77,-32.019961195217036,0.0,171.0833333333333,156.7155526210891,95.89,-43.95129079396004,0.7747445390533142,High
Pune,SESAMUM,2016,0.74,417.1882352941177,20.89597426470588,-34.89331399404718,95.89,134.5266666666666,157.44166549339266,259.41,92.83165667277873,0.48276956390943315,Low
Pune,SESAMUM,2017,0.88,417.1882352941177,20.89597426470588,-34.89331399404718,259.41,118.4333333333333,131.16607195968535,313.99,165.1196172248805,0.3261456493804014,Low
Pune,SOYABEAN,1999,0.6,684.7,20.19,6.854757965185719,1250.0,1025.0,318.1980515339464,2000.0,95.1219512195122,0.4140511537704296,Low
Pune,SOYABEAN,2000,0.7,395.1,20.73,-38.34041934855429,2000.0,1350.0,606.2177826491071,857.14,-36.50814814814815,0.768270098985095,High
Pune,SOYABEAN,2001,0.4,621.1,20.418125,-3.070702245980944,857.14,1369.0466666666669,580.6559450598378,1250.0,-8.695588657800817,0.6541469511149869,Medium
Pune,SOYABEAN,2002,0.4,390.4,20.59,-39.073904615731706,1250.0,1369.0466666666664,580.6559450598378,1750.0,27.826175879078896,0.6299992150571594,Medium
Pune,SOYABEAN,2003,0.6,358.3,20.88,-44.08345292985827,1750.0,1285.7133333333334,447.5000855120961,3333.33,159.25919204384596,0.35287807620295675,Low
Pune,SOYABEAN,2004,1.2,704.4,20.1540625,9.929153659525067,3333.33,2111.11,1087.5965687238995,3000.0,42.10533795017786,0.5242253795757338,Low
Pune,SOYABEAN,2005,1.8,999.4,20.24,55.96705872704337,3000.0,2694.443333333333,834.719791087604,2111.11,-21.649493463708637,0.5920534685199885,Medium
Pune,SOYABEAN,2006,1.9,977.6,20.17,52.56493557290135,2111.11,2814.8133333333335,631.8037735193842,1894.74,-32.68683299307,0.6211633003186814,Medium
Pune,SOYABEAN,2007,3.0,623.6,20.8090625,-2.6805505081206187,1894.74,2335.2833333333333,585.7390028274826,1733.33,-25.776458245609028,0.6905596766416794,High
Pune,SOYABEAN,2008,2.4,635.1,20.35,-0.8858525139631257,1733.33,1913.0600000000002,189.55513419583474,1541.67,-19.41340052063187,0.6740322554358055,High
Pune,SOYABEAN,2009,3.3,732.2,20.75,14.267640984531887,1541.67,1723.2466666666667,176.75084563682975,1415.15,-17.878848839593473,0.6475655408757374,Medium
Pune,SOYABEAN,2012,4.2,614.1,20.81875,-4.163127111989852,1415.15,1563.3833333333334,160.19747105786232,1933.33,23.663209065808115,0.5857045334050204,Medium
Pune,SOYABEAN,2013,6.9,791.5,20.320625,23.522040206578783,1933.33,1630.0500000000002,270.1590205786237,3884.06,138.2785804116438,0.2950914693124977,Low
Pune,SOYABEAN,2014,7.1,864.4,20.77,34.89886488258585,3884.06,2410.846666666667,1301.8816275811457,1647.89,-31.646834998492924,0.645888938504125,Medium
Pune,SOYABEAN,2015,16.1,435.6,20.77,-32.019961195217036,1647.89,2488.4266666666667,1217.0510668140976,2919.25,17.313081357966475,0.6420050660579159,Medium
Pune,SOYABEAN,2016,18.0,417.1882352941177,20.89597426470588,-34.89331399404718,2919.25,2817.066666666667,1121.5815362394892,2127.78,-24.468241196516473,0.7369193426253924,High
Pune,SOYABEAN,2017,20.23,417.1882352941177,20.89597426470588,-34.89331399404718,2127.78,2231.64,642.011866790638,2021.65,-9.409671810865543,0.704292442289924,High
Pune,SUGARCANE,1999,46.2,684.7,20.19,6.854757965185719,8841.24,9465.42,882.723821362039,10037.01,6.038717774805557,0.6070648262333174,Medium
Pune,SUGARCANE,2000,48.7,395.1,20.73,-38.34041934855429,10037.01,9655.949999999999,706.0493715739716,9359.96,-3.0653638430190693,0.6958107329908902,High
Pune,SUGARCANE,2001,48.7,621.1,20.418125,-3.070702245980944,9359.96,9412.736666666666,599.6294736196127,8544.15,-9.227780372764416,0.6553000331640708,Medium
Pune,SUGARCANE,2002,53.5,390.4,20.59,-39.073904615731706,8544.15,9313.706666666667,747.5040287739814,8766.36,-5.876786614137154,0.7030223004588843,High
Pune,SUGARCANE,2003,39.6,358.3,20.88,-44.08345292985827,8766.36,8890.156666666668,421.75905447699694,6959.6,-21.715665303236133,0.7449902671203276,High
Pune,SUGARCANE,2004,28.2,704.4,20.1540625,9.929153659525067,6959.6,8090.036666666667,985.2713403085091,8375.53,3.528949806984811,0.607807553885707,Medium
Pune,SUGARCANE,2005,53.8,999.4,20.24,55.96705872704337,8375.53,8033.830000000001,950.6127454962892,9360.78,16.517028615243287,0.5093593373492017,Low
Pune,SUGARCANE,2006,78.2,977.6,20.17,52.56493557290135,9360.78,8231.970000000001,1207.0101297420802,8788.49,6.760471673244661,0.5356941402086179,Low
Pune,SUGARCANE,2007,104.2,623.6,20.8090625,-2.6805505081206187,8788.49,8841.6,494.7675158091882,9748.27,10.254591929062613,0.6124924012634844,Medium
Pune,SUGARCANE,2008,85.6,635.1,20.35,-0.8858525139631257,9748.27,9299.18,482.84607495556764,9734.58,4.682133263363002,0.6218252655706572,Medium
Pune,SUGARCANE,2009,95.6,732.2,20.75,14.267640984531887,9734.58,9423.78,550.2198579658844,9531.49,1.1429596191761597,0.6063516225485405,Medium
Pune,SUGARCANE,2012,137.7,614.1,20.81875,-4.163127111989852,9531.49,9671.446666666667,121.39915746549477,10085.98,4.286156431612777,0.627688147445637,Medium
Pune,SUGARCANE,2013,143.9,791.5,20.320625,23.522040206578783,10085.98,9784.016666666666,280.5312425262681,11788.4,20.4863033416746,0.5503080696299135,Low
Pune,SUGARCANE,2014,127.8,864.4,20.77,34.89886488258585,11788.4,10468.623333333335,1176.1048539281398,10824.65,3.400892890405502,0.5699521947450982,Low
Pune,SUGARCANE,2015,118.4,435.6,20.77,-32.019961195217036,10824.65,10899.676666666666,853.6862506994778,10376.18,-4.8028641828213186,0.6899229480627964,High
Pune,SUGARCANE,2016,95.9,417.1882352941177,20.89597426470588,-34.89331399404718,10376.18,10996.409999999998,721.6075493646099,9458.41,-13.986382828577677,0.714208649494934,High
Pune,SUGARCANE,2017,113.14,417.1882352941177,20.89597426470588,-34.89331399404718,9458.41,10219.746666666666,696.4240627902894,11729.36,14.771533801881601,0.6518998301291465,Medium
Pune,SUNFLOWER,1999,4.8,684.7,20.19,6.854757965185719,488.89,425.29499999999996,89.936911499117,479.17,12.667677729575955,0.592702079664696,Medium
Pune,SUNFLOWER,2000,4.7,395.1,20.73,-38.34041934855429,479.17,443.25333333333333,70.79427401515844,510.64,15.20274335218385,0.6562298340680826,Medium
Pune,SUNFLOWER,2001,3.9,621.1,20.418125,-3.070702245980944,510.64,492.8999999999999,16.113668111265167,641.03,30.052749036315696,0.5701922194446809,Low
Pune,SUNFLOWER,2002,3.2,390.4,20.59,-39.073904615731706,641.03,543.6133333333333,85.82013419549828,406.25,-25.268573250594788,0.745037838171069,High
Pune,SUNFLOWER,2003,2.5,358.3,20.88,-44.08345292985827,406.25,519.3066666666667,117.62969622222673,280.0,-46.081955427749826,0.7977838957232646,High
Pune,SUNFLOWER,2004,3.3,704.4,20.1540625,9.929153659525067,280.0,442.42666666666673,183.213614759748,575.76,30.136821168103168,0.5501571659368093,Low
Pune,SUNFLOWER,2005,4.1,999.4,20.24,55.96705872704337,575.76,420.67,148.406356669787,536.59,27.556041552761073,0.48544147598465953,Low
Pune,SUNFLOWER,2006,4.4,977.6,20.17,52.56493557290135,536.59,464.1166666666666,160.64800787228378,545.45,17.524329371206974,0.5123724485297773,Low
Pune,SUNFLOWER,2007,3.7,623.6,20.8090625,-2.6805505081206187,545.45,552.6,20.54054770447972,737.84,33.52153456387984,0.5620806922215483,Low
Pune,SUNFLOWER,2008,2.7,635.1,20.35,-0.8858525139631257,737.84,606.6266666666667,113.72039849267742,666.67,9.897905356397118,0.6105244260357876,Medium
Pune,SUNFLOWER,2009,2.6,732.2,20.75,14.267640984531887,666.67,649.9866666666667,97.27398538835217,573.08,-11.832037580258053,0.6344641164805543,Medium
Pune,SUNFLOWER,2012,2.1,614.1,20.81875,-4.163127111989852,573.08,659.1966666666667,82.63384556786254,409.52,-37.87589945337507,0.7190392685294729,High
Pune,SUNFLOWER,2013,1.6,791.5,20.320625,23.522040206578783,409.52,549.7566666666667,130.15188832027508,562.5,2.3179952342551564,0.5896727371958578,Medium
Pune,SUNFLOWER,2014,0.9,864.4,20.77,34.89886488258585,562.5,515.0333333333333,91.53022305956303,555.56,7.868746359458931,0.5602718455621813,Low
Pune,SUNFLOWER,2015,0.23,435.6,20.77,-32.019961195217036,555.56,509.1933333333333,86.38935659751934,173.91,-65.84597860668508,0.8221830293140604,High
Pune,SUNFLOWER,2016,0.13,417.1882352941177,20.89597426470588,-34.89331399404718,173.91,430.6566666666667,222.37621058317674,872.0,102.4814817681525,0.46186160953619304,Low
Pune,SUNFLOWER,2017,0.23,417.1882352941177,20.89597426470588,-34.89331399404718,872.0,533.8233333333333,349.5522479305967,541.48,1.4343072302322402,0.6807971543676239,High
Ratnagiri,FINGER MILLET,1999,23.0,2039.4,22.87875,-7.235934726231958,1078.51,1107.05,40.36165507012808,1143.48,3.290727609412408,0.6345375875813126,Medium
Ratnagiri,FINGER MILLET,2000,22.1,2639.3,23.23,20.05109222175934,1143.48,1119.1933333333334,35.45297213680866,1221.72,9.160764598311877,0.5801474397847163,Low
Ratnagiri,FINGER MILLET,2001,21.4,2076.3,22.91,-5.557502830281164,1221.72,1147.9033333333334,71.7073945512827,1238.32,7.876679511340953,0.6220381195933002,Medium
Ratnagiri,FINGER MILLET,2002,21.0,1810.8,23.2,-17.634025008463684,1238.32,1201.1733333333334,50.648598532766044,1076.19,-10.405103898410443,0.680091466553908,High
Ratnagiri,FINGER MILLET,2003,20.8,2190.2,23.06,-0.3766520728612637,1076.19,1178.7433333333333,89.20078269462272,1586.54,34.5958831863312,0.5562345087319869,Low
Ratnagiri,FINGER MILLET,2004,20.3,2224.7,22.77,1.192613520913865,1586.54,1300.3500000000001,260.7682329195792,1167.49,-10.217249202137895,0.6509331047625493,Medium
Ratnagiri,FINGER MILLET,2005,21.1,2917.9,23.04,32.723480465984,1167.49,1276.74,272.1506062826242,1189.57,-6.827545154064262,0.5954359768117139,Medium
Ratnagiri,FINGER MILLET,2006,20.8,2592.6,23.0025,17.926897925257922,1189.57,1314.5333333333333,235.82324235183702,1158.65,-11.858454204280344,0.6289330711765835,Medium
Ratnagiri,FINGER MILLET,2007,20.1,2801.7,23.2703125,27.438012002312394,1158.65,1171.9033333333334,15.925442955639944,1114.43,-4.904272536699559,0.5993406573160738,Medium
Ratnagiri,FINGER MILLET,2008,20.6,2062.8,23.0378125,-6.171563280019258,1114.43,1154.216666666667,37.76566871291096,1266.99,9.77055145625458,0.6188725006966028,Medium
Ratnagiri,FINGER MILLET,2009,20.3,2557.0,23.34,16.307597776318953,1266.99,1180.0233333333333,78.4936489999882,1289.16,9.248687172852522,0.5856738665851522,Medium
Ratnagiri,FINGER MILLET,2012,19.3,2937.0,23.21,33.592262287465296,1289.16,1223.5266666666666,95.12854058237916,1293.78,5.741871856763781,0.5668754686172457,Low
Ratnagiri,FINGER MILLET,2013,19.3,2992.8,22.84,36.130378813049425,1293.78,1283.31,14.321064904539979,1404.15,9.416275101105747,0.5550381442764886,Low
Ratnagiri,FINGER MILLET,2014,18.5,2687.7,23.14,22.25261264896849,1404.15,1329.03,65.0968271116194,1362.16,2.4927954974680864,0.5912326259212527,Medium
Ratnagiri,FINGER MILLET,2015,15.6,1265.9,23.14,-42.41932419826274,1362.16,1353.3633333333335,55.708349763149585,1256.41,-7.163880603631942,0.7109200046655818,High
Ratnagiri,FINGER MILLET,2016,15.4,417.1882352941177,20.89597426470588,-81.02379293406314,1256.41,1340.9066666666668,76.12854282943678,1454.55,8.475111367432971,0.735990833236362,High
Ratnagiri,FINGER MILLET,2017,16.0,417.1882352941177,20.89597426470588,-81.02379293406314,1454.55,1357.7066666666667,99.14504038696735,1500.0,10.48041795969674,0.7316460022864717,High
Ratnagiri,GROUNDNUT,1999,5.6,2039.4,22.87875,-7.235934726231958,1259.26,1454.63,276.2949036808317,1696.43,16.622783800691582,0.6056514658336373,Medium
Ratnagiri,GROUNDNUT,2000,5.4,2639.3,23.23,20.05109222175934,1696.43,1535.2300000000002,240.12187926134516,1759.26,14.592601759996853,0.5683784592677714,Low
Ratnagiri,GROUNDNUT,2001,5.4,2076.3,22.91,-5.557502830281164,1759.26,1571.6499999999999,272.3555328977181,1796.3,14.293894951165978,0.608134152807059,Medium
Ratnagiri,GROUNDNUT,2002,5.2,1810.8,23.2,-17.634025008463684,1796.3,1750.6633333333332,50.48694121585563,2057.69,17.53773331632392,0.6195486525888522,Medium
Ratnagiri,GROUNDNUT,2003,5.3,2190.2,23.06,-0.3766520728612637,2057.69,1871.0833333333333,162.66384488672716,1792.45,-4.202556451253724,0.6402977946131407,Medium
Ratnagiri,GROUNDNUT,2004,5.3,2224.7,22.77,1.192613520913865,1792.45,1882.1466666666665,152.0371731956801,1811.32,-3.7630790374111793,0.6369490694056881,Medium
Ratnagiri,GROUNDNUT,2005,5.4,2917.9,23.04,32.723480465984,1811.32,1887.1533333333334,147.99015248770178,1740.74,-7.75842273901079,0.597452878245758,Medium
Ratnagiri,GROUNDNUT,2006,5.7,2592.6,23.0025,17.926897925257922,1740.74,1781.5033333333333,36.541158073237156,1578.95,-11.36979816671687,0.6278743164285329,Medium
Ratnagiri,GROUNDNUT,2007,5.9,2801.7,23.2703125,27.438012002312394,1578.95,1710.3366666666668,119.1311304123877,1784.75,4.350800329759629,0.5792879994388124,Low
Ratnagiri,GROUNDNUT,2008,5.9,2062.8,23.0378125,-6.171563280019258,1784.75,1701.4800000000002,108.37167849581365,1406.78,-17.32021534193762,0.6775691620924902,High
Ratnagiri,GROUNDNUT,2009,5.8,2557.0,23.34,16.307597776318953,1406.78,1590.16,189.2341890357028,1472.41,-7.404915228656235,0.6217566717883009,Medium
Ratnagiri,GROUNDNUT,2012,4.21,2937.0,23.21,33.592262287465296,1472.41,1554.6466666666668,201.95911030041069,1586.7,2.061776094889725,0.5748490094346128,Low
Ratnagiri,GROUNDNUT,2013,4.1,2992.8,22.84,36.130378813049425,1586.7,1488.63,91.05008456887992,1853.66,24.521204060108957,0.5223107981987574,Low
Ratnagiri,GROUNDNUT,2014,3.3,2687.7,23.14,22.25261264896849,1853.66,1637.5900000000001,195.6533534085221,1515.15,-7.476840967519345,0.6128335049286533,Medium
Ratnagiri,GROUNDNUT,2015,2.91,1265.9,23.14,-42.41932419826274,1515.15,1651.8366666666668,178.40780261337608,1515.46,-8.256062443623367,0.713286398652222,High
Ratnagiri,GROUNDNUT,2016,1.5,417.1882352941177,20.89597426470588,-81.02379293406314,1515.46,1628.0900000000001,195.3494118240443,1446.67,-11.143118623663314,0.778496998216929,High
Ratnagiri,GROUNDNUT,2017,1.37,417.1882352941177,20.89597426470588,-81.02379293406314,1446.67,1492.426666666667,39.62673886826296,1921.4,28.743344173248026,0.6920763288239091,High
Ratnagiri,MAIZE,2000,0.1,2639.3,23.23,20.05109222175934,1000.0,1000.0,0.0,1000.0,0.0,0.5999957630809926,Medium
Ratnagiri,MAIZE,2001,0.1,2076.3,22.91,-5.557502830281164,1000.0,1000.0,0.0,2000.0,100.0,0.42243759186853763,Low
Ratnagiri,MAIZE,2002,0.2,1810.8,23.2,-17.634025008463684,2000.0,1333.3333333333333,577.3502691896258,1000.0,-24.999999999999993,0.71171374144058,High
Ratnagiri,MAIZE,2003,0.2,2190.2,23.06,-0.3766520728612637,1000.0,1333.3333333333333,577.3502691896258,2000.0,50.000000000000014,0.5228589223024824,Low
Ratnagiri,MAIZE,2004,0.2,2224.7,22.77,1.192613520913865,2000.0,1666.6666666666667,577.3502691896258,1000.0,-40.0,0.7154623981577022,High
Ratnagiri,MAIZE,2005,0.2,2917.9,23.04,32.723480465984,1000.0,1333.3333333333333,577.3502691896258,2000.0,50.000000000000014,0.4723096289783184,Low
Ratnagiri,MAIZE,2006,0.2,2592.6,23.0025,17.926897925257922,2000.0,1666.6666666666667,577.3502691896258,2000.0,19.999999999999996,0.5599064204008729,Low
Ratnagiri,MAIZE,2007,0.2,2801.7,23.2703125,27.438012002312394,2000.0,1666.6666666666667,577.3502691896258,3000.0,80.0,0.41538140015383795,Low
Ratnagiri,MAIZE,2008,0.3,2062.8,23.0378125,-6.171563280019258,3000.0,2333.3333333333335,577.3502691896257,3000.0,28.571428571428566,0.5781372669471949,Low
Ratnagiri,MAIZE,2009,0.3,2557.0,23.34,16.307597776318953,3000.0,2666.6666666666665,577.3502691896257,3000.0,12.500000000000005,0.5786293554596895,Low
Ratnagiri,MAIZE,2012,0.02,2937.0,23.21,33.592262287465296,3000.0,3000.0,0.0,0.0,-100.0,0.7959828576394701,High
Ratnagiri,MAIZE,2014,0.1,2687.7,23.14,22.25261264896849,0.0,2000.0,1732.0508075688772,2000.0,0.0,0.5966336828324155,Medium
Ratnagiri,MAIZE,2015,0.15,1265.9,23.14,-42.41932419826274,2000.0,1666.6666666666667,1527.5252316519468,1333.33,-20.000200000000007,0.7387320300242866,High
Ratnagiri,MAIZE,2016,0.06,417.1882352941177,20.89597426470588,-81.02379293406314,1333.33,1111.11,1018.349790739901,3508.77,215.7896157896158,0.32102024120051664,Low
Ratnagiri,MINOR PULSES,1999,12.0,2039.4,22.87875,-7.235934726231958,418.6,469.71500000000003,72.28752624070077,491.67,4.674110897033304,0.6315402571248107,Medium
Ratnagiri,MINOR PULSES,2000,13.4,2639.3,23.23,20.05109222175934,491.67,477.03333333333336,52.663243665134544,395.52,-17.087555027601155,0.637018798974005,Medium
Ratnagiri,MINOR PULSES,2001,14.9,2076.3,22.91,-5.557502830281164,395.52,435.2633333333333,50.19417927741556,489.93,12.559446771686112,0.6118921238625863,Medium
Ratnagiri,MINOR PULSES,2002,12.9,1810.8,23.2,-17.634025008463684,489.93,459.03999999999996,55.01681288479006,410.85,-10.497995817357953,0.6802927323782936,High
Ratnagiri,MINOR PULSES,2003,13.3,2190.2,23.06,-0.3766520728612637,410.85,432.09999999999997,50.66541127830699,466.17,7.884748900717439,0.6141086330172906,Medium
Ratnagiri,MINOR PULSES,2004,13.1,2224.7,22.77,1.192613520913865,466.17,455.65000000000003,40.576032334371945,479.39,5.210139361351904,0.6175070962084328,Medium
Ratnagiri,MINOR PULSES,2005,12.6,2917.9,23.04,32.723480465984,479.39,452.1366666666667,36.36115693062213,462.7,2.3363142412692195,0.575580948121891,Low
Ratnagiri,MINOR PULSES,2006,13.6,2592.6,23.0025,17.926897925257922,462.7,469.42,8.806866639162786,470.59,0.2492437476034168,0.6026997256142561,Medium
Ratnagiri,MINOR PULSES,2007,13.4,2801.7,23.2703125,27.438012002312394,470.59,470.89333333333326,8.349133687594897,456.72,-3.009881926550932,0.5952361443274321,Medium
Ratnagiri,MINOR PULSES,2008,13.5,2062.8,23.0378125,-6.171563280019258,456.72,463.33666666666664,6.956883880972251,453.33,-2.159696692829547,0.6447213716861989,Medium
Ratnagiri,MINOR PULSES,2009,13.9,2557.0,23.34,16.307597776318953,453.33,460.2133333333333,9.144912975711222,471.22,2.391644454745636,0.6005307924743342,Medium
Ratnagiri,MINOR PULSES,2012,6.28,2937.0,23.21,33.592262287465296,471.22,460.42333333333335,9.502580351322049,611.46,32.803868903255704,0.5082411416833753,Low
Ratnagiri,MINOR PULSES,2013,8.4,2992.8,22.84,36.130378813049425,611.46,512.0033333333334,86.59523331762169,690.48,34.85849701499337,0.4999133301299158,Low
Ratnagiri,MINOR PULSES,2014,6.0,2687.7,23.14,22.25261264896849,690.48,591.0533333333334,111.04531027167843,700.0,18.43262875318639,0.5566963205339781,Low
Ratnagiri,MINOR PULSES,2015,7.5,1265.9,23.14,-42.41932419826274,700.0,667.3133333333334,48.60405058565928,680.0,1.9011558787975578,0.69127909228705,High
Ratnagiri,MINOR PULSES,2016,7.06,417.1882352941177,20.89597426470588,-81.02379293406314,680.0,690.16,10.003839263002606,681.16,-1.3040454387388432,0.7571790063163304,High
Ratnagiri,MINOR PULSES,2017,7.16,417.1882352941177,20.89597426470588,-81.02379293406314,681.16,687.0533333333333,11.2271337986739,632.4,-7.954743930602182,0.7715888530486529,High
Ratnagiri,OILSEEDS,1999,7.8,2039.4,22.87875,-7.235934726231958,973.68,766.5,292.99676585245777,1102.56,43.84344422700586,0.5466733682434863,Low
Ratnagiri,OILSEEDS,2000,7.7,2639.3,23.23,20.05109222175934,1102.56,878.52,283.8467783858044,1285.71,46.34954241223877,0.4995717545214766,Low
Ratnagiri,OILSEEDS,2001,7.8,2076.3,22.91,-5.557502830281164,1285.71,1120.6499999999999,156.79960554797336,1371.79,22.41020836121895,0.5905488070853362,Medium
Ratnagiri,OILSEEDS,2002,7.7,1810.8,23.2,-17.634025008463684,1371.79,1253.3533333333332,137.5005950290158,1493.51,19.161130407493506,0.616031292224663,Medium
Ratnagiri,OILSEEDS,2003,7.9,2190.2,23.06,-0.3766520728612637,1493.51,1383.67,104.4081452761233,1341.77,-3.0281786842238456,0.6377533094512511,Medium
Ratnagiri,OILSEEDS,2004,8.1,2224.7,22.77,1.192613520913865,1341.77,1402.3566666666666,80.35544619584542,1320.99,-5.802137829891104,0.6413670301227131,Medium
Ratnagiri,OILSEEDS,2005,8.2,2917.9,23.04,32.723480465984,1320.99,1385.4233333333334,94.18066539016075,1280.49,-7.574098891554209,0.5970535099096034,Medium
Ratnagiri,OILSEEDS,2006,8.2,2592.6,23.0025,17.926897925257922,1280.49,1314.4166666666667,31.164340733176054,1182.93,-10.00342357192671,0.6249138381398307,Medium
Ratnagiri,OILSEEDS,2007,8.5,2801.7,23.2703125,27.438012002312394,1182.93,1261.47,70.96802942170653,1344.71,6.598650780438694,0.5744176567956907,Low
Ratnagiri,OILSEEDS,2008,8.6,2062.8,23.0378125,-6.171563280019258,1344.71,1269.3766666666668,81.46055323488497,1079.07,-14.992135247483684,0.6725249885545235,Medium
Ratnagiri,OILSEEDS,2009,8.25,2557.0,23.34,16.307597776318953,1079.07,1202.2366666666667,133.86826708870788,1104.24,-8.151195965298013,0.6233736133843526,Medium
Ratnagiri,OILSEEDS,2012,6.77,2937.0,23.21,33.592262287465296,1104.24,1176.0066666666667,146.6423991665905,1107.83,-5.797302736379051,0.5918770135689717,Medium
Ratnagiri,OILSEEDS,2013,2.4,2992.8,22.84,36.130378813049425,1107.83,1097.0466666666666,15.671389004608354,1391.67,26.856043802451442,0.5172519787570322,Low
Ratnagiri,OILSEEDS,2014,3.6,2687.7,23.14,22.25261264896849,1391.67,1201.2466666666667,164.9212128057929,1416.67,17.93331372407555,0.5577781697637145,Low
Ratnagiri,OILSEEDS,2015,4.5,1265.9,23.14,-42.41932419826274,1416.67,1305.39,171.54799678224214,1133.33,-13.18073525919458,0.7239565230859241,High
Ratnagiri,PIGEONPEA,1999,0.5,2039.4,22.87875,-7.235934726231958,400.0,400.0,0.0,600.0,50.0,0.5333341640687101,Low
Ratnagiri,PIGEONPEA,2000,0.5,2639.3,23.23,20.05109222175934,600.0,466.6666666666667,115.47005383792515,400.0,-14.28571428571429,0.6309481440332703,Medium
Ratnagiri,PIGEONPEA,2001,0.6,2076.3,22.91,-5.557502830281164,400.0,466.6666666666667,115.47005383792515,500.0,7.142857142857138,0.6236280680583433,Medium
Ratnagiri,PIGEONPEA,2002,0.6,1810.8,23.2,-17.634025008463684,500.0,500.0,99.99999999999999,500.0,0.0,0.6575470747740939,Medium
Ratnagiri,PIGEONPEA,2003,0.6,2190.2,23.06,-0.3766520728612637,500.0,466.6666666666667,57.73502691896256,500.0,7.142857142857138,0.6157160651593158,Medium
Ratnagiri,PIGEONPEA,2004,0.6,2224.7,22.77,1.192613520913865,500.0,500.0,0.0,500.0,0.0,0.6287957314913244,Medium
Ratnagiri,PIGEONPEA,2005,0.6,2917.9,23.04,32.723480465984,500.0,500.0,0.0,666.67,33.33399999999999,0.5084192956448648,Low
Ratnagiri,PIGEONPEA,2006,0.5,2592.6,23.0025,17.926897925257922,666.67,555.5566666666667,96.22696936583492,600.0,7.999784000431987,0.5859068883998502,Medium
Ratnagiri,PIGEONPEA,2007,0.6,2801.7,23.2703125,27.438012002312394,600.0,588.89,83.88859457637852,833.33,41.50860092716807,0.49877943147802917,Low
Ratnagiri,PIGEONPEA,2008,0.6,2062.8,23.0378125,-6.171563280019258,833.33,700.0,120.18273128865064,500.0,-28.57142857142857,0.701946790756306,High
Ratnagiri,PIGEONPEA,2009,0.6,2557.0,23.34,16.307597776318953,500.0,644.4433333333333,171.0515408680475,833.33,29.310050534569903,0.542207579301576,Low
Ratnagiri,PIGEONPEA,2012,0.5,2937.0,23.21,33.592262287465296,833.33,722.2199999999999,192.44816522897798,140.0,-80.61532497023067,0.7539827284084433,High
Ratnagiri,PIGEONPEA,2013,0.1,2992.8,22.84,36.130378813049425,140.0,491.10999999999996,346.7504813262701,1000.0,103.62037018183301,0.35092927160225984,Low
Ratnagiri,PIGEONPEA,2014,0.7,2687.7,23.14,22.25261264896849,1000.0,657.7766666666666,456.0857700403877,285.71,-56.564284736967466,0.7191896330954366,High
Ratnagiri,PIGEONPEA,2015,1.5,1265.9,23.14,-42.41932419826274,285.71,475.2366666666667,460.26108681196735,400.0,-15.831410314860669,0.7296996523731815,High
Ratnagiri,PIGEONPEA,2016,0.89,417.1882352941177,20.89597426470588,-81.02379293406314,400.0,561.9033333333333,383.6822487858063,818.59,45.68164156349551,0.6553766844784952,Medium
Ratnagiri,RICE,1999,159.8,2039.4,22.87875,-7.235934726231958,2759.6,2603.355,220.9637980529841,2341.05,-10.075652379333585,0.6634980775568323,Medium
Ratnagiri,RICE,2000,158.6,2639.3,23.23,20.05109222175934,2341.05,2515.92,217.59397441105747,2298.87,-8.627062863684067,0.6186877326189124,Medium
Ratnagiri,RICE,2001,157.3,2076.3,22.91,-5.557502830281164,2298.87,2466.5066666666667,254.7009317480666,2591.23,5.056679352174196,0.6281481199381411,Medium
Ratnagiri,RICE,2002,157.7,1810.8,23.2,-17.634025008463684,2591.23,2410.383333333333,158.0314074269205,2038.05,-15.447058904876815,0.6910157024012155,High
Ratnagiri,RICE,2003,158.4,2190.2,23.06,-0.3766520728612637,2038.05,2309.383333333333,276.739815952337,3058.71,32.44704574814345,0.5608903231813781,Low
Ratnagiri,RICE,2004,158.1,2224.7,22.77,1.192613520913865,3058.71,2562.6633333333334,510.92930013195894,2571.16,0.331556102440291,0.6280773599360394,Medium
Ratnagiri,RICE,2005,155.9,2917.9,23.04,32.723480465984,2571.16,2555.9733333333334,510.4994466533077,2690.19,5.251098081357135,0.5692655831350548,Low
Ratnagiri,RICE,2006,156.8,2592.6,23.0025,17.926897925257922,2690.19,2773.353333333333,254.19157270321398,2808.67,1.2734283166227311,0.6004806590480551,Medium
Ratnagiri,RICE,2007,155.9,2801.7,23.2703125,27.438012002312394,2808.67,2690.0066666666667,118.7551061358347,2633.03,-2.118086448360715,0.5933039207913597,Medium
Ratnagiri,RICE,2008,156.0,2062.8,23.0378125,-6.171563280019258,2633.03,2710.63,89.5862578747432,2673.72,-1.36167606792518,0.6429923269989118,Medium
Ratnagiri,RICE,2009,155.9,2557.0,23.34,16.307597776318953,2673.72,2705.14,91.93891830993013,2614.18,-3.3624877085844003,0.6129980788281745,Medium
Ratnagiri,RICE,2012,150.7,2937.0,23.21,33.592262287465296,2614.18,2640.31,30.43027604212725,2841.27,7.611227469501689,0.5628251981229937,Low
Ratnagiri,RICE,2013,148.9,2992.8,22.84,36.130378813049425,2841.27,2709.7233333333334,117.74823579711628,3032.91,11.926924889010802,0.5495984030693791,Low
Ratnagiri,RICE,2014,142.5,2687.7,23.14,22.25261264896849,3032.91,2829.4533333333334,209.6149527904273,3145.96,11.186141963818688,0.572397041910889,Low
Ratnagiri,RICE,2015,138.2,1265.9,23.14,-42.41932419826274,3145.96,3006.713333333333,154.02499158686126,2678.73,-10.908367275895934,0.7190330591221267,High
Ratnagiri,RICE,2016,139.34,417.1882352941177,20.89597426470588,-81.02379293406314,2678.73,2952.533333333333,243.7647936707285,3195.78,8.238574783237018,0.7365033291687848,High
Ratnagiri,RICE,2017,139.25,417.1882352941177,20.89597426470588,-81.02379293406314,3195.78,3006.8233333333333,285.226987911966,3093.02,2.8667020676306243,0.7481423867192265,High
Ratnagiri,SESAMUM,1999,0.2,2039.4,22.87875,-7.235934726231958,500.0,750.0,353.5533905932738,500.0,-33.33333333333333,0.7138897196236639,High
Ratnagiri,SESAMUM,2000,0.3,2639.3,23.23,20.05109222175934,500.0,666.6666666666666,288.67513459481285,333.33,-50.0005,0.7083301797472981,High
Ratnagiri,SESAMUM,2001,0.3,2076.3,22.91,-5.557502830281164,333.33,444.4433333333333,96.22696936583493,666.67,50.00112500281249,0.5307684876954162,Low
Ratnagiri,SESAMUM,2002,0.3,1810.8,23.2,-17.634025008463684,666.67,500.0,166.67000000000002,666.67,33.33399999999999,0.5853234081076679,Low
Ratnagiri,SESAMUM,2003,0.3,2190.2,23.06,-0.3766520728612637,666.67,555.5566666666667,192.45393873166987,666.67,20.000359999279983,0.5878581423038258,Medium
Ratnagiri,SESAMUM,2004,0.3,2224.7,22.77,1.192613520913865,666.67,666.67,0.0,333.33,-50.000749996250015,0.7371306898161716,High
Ratnagiri,SESAMUM,2005,0.4,2917.9,23.04,32.723480465984,333.33,555.5566666666666,192.4539387316698,750.0,34.99973000054001,0.5048102139770401,Low
Ratnagiri,SESAMUM,2006,0.3,2592.6,23.0025,17.926897925257922,750.0,583.3333333333334,220.48179569600148,666.67,14.286285714285698,0.572286134686546,Low
Ratnagiri,SESAMUM,2007,0.3,2801.7,23.2703125,27.438012002312394,666.67,583.3333333333333,220.48179569600148,666.67,14.286285714285722,0.5577611144390775,Low
Ratnagiri,SESAMUM,2008,0.3,2062.8,23.0378125,-6.171563280019258,666.67,694.4466666666666,48.11059793157171,666.67,-3.999827200552955,0.6487083211195863,Medium
Ratnagiri,SESAMUM,2009,0.2,2557.0,23.34,16.307597776318953,666.67,666.67,0.0,350.0,-47.5002624986875,0.7086299242064125,High
Ratnagiri,SESAMUM,2012,0.2,2937.0,23.21,33.592262287465296,350.0,561.1133333333332,182.8295097442788,400.0,-28.713153611272812,0.6415280237977428,Medium
Ratnagiri,SESAMUM,2013,0.2,2992.8,22.84,36.130378813049425,400.0,472.2233333333333,170.24138637045147,0.0,-100.0,0.7921067403280941,High
Ratnagiri,SESAMUM,2015,0.14,1265.9,23.14,-42.41932419826274,0.0,249.99999999999997,217.94494717703378,142.86,-42.85599999999999,0.7882529300241214,High
Ratnagiri,SESAMUM,2016,0.06,417.1882352941177,20.89597426470588,-81.02379293406314,142.86,180.9533333333333,202.70255680018786,355.56,96.49265003868406,0.5452861661159536,Low
Ratnagiri,SESAMUM,2017,0.04,417.1882352941177,20.89597426470588,-81.02379293406314,355.56,166.13999999999996,178.91952716235323,300.0,80.57060310581441,0.5797839344703896,Low
Ratnagiri,SUGARCANE,2013,1.1,2992.8,22.84,36.130378813049425,0.0,8750.0,12374.368670764581,8790.91,0.46754285714285554,0.5744270641383435,Low
Ratnagiri,SUGARCANE,2015,1.4,1265.9,23.14,-42.41932419826274,8790.91,8763.636666666667,8750.031878572405,7735.71,-11.72945325970079,0.720812078753698,High
Ratnagiri,SUGARCANE,2016,1.3,417.1882352941177,20.89597426470588,-81.02379293406314,7735.71,5508.873333333333,4799.9089378896915,10046.01,82.36051896879097,0.5759057834339533,Low
Ratnagiri,SUGARCANE,2017,1.14,417.1882352941177,20.89597426470588,-81.02379293406314,10046.01,8857.543333333333,1156.5904734750934,5998.25,-32.28088450409312,0.8242954909577076,High
Sangli,COTTON,1999,3.2,494.5,20.41,7.375520945387404,290.32,345.15999999999997,77.55547176054051,393.75,14.077529261791643,0.588852111458749,Medium
Sangli,COTTON,2000,3.6,390.5,20.77,-15.206995087616216,393.75,361.3566666666666,61.59887688370084,308.33,-14.674329148486716,0.6856349846221687,High
Sangli,COTTON,2001,3.1,501.3,20.59,8.85207007062226,308.33,330.8,55.25501696678771,164.52,-50.266021765417165,0.7260082076877379,High
Sangli,COTTON,2002,3.0,241.8,20.981875,-47.49565022326658,164.52,288.8666666666666,115.84780633802839,186.67,-35.37849065312716,0.779804036381559,High
Sangli,COTTON,2003,0.6,185.6,21.24,-59.69889446417815,186.67,219.84,77.43071548164849,250.0,13.719068413391556,0.6920623332061002,High
Sangli,COTTON,2004,1.3,364.2,20.536875,-20.917765969039248,250.0,200.39666666666668,44.362412393075914,23.08,-88.4828423626474,0.8542747071541539,High
Sangli,COTTON,2005,2.7,877.9,20.47,90.62683485936421,23.08,153.25,117.09331278941596,151.85,-0.9135399673735762,0.49419444617135366,Low
Sangli,COTTON,2006,1.6,622.5,20.66,35.169386832161095,151.85,141.64333333333335,113.80379445929445,200.0,41.19972701386109,0.48764158973497,Low
Sangli,COTTON,2007,1.9,432.7,20.94,-6.043704928070519,200.0,124.97666666666667,91.47023359177201,563.16,350.6121142613287,0.20651343499245986,Low
Sangli,COTTON,2008,1.5,524.5,20.7271875,13.889708262599987,563.16,305.00333333333333,224.86274487636524,180.0,-40.98425153823456,0.6982044115419911,High
Sangli,COTTON,2009,2.5,596.9,20.78,29.61061365480635,180.0,314.38666666666666,215.67598042743035,120.0,-61.83044234276262,0.719362775325809,High
Sangli,COTTON,2012,2.6,387.4,21.0153125,-15.88012777706152,120.0,287.71999999999997,240.41712750966803,569.23,97.84165160572782,0.4428783429037684,Low
Sangli,COTTON,2013,2.8,463.4,20.59,0.6224800932103554,569.23,289.74333333333334,243.89464453598262,400.0,38.05321951612346,0.5472177758070003,Low
Sangli,COTTON,2014,1.4,585.8,21.01,27.200364347437688,400.0,363.07666666666665,226.87969859230094,178.57,-50.81755001239407,0.6991823518538309,High
Sangli,COTTON,2015,1.0,229.2,21.01,-50.23160889649587,178.57,382.59999999999997,195.91038487022578,90.0,-76.47673810768426,0.8730284936923646,High
Sangli,COTTON,2016,0.6,417.1882352941177,20.89597426470588,-9.411922958558657,90.0,222.85666666666665,159.6746117369112,540.0,142.30821006027793,0.3366561307007335,Low
Sangli,COTTON,2017,0.25,417.1882352941177,20.89597426470588,-9.411922958558657,540.0,269.5233333333333,238.38913908425724,141.73,-47.414571403836405,0.7477221572049444,High
Sangli,FINGER MILLET,1999,0.8,494.5,20.41,7.375520945387404,1500.0,1250.0,353.5533905932738,1500.0,20.0,0.5760200915260071,Low
Sangli,FINGER MILLET,2000,0.9,390.5,20.77,-15.206995087616216,1500.0,1333.3333333333333,288.6751345948129,1333.33,-0.00024999999999977265,0.65384114646722,Medium
Sangli,FINGER MILLET,2001,0.9,501.3,20.59,8.85207007062226,1333.33,1444.4433333333334,96.226969365835,1555.56,7.692698225152474,0.6004309810419222,Medium
Sangli,FINGER MILLET,2002,0.5,241.8,20.981875,-47.49565022326658,1555.56,1462.9633333333331,115.65175845326928,1400.0,-4.303821695235001,0.7124755869730173,High
Sangli,FINGER MILLET,2003,0.4,185.6,21.24,-59.69889446417815,1400.0,1429.6299999999999,114.03944887625516,1750.0,22.40929471261796,0.6732335095578391,Medium
Sangli,FINGER MILLET,2004,0.4,364.2,20.536875,-20.917765969039248,1750.0,1568.5199999999998,175.35954835708247,1250.0,-20.307041032310703,0.7065604709389168,High
Sangli,FINGER MILLET,2005,0.4,877.9,20.47,90.62683485936421,1250.0,1466.6666666666667,256.5800719723443,1250.0,-14.772727272727277,0.5242226853328533,Low
Sangli,FINGER MILLET,2006,0.1,622.5,20.66,35.169386832161095,1250.0,1416.6666666666667,288.675134594813,1000.0,-29.41176470588236,0.6406331551272375,Medium
Sangli,FINGER MILLET,2007,0.1,432.7,20.94,-6.043704928070519,1000.0,1166.6666666666667,144.33756729740648,1300.0,11.428571428571422,0.6150848635625266,Medium
Sangli,FINGER MILLET,2008,0.1,524.5,20.7271875,13.889708262599987,1300.0,1183.3333333333333,160.727512683216,1000.0,-15.492957746478867,0.6429732749933711,Medium
Sangli,FINGER MILLET,2009,0.1,596.9,20.78,29.61061365480635,1000.0,1100.0,173.20508075688778,1400.0,27.27272727272727,0.5263059078262242,Low
Sangli,GROUNDNUT,1999,38.8,494.5,20.41,7.375520945387404,1377.95,1177.21,283.8892305107751,1000.0,-15.053388945048042,0.6519691009066914,Medium
Sangli,GROUNDNUT,2000,39.9,390.5,20.77,-15.206995087616216,1000.0,1118.14,225.3094367752936,1080.2,-3.393135027814053,0.6611923973607926,Medium
Sangli,GROUNDNUT,2001,35.3,501.3,20.59,8.85207007062226,1080.2,1152.7166666666665,199.13701522653528,847.03,-26.518803406445635,0.674555901243471,High
Sangli,GROUNDNUT,2002,37.3,241.8,20.981875,-47.49565022326658,847.03,975.7433333333333,118.46244819913738,713.14,-26.913156806947185,0.761462479714897,High
Sangli,GROUNDNUT,2003,16.9,185.6,21.24,-59.69889446417815,713.14,880.1233333333333,185.75423934148387,710.06,-19.322670686305337,0.7636527679218716,High
Sangli,GROUNDNUT,2004,32.9,364.2,20.536875,-20.917765969039248,710.06,756.7433333333333,78.20571100203117,772.04,2.0213810935455823,0.6581822229997227,Medium
Sangli,GROUNDNUT,2005,36.2,877.9,20.47,90.62683485936421,772.04,731.7466666666666,34.92901563647641,671.27,-8.26469998724512,0.5101219595476889,Low
Sangli,GROUNDNUT,2006,36.9,622.5,20.66,35.169386832161095,671.27,717.79,50.82777685478556,571.82,-20.336031429805367,0.6209690663624695,Medium
Sangli,GROUNDNUT,2007,38.7,432.7,20.94,-6.043704928070519,571.82,671.71,100.11072519965002,999.22,48.757648389930175,0.5342051968131855,Low
Sangli,GROUNDNUT,2008,21.2,524.5,20.7271875,13.889708262599987,999.22,747.4366666666668,223.6486325317757,712.26,-4.706307334846676,0.6196021991015793,Medium
Sangli,GROUNDNUT,2009,26.2,596.9,20.78,29.61061365480635,712.26,761.1,217.8455856793979,1079.39,41.819734594665626,0.4947873919621296,Low
Sangli,GROUNDNUT,2012,22.6,387.4,21.0153125,-15.88012777706152,1079.39,930.29,193.02750555296527,778.32,-16.335766266433037,0.6902627482926257,High
Sangli,GROUNDNUT,2013,26.8,463.4,20.59,0.6224800932103554,778.32,856.6566666666668,195.70024075951804,1119.4,30.67078604030397,0.5632130483378892,Low
Sangli,GROUNDNUT,2014,31.8,585.8,21.01,27.200364347437688,1119.4,992.3700000000002,186.449059799185,1034.59,4.254461541562087,0.5798596601539904,Low
Sangli,GROUNDNUT,2015,30.1,229.2,21.01,-50.23160889649587,1034.59,977.4366666666668,177.5775020472283,747.51,-23.523433743362755,0.758296334236717,High
Sangli,GROUNDNUT,2016,32.6,417.1882352941177,20.89597426470588,-9.411922958558657,747.51,967.1666666666666,194.89733818945135,1282.21,32.57384111666381,0.5744139300777716,Low
Sangli,GROUNDNUT,2017,29.25,417.1882352941177,20.89597426470588,-9.411922958558657,1282.21,1021.4366666666666,267.5925636734575,1203.58,17.832073125760775,0.6063544273912884,Medium
Sangli,KHARIF SORGHUM,1999,126.6,494.5,20.41,7.375520945387404,1778.85,1468.725,438.5829810309561,1259.87,-14.220156938841514,0.6501637648932499,Medium
Sangli,KHARIF SORGHUM,2000,131.9,390.5,20.77,-15.206995087616216,1259.87,1399.1066666666666,332.7426222072149,1282.03,-8.367958602155657,0.6719711817718301,Medium
Sangli,KHARIF SORGHUM,2001,112.3,501.3,20.59,8.85207007062226,1282.03,1440.25,293.4454572829506,469.28,-67.41676792223572,0.7631681576940543,High
Sangli,KHARIF SORGHUM,2002,107.3,241.8,20.981875,-47.49565022326658,469.28,1003.7266666666666,462.9769929848928,555.45,-44.661229152690964,0.7999166364638803,High
Sangli,KHARIF SORGHUM,2003,50.8,185.6,21.24,-59.69889446417815,555.45,768.9200000000001,446.45013304959394,305.12,-60.318368620922854,0.8524767801132467,High
Sangli,KHARIF SORGHUM,2004,112.8,364.2,20.536875,-20.917765969039248,305.12,443.2833333333333,127.17368923379391,1817.38,309.9815768695718,0.2292285487038347,Low
Sangli,KHARIF SORGHUM,2005,111.1,877.9,20.47,90.62683485936421,1817.38,892.65,810.5618155945913,869.49,-2.5945219290875445,0.4978365737550551,Low
Sangli,KHARIF SORGHUM,2006,113.9,622.5,20.66,35.169386832161095,869.49,997.33,764.1923030886926,757.68,-24.029157851463413,0.6289708402760353,Medium
Sangli,KHARIF SORGHUM,2007,104.0,432.7,20.94,-6.043704928070519,757.68,1148.1833333333332,582.2314857797829,830.77,-27.644830239073308,0.699743900508808,High
Sangli,KHARIF SORGHUM,2008,40.4,524.5,20.7271875,13.889708262599987,830.77,819.3133333333332,56.778608941515365,648.51,-20.847132151313687,0.6545739862038079,Medium
Sangli,KHARIF SORGHUM,2009,90.7,596.9,20.78,29.61061365480635,648.51,745.6533333333332,91.72326549645705,851.05,14.134807953651398,0.5547713996841271,Low
Sangli,KHARIF SORGHUM,2012,55.8,387.4,21.0153125,-15.88012777706152,851.05,776.7766666666666,111.54404033086455,475.99,-38.722412705496644,0.7387671489104352,High
Sangli,KHARIF SORGHUM,2013,61.8,463.4,20.59,0.6224800932103554,475.99,658.5166666666665,187.73012793191606,862.46,30.970109589734534,0.5625645139807918,Low
Sangli,KHARIF SORGHUM,2014,52.1,585.8,21.01,27.200364347437688,862.46,729.8333333333331,219.90878889515434,1067.18,46.22242521123549,0.48892907220333437,Low
Sangli,KHARIF SORGHUM,2015,68.6,229.2,21.01,-50.23160889649587,1067.18,801.8766666666667,300.21518821227806,469.39,-41.46356671641109,0.7971666223448589,High
Sangli,KHARIF SORGHUM,2016,66.0,417.1882352941177,20.89597426470588,-9.411922958558657,469.39,799.6766666666666,303.8001501535731,1003.03,25.429444400445185,0.5898934562961937,Medium
Sangli,KHARIF SORGHUM,2017,53.8,417.1882352941177,20.89597426470588,-9.411922958558657,1003.03,846.5333333333333,328.18687669273663,834.57,-1.4132146794770735,0.6480525509691648,Medium
Sangli,MAIZE,1999,17.4,494.5,20.41,7.375520945387404,1789.47,1642.045,208.49043443285353,1597.7,-2.7005959032791442,0.6252047159829479,Medium
Sangli,MAIZE,2000,17.2,390.5,20.77,-15.206995087616216,1597.7,1627.2633333333333,149.63162644753058,1058.14,-34.97426149015012,0.7296181713622927,High
Sangli,MAIZE,2001,17.1,501.3,20.59,8.85207007062226,1058.14,1481.7700000000002,379.19746293982496,1871.34,26.290854856016765,0.5601349750085172,Low
Sangli,MAIZE,2002,17.2,241.8,20.981875,-47.49565022326658,1871.34,1509.0600000000002,413.78297113341904,1453.49,-3.6824248207493513,0.7111292270783027,High
Sangli,MAIZE,2003,13.2,185.6,21.24,-59.69889446417815,1453.49,1460.99,406.65187507252426,2333.33,59.708827575821864,0.5924178550211667,Medium
Sangli,MAIZE,2004,23.7,364.2,20.536875,-20.917765969039248,2333.33,1886.0533333333333,440.1044967201921,2015.19,6.846925502283434,0.6477268767808256,Medium
Sangli,MAIZE,2005,22.4,877.9,20.47,90.62683485936421,2015.19,1934.0033333333333,445.50315659188504,2357.14,21.8787971754616,0.4448110490287087,Low
Sangli,MAIZE,2006,26.0,622.5,20.66,35.169386832161095,2357.14,2235.22,190.9230989168164,1221.15,-45.36779377421461,0.6752045514418421,High
Sangli,MAIZE,2007,34.2,432.7,20.94,-6.043704928070519,1221.15,1864.4933333333336,582.795362055442,2397.08,28.5646860273032,0.5779566152653982,Low
Sangli,MAIZE,2008,28.0,524.5,20.7271875,13.889708262599987,2397.08,1991.7900000000002,667.6925251191602,2294.29,15.18734404731421,0.5764992877737076,Low
Sangli,MAIZE,2009,34.1,596.9,20.78,29.61061365480635,2294.29,1970.8400000000001,651.2816350090031,2333.72,18.412453573095718,0.5455031675086953,Low
Sangli,MAIZE,2012,34.9,387.4,21.0153125,-15.88012777706152,2333.72,2341.6966666666667,51.85717340285652,1866.76,-20.281733045412945,0.698812342980387,High
Sangli,MAIZE,2013,47.9,463.4,20.59,0.6224800932103554,1866.76,2164.9233333333336,258.96855259535647,2390.4,10.414995450185293,0.6071005946163334,Medium
Sangli,MAIZE,2014,63.8,585.8,21.01,27.200364347437688,2390.4,2196.96,287.3624637979021,3827.59,74.22210691136843,0.4282630951865819,Low
Sangli,MAIZE,2015,46.7,229.2,21.01,-50.23160889649587,3827.59,2694.916666666667,1015.2641884915149,1922.91,-28.646773245925978,0.7693969031589004,High
Sangli,MAIZE,2016,64.0,417.1882352941177,20.89597426470588,-9.411922958558657,1922.91,2713.6333333333337,992.6284886267038,3057.81,12.683241410654825,0.6175102294406475,Medium
Sangli,MAIZE,2017,58.78,417.1882352941177,20.89597426470588,-9.411922958558657,3057.81,2936.103333333334,958.1549249121116,2419.03,-17.610869735511134,0.6831474702571216,High
Sangli,MINOR PULSES,1999,64.7,494.5,20.41,7.375520945387404,499.03,420.075,111.6592318171677,414.22,-1.3937987264178924,0.6223733220997579,Medium
Sangli,MINOR PULSES,2000,50.8,390.5,20.77,-15.206995087616216,414.22,418.1233333333333,79.02733092628986,425.2,1.6924830791552838,0.6501735581290624,Medium
Sangli,MINOR PULSES,2001,29.0,501.3,20.59,8.85207007062226,425.2,446.15000000000003,46.12332273373199,272.41,-38.94205984534349,0.7014729568609932,High
Sangli,MINOR PULSES,2002,43.4,241.8,20.981875,-47.49565022326658,272.41,370.60999999999996,85.2207140312729,81.57,-77.99034024985833,0.8721297105075022,High
Sangli,MINOR PULSES,2003,13.6,185.6,21.24,-59.69889446417815,81.57,259.7266666666667,172.1657469804413,58.82,-77.35311481300855,0.8893853968626428,High
Sangli,MINOR PULSES,2004,45.9,364.2,20.536875,-20.917765969039248,58.82,137.6,117.30171652622995,418.3,203.99709302325584,0.2292285487038347,Low
Sangli,MINOR PULSES,2005,38.7,877.9,20.47,90.62683485936421,418.3,186.23000000000002,201.3001597118095,551.16,195.95661279063518,0.06764244853042317,Low
Sangli,MINOR PULSES,2006,48.3,622.5,20.66,35.169386832161095,551.16,342.76,254.7143254707124,623.6,81.93488154977244,0.39938208824078963,Low
Sangli,MINOR PULSES,2007,50.6,432.7,20.94,-6.043704928070519,623.6,531.02,104.12126199773037,566.4,6.662649241083198,0.62541102830205,Medium
Sangli,MINOR PULSES,2008,11.8,524.5,20.7271875,13.889708262599987,566.4,580.3866666666667,38.19173383512916,321.19,-44.65930758804475,0.7061670329832199,High
Sangli,MINOR PULSES,2009,20.25,596.9,20.78,29.61061365480635,321.19,503.73,160.6505483962007,377.28,-25.10273360728963,0.6397860730658826,Medium
Sangli,MINOR PULSES,2012,15.1,387.4,21.0153125,-15.88012777706152,377.28,421.6233333333333,128.47853685862614,224.5,-46.75342130021266,0.7561676675322618,High
Sangli,MINOR PULSES,2013,31.2,463.4,20.59,0.6224800932103554,224.5,307.6566666666667,77.28386269677108,599.36,94.81456602056404,0.4242348583811223,Low
Sangli,MINOR PULSES,2014,27.7,585.8,21.01,27.200364347437688,599.36,400.37999999999994,188.49459514797772,548.74,37.054797941955165,0.5087922646200422,Low
Sangli,MINOR PULSES,2015,22.8,229.2,21.01,-50.23160889649587,548.74,457.5333333333333,203.39369934521903,232.46,-49.192772839865945,0.8139132356122886,High
Sangli,MINOR PULSES,2016,38.15,417.1882352941177,20.89597426470588,-9.411922958558657,232.46,460.18666666666667,198.83453455909853,648.82,40.990612505070416,0.556177592069618,Low
Sangli,MINOR PULSES,2017,36.44,417.1882352941177,20.89597426470588,-9.411922958558657,648.82,476.67333333333335,217.3341108370551,209.71,-56.005510412441794,0.7663358583901941,High
Sangli,OILSEEDS,1999,118.1,494.5,20.41,7.375520945387404,1416.23,1308.33,152.593643380057,1513.97,15.717747051584855,0.5852983062475423,Low
Sangli,OILSEEDS,2000,122.7,390.5,20.77,-15.206995087616216,1513.97,1376.8766666666668,160.43175039041793,1702.53,23.65159794026576,0.6025954759301484,Medium
Sangli,OILSEEDS,2001,111.4,501.3,20.59,8.85207007062226,1702.53,1544.243333333333,145.53102258052542,1168.76,-24.315036706218567,0.6697810733929949,Medium
Sangli,OILSEEDS,2002,111.0,241.8,20.981875,-47.49565022326658,1168.76,1461.7533333333333,270.68900685719285,1214.41,-16.921003543689537,0.7398128143112442,High
Sangli,OILSEEDS,2003,64.9,185.6,21.24,-59.69889446417815,1214.41,1361.8999999999999,295.8759508645474,1440.83,5.7955797048241475,0.7092298920746057,High
Sangli,OILSEEDS,2004,130.2,364.2,20.536875,-20.917765969039248,1440.83,1274.6666666666667,145.70061987971573,1408.14,10.471234309623432,0.6398742076982817,Medium
Sangli,OILSEEDS,2005,121.9,877.9,20.47,90.62683485936421,1408.14,1354.46,122.38325416493906,1052.58,-22.287849032086594,0.5405054491447442,Low
Sangli,OILSEEDS,2006,111.3,622.5,20.66,35.169386832161095,1052.58,1300.5166666666667,215.340665071262,1054.36,-18.92760569517244,0.6179174772707751,Medium
Sangli,OILSEEDS,2007,111.4,432.7,20.94,-6.043704928070519,1054.36,1171.6933333333334,204.77075409670564,1566.16,33.66637459175894,0.5669029567091143,Low
Sangli,OILSEEDS,2008,88.6,524.5,20.7271875,13.889708262599987,1566.16,1224.3666666666666,296.0030475068348,1598.53,30.559745174375873,0.5431924186651852,Low
Sangli,OILSEEDS,2009,100.5,596.9,20.78,29.61061365480635,1598.53,1406.3500000000001,305.2616489177768,1213.43,-13.717780068972877,0.6151186737329452,Medium
Sangli,OILSEEDS,2012,92.2,387.4,21.0153125,-15.88012777706152,1213.43,1459.3733333333337,213.60722514309597,1299.24,-10.972746292929406,0.6786428716834065,High
Sangli,OILSEEDS,2013,89.4,463.4,20.59,0.6224800932103554,1299.24,1370.3999999999999,202.17149081905677,1507.83,10.028458844133105,0.6079380905961103,Medium
Sangli,OILSEEDS,2014,74.6,585.8,21.01,27.200364347437688,1507.83,1340.1666666666667,151.407014478634,1140.75,-14.879990050988686,0.6213176386043788,Medium
Sangli,OILSEEDS,2015,84.6,229.2,21.01,-50.23160889649587,1140.75,1315.9399999999998,184.1089327001815,1218.68,-7.390914479383541,0.723342542498212,High
Sangli,PEARL MILLET,1999,102.6,494.5,20.41,7.375520945387404,530.82,524.49,8.95197184982175,549.71,4.808480619268247,0.6089350501841495,Medium
Sangli,PEARL MILLET,2000,105.3,390.5,20.77,-15.206995087616216,549.71,532.8966666666666,15.877185938740366,423.55,-20.519300177019932,0.6982990885172817,High
Sangli,PEARL MILLET,2001,42.5,501.3,20.59,8.85207007062226,423.55,501.36000000000007,68.04414082049975,178.82,-64.33301420137228,0.7564866912988724,High
Sangli,PEARL MILLET,2002,64.4,241.8,20.981875,-47.49565022326658,178.82,384.02666666666664,188.57735397797194,147.52,-61.58600097215471,0.8365869754059295,High
Sangli,PEARL MILLET,2003,11.2,185.6,21.24,-59.69889446417815,147.52,249.96333333333334,151.14288151723625,35.71,-85.71390470602354,0.9075004416307815,High
Sangli,PEARL MILLET,2004,95.6,364.2,20.536875,-20.917765969039248,35.71,120.68333333333334,75.23478605893222,480.13,297.842839386825,0.2292285487038347,Low
Sangli,PEARL MILLET,2005,74.2,877.9,20.47,90.62683485936421,480.13,221.12,231.17094129669493,370.62,67.6103473227207,0.3457260237099776,Low
Sangli,PEARL MILLET,2006,92.7,622.5,20.66,35.169386832161095,370.62,295.4866666666667,231.54059564865358,377.56,27.775646955305366,0.5167270965284104,Low
Sangli,PEARL MILLET,2007,86.7,432.7,20.94,-6.043704928070519,377.56,409.43666666666667,61.32048135275264,396.77,-3.0936815624720193,0.6465497450430159,Medium
Sangli,PEARL MILLET,2008,12.5,524.5,20.7271875,13.889708262599987,396.77,381.65000000000003,13.546279932141934,72.0,-81.13454736014674,0.7851967191558441,High
Sangli,PEARL MILLET,2009,54.1,596.9,20.78,29.61061365480635,72.0,282.10999999999996,182.2139267454603,336.6,19.31516075289783,0.5435473019524639,Low
Sangli,PEARL MILLET,2012,22.1,387.4,21.0153125,-15.88012777706152,336.6,268.45666666666665,172.7759347633035,217.19,-19.09681264511963,0.6962450154464266,High
Sangli,PEARL MILLET,2013,24.2,463.4,20.59,0.6224800932103554,217.19,208.59666666666666,132.50914697987204,297.52,42.62931654388852,0.5373028989135423,Low
Sangli,PEARL MILLET,2014,69.6,585.8,21.01,27.200364347437688,297.52,283.77,60.88089930347589,762.93,168.85505867427847,0.22322503303429359,Low
Sangli,PEARL MILLET,2015,33.9,229.2,21.01,-50.23160889649587,762.93,425.87999999999994,294.6442840103977,238.94,-43.89499389499389,0.8024347145651041,High
Sangli,PEARL MILLET,2016,66.1,417.1882352941177,20.89597426470588,-9.411922958558657,238.94,433.12999999999994,287.1131033234114,712.56,64.51411816313811,0.505209996477308,Low
Sangli,PEARL MILLET,2017,58.8,417.1882352941177,20.89597426470588,-9.411922958558657,712.56,571.4766666666666,289.0843479563243,147.96,-74.1091791440887,0.8055604739752982,High
Sangli,PIGEONPEA,1999,14.4,494.5,20.41,7.375520945387404,384.06,317.03,94.79473508586858,409.72,29.23698072737598,0.5560066332834258,Low
Sangli,PIGEONPEA,2000,15.7,390.5,20.77,-15.206995087616216,409.72,347.9266666666667,85.77198221641692,433.12,24.48600279752438,0.6007875987394274,Medium
Sangli,PIGEONPEA,2001,9.7,501.3,20.59,8.85207007062226,433.12,408.9666666666667,24.538674237483566,319.59,-21.854266851414145,0.6644494053742698,Medium
Sangli,PIGEONPEA,2002,10.7,241.8,20.981875,-47.49565022326658,319.59,387.4766666666667,59.94447124909302,383.18,-1.1088839758092999,0.7055532219142846,High
Sangli,PIGEONPEA,2003,5.8,185.6,21.24,-59.69889446417815,383.18,378.63000000000005,56.90160015324705,293.1,-22.589335234925922,0.7707305411105259,High
Sangli,PIGEONPEA,2004,13.2,364.2,20.536875,-20.917765969039248,293.1,331.95666666666665,46.295814425640316,439.39,32.36366192374507,0.5924406145345096,Medium
Sangli,PIGEONPEA,2005,12.7,877.9,20.47,90.62683485936421,439.39,371.89000000000004,73.7955899766375,346.46,-6.83804350748879,0.5070308705082271,Low
Sangli,PIGEONPEA,2006,13.7,622.5,20.66,35.169386832161095,346.46,359.6499999999999,74.03156826651721,510.95,42.06867788127349,0.4857588628555828,Low
Sangli,PIGEONPEA,2007,14.5,432.7,20.94,-6.043704928070519,510.95,432.26666666666665,82.47603550931237,468.97,8.490900678593471,0.6214498168541243,Medium
Sangli,PIGEONPEA,2008,3.9,524.5,20.7271875,13.889708262599987,468.97,442.1266666666666,85.46732377542519,435.9,-1.4083445166543447,0.6124566129955197,Medium
Sangli,PIGEONPEA,2009,8.3,596.9,20.78,29.61061365480635,435.9,471.94,37.61304693852966,1009.64,113.93397465779549,0.33853987182586903,Low
Sangli,PIGEONPEA,2012,5.4,387.4,21.0153125,-15.88012777706152,1009.64,638.17,322.12711295387743,148.15,-76.7851826315872,0.8212364837500231,High
Sangli,PIGEONPEA,2013,6.3,463.4,20.59,0.6224800932103554,148.15,531.23,438.58535281060176,523.81,-1.3967584662010941,0.6326927281017519,Medium
Sangli,PIGEONPEA,2014,6.9,585.8,21.01,27.200364347437688,523.81,560.5333333333333,431.91747757335935,289.86,-48.28853472882968,0.6937028187394596,High
Sangli,PIGEONPEA,2015,5.3,229.2,21.01,-50.23160889649587,289.86,320.6066666666666,189.70800466330695,113.21,-64.6888191137635,0.8474880025389547,High
Sangli,PIGEONPEA,2016,10.71,417.1882352941177,20.89597426470588,-9.411922958558657,113.21,308.96,205.96528226863853,377.32,22.12584153288452,0.5970512625092179,Medium
Sangli,PIGEONPEA,2017,7.4,417.1882352941177,20.89597426470588,-9.411922958558657,377.32,260.13,134.5415463713716,297.3,14.28900934148311,0.614031065590531,Medium
Sangli,RICE,1999,17.9,494.5,20.41,7.375520945387404,3159.51,2608.785,778.8427641379232,2636.87,1.076554794664951,0.617020889470763,Medium
Sangli,RICE,2000,18.6,390.5,20.77,-15.206995087616216,2636.87,2618.146666666667,550.963654003904,2172.04,-17.039025060984628,0.6907584924325637,High
Sangli,RICE,2001,17.7,501.3,20.59,8.85207007062226,2172.04,2656.14,494.0169530491847,2666.67,0.39643994668956456,0.6162395406452058,Medium
Sangli,RICE,2002,18.5,241.8,20.981875,-47.49565022326658,2666.67,2491.86,277.3727353219853,1535.14,-38.3938102461615,0.7863372288331117,High
Sangli,RICE,2003,15.6,185.6,21.24,-59.69889446417815,1535.14,2124.6166666666663,567.2537039397218,2532.05,19.176792676325952,0.6802372639697818,High
Sangli,RICE,2004,17.7,364.2,20.536875,-20.917765969039248,2532.05,2244.62,618.1035826623239,2497.18,11.251793176573315,0.638182996819896,Medium
Sangli,RICE,2005,18.1,877.9,20.47,90.62683485936421,2497.18,2188.1233333333334,565.7688613147012,2182.32,-0.26521966312075423,0.49278975217881055,Low
Sangli,RICE,2006,18.1,622.5,20.66,35.169386832161095,2182.32,2403.85,192.64120768932148,1596.69,-33.577802275516355,0.6496595698614145,Medium
Sangli,RICE,2007,18.7,432.7,20.94,-6.043704928070519,1596.69,2092.063333333333,456.9794956377516,2332.09,11.473202691441804,0.6149881624929744,Medium
Sangli,RICE,2008,18.7,524.5,20.7271875,13.889708262599987,2332.09,2037.0333333333335,388.6315113746362,2069.52,1.594802899641625,0.6059497935935668,Medium
Sangli,RICE,2009,18.7,596.9,20.78,29.61061365480635,2069.52,1999.4333333333332,372.67599283202287,1875.4,-6.203424303552661,0.598837569574589,Medium
Sangli,RICE,2012,17.5,387.4,21.0153125,-15.88012777706152,1875.4,2092.3366666666666,229.19836219601117,1928.0,-7.854217214884153,0.6718860586809977,Medium
Sangli,RICE,2013,14.5,463.4,20.59,0.6224800932103554,1928.0,1957.64,100.39691628730777,1758.62,-10.166322715105954,0.6516934506409824,Medium
Sangli,RICE,2014,15.5,585.8,21.01,27.200364347437688,1758.62,1854.0066666666664,86.6928609133078,2025.81,9.266597387280171,0.569000032488304,Low
Sangli,RICE,2015,22.6,229.2,21.01,-50.23160889649587,2025.81,1904.1433333333332,135.18313294688087,1920.35,0.8511264032994736,0.7054847872524583,High
Sangli,RICE,2016,16.8,417.1882352941177,20.89597426470588,-9.411922958558657,1920.35,1901.593333333333,134.57891154759005,2553.57,34.28580944401014,0.5707046653685337,Low
Sangli,RICE,2017,17.0,417.1882352941177,20.89597426470588,-9.411922958558657,2553.57,2166.5766666666664,339.26882104510247,2311.76,6.701047581976506,0.6304716494027406,Medium
Sangli,SESAMUM,1999,0.9,494.5,20.41,7.375520945387404,375.0,437.5,88.38834764831844,222.22,-49.20685714285714,0.7259682820016977,High
Sangli,SESAMUM,2000,0.9,390.5,20.77,-15.206995087616216,222.22,365.74,139.12132403050225,222.22,-39.24099086782961,0.7388627516805675,High
Sangli,SESAMUM,2001,0.2,501.3,20.59,8.85207007062226,222.22,273.1466666666667,88.20757412679103,500.0,83.0518402811676,0.4371528399211003,Low
Sangli,SESAMUM,2002,0.2,241.8,20.981875,-47.49565022326658,500.0,314.81333333333333,160.37635777549423,0.0,-100.0,0.9198173066326502,High
Sangli,SESAMUM,2003,0.1,185.6,21.24,-59.69889446417815,0.0,240.74,250.5139572957962,1000.0,315.3858934950569,0.2884536481031273,Low
Sangli,SESAMUM,2004,0.3,364.2,20.536875,-20.917765969039248,1000.0,500.0,500.0,333.33,-33.334,0.7347855487021495,High
Sangli,SESAMUM,2005,0.3,877.9,20.47,90.62683485936421,333.33,444.4433333333333,509.17544091730633,333.33,-25.000562501406254,0.5463829949949172,Low
Sangli,SESAMUM,2006,0.5,622.5,20.66,35.169386832161095,333.33,555.5533333333333,384.9021039606478,200.0,-63.99985599942399,0.7155740195963278,High
Sangli,SESAMUM,2007,0.4,432.7,20.94,-6.043704928070519,200.0,288.88666666666666,76.97811139105279,250.0,-13.460872775944427,0.6690119926721312,Medium
Sangli,SESAMUM,2008,0.1,524.5,20.7271875,13.889708262599987,250.0,261.10999999999996,67.35574437269622,1000.0,282.98035310788566,0.17607186654422322,Low
Sangli,SESAMUM,2009,0.1,596.9,20.78,29.61061365480635,1000.0,483.3333333333333,448.14432199162513,400.0,-17.241379310344822,0.6227531387558923,Medium
Sangli,SESAMUM,2012,0.1,387.4,21.0153125,-15.88012777706152,400.0,550.0,396.86269665968865,300.0,-45.45454545454545,0.7533534365333255,High
Sangli,SESAMUM,2013,0.1,463.4,20.59,0.6224800932103554,300.0,566.6666666666666,378.5938897200183,200.0,-64.70588235294117,0.7698624965225649,High
Sangli,SESAMUM,2016,0.02,417.1882352941177,20.89597426470588,-9.411922958558657,200.0,300.0,99.99999999999959,250.0,-16.666666666666664,0.6811016969412986,High
Sangli,SESAMUM,2017,0.02,417.1882352941177,20.89597426470588,-9.411922958558657,250.0,250.0,49.999999999998906,909.09,263.636,0.21165725249841905,Low
Sangli,SOYABEAN,1999,56.7,494.5,20.41,7.375520945387404,1763.35,1484.8,393.92918779902556,2257.5,52.040678879310356,0.5065986206210661,Low
Sangli,SOYABEAN,2000,58.7,390.5,20.77,-15.206995087616216,2257.5,1742.3666666666668,525.9390324299322,2638.84,51.45147404870769,0.542362411028725,Low
Sangli,SOYABEAN,2001,60.1,501.3,20.59,8.85207007062226,2638.84,2219.896666666667,438.9546594277519,1540.77,-30.592715276536907,0.6833827102953061,High
Sangli,SOYABEAN,2002,61.9,241.8,20.981875,-47.49565022326658,1540.77,2145.7033333333334,557.5063248370674,1673.67,-21.999002658025105,0.7508151457256013,High
Sangli,SOYABEAN,2003,40.8,185.6,21.24,-59.69889446417815,1673.67,1951.0933333333335,599.3014355341841,1963.24,0.6225569253478322,0.7204381080967671,High
Sangli,SOYABEAN,2004,82.6,364.2,20.536875,-20.917765969039248,1963.24,1725.8933333333334,216.0224123403259,1817.19,5.289820923656925,0.6511006033678385,Medium
Sangli,SOYABEAN,2005,72.4,877.9,20.47,90.62683485936421,1817.19,1818.0333333333335,144.7868420587097,1353.59,-25.546469628352998,0.5475657937699645,Low
Sangli,SOYABEAN,2006,60.8,622.5,20.66,35.169386832161095,1353.59,1711.3400000000001,318.31030065016824,1478.62,-13.598700433578378,0.606371515870693,Medium
Sangli,SOYABEAN,2007,59.5,432.7,20.94,-6.043704928070519,1478.62,1549.8,239.856591112274,2149.58,38.70047748096528,0.5559957337825369,Low
Sangli,SOYABEAN,2008,55.7,524.5,20.7271875,13.889708262599987,2149.58,1660.5966666666664,428.0615030966156,2152.6,29.628105560451186,0.5452109711620152,Low
Sangli,SOYABEAN,2009,56.0,596.9,20.78,29.61061365480635,2152.6,1926.9333333333332,388.2536718864789,1515.36,-21.358981455853858,0.6316746100711321,Medium
Sangli,SOYABEAN,2012,63.0,387.4,21.0153125,-15.88012777706152,1515.36,1939.18,367.04199269293457,1597.14,-17.638383234150513,0.6930850850560041,High
Sangli,SOYABEAN,2013,77.1,463.4,20.59,0.6224800932103554,1597.14,1755.0333333333335,346.72241481238814,2070.04,17.948756908700673,0.5907774447896045,Medium
Sangli,SOYABEAN,2014,36.6,585.8,21.01,27.200364347437688,2070.04,1727.5133333333333,299.44178087456976,1303.28,-24.557456382391646,0.6422854823223487,Medium
Sangli,SOYABEAN,2015,51.7,229.2,21.01,-50.23160889649587,1303.28,1656.82,386.8481629787074,1543.52,-6.83840127473111,0.7221454305548023,High
Sangli,SOYABEAN,2016,57.3,417.1882352941177,20.89597426470588,-9.411922958558657,1543.52,1638.9466666666667,392.18606672513744,2216.4,35.23319855842371,0.5686519889539777,Low
Sangli,SOYABEAN,2017,47.3,417.1882352941177,20.89597426470588,-9.411922958558657,2216.4,1687.7333333333333,473.334076243549,1665.96,-1.290093221677989,0.647785787810601,Medium
Sangli,SUGARCANE,1999,45.4,494.5,20.41,7.375520945387404,10066.26,9692.765,528.2016944785396,10759.91,11.009706724551771,0.5954990602894134,Medium
Sangli,SUGARCANE,2000,45.2,390.5,20.77,-15.206995087616216,10759.91,10048.480000000001,720.4845582661717,9612.39,-4.339860356989335,0.6632436355739989,Medium
Sangli,SUGARCANE,2001,44.9,501.3,20.59,8.85207007062226,9612.39,10146.186666666666,577.9201862137495,9960.8,-1.8271560809709844,0.6210573320384543,Medium
Sangli,SUGARCANE,2002,47.4,241.8,20.981875,-47.49565022326658,9960.8,10111.033333333333,588.3265066553903,8873.42,-12.24022602371666,0.7296711296846702,High
Sangli,SUGARCANE,2003,35.1,185.6,21.24,-59.69889446417815,8873.42,9482.203333333333,555.2569155204951,7964.39,-16.006968844442266,0.7564687472645255,High
Sangli,SUGARCANE,2004,31.6,364.2,20.536875,-20.917765969039248,7964.39,8932.87,999.531864874753,8390.82,-6.068038603494745,0.6757092990099184,High
Sangli,SUGARCANE,2005,36.8,877.9,20.47,90.62683485936421,8390.82,8409.543333333333,454.8041420582465,8142.39,-3.1767876416594882,0.4990981494656235,Low
Sangli,SUGARCANE,2006,53.4,622.5,20.66,35.169386832161095,8142.39,8165.866666666666,214.18216927031708,9312.73,14.044600287375095,0.5464776976421603,Low
Sangli,SUGARCANE,2007,64.7,432.7,20.94,-6.043704928070519,9312.73,8615.313333333334,616.6213355320555,10123.65,17.50762402141303,0.6019135829447471,Medium
Sangli,SUGARCANE,2008,55.4,524.5,20.7271875,13.889708262599987,10123.65,9192.923333333332,996.048706104943,9092.24,-1.0952265093765874,0.6117781906464201,Medium
Sangli,SUGARCANE,2009,63.2,596.9,20.78,29.61061365480635,9092.24,9509.539999999999,543.1411226375664,8575.47,-9.822451979801334,0.6066787962064351,Medium
Sangli,SUGARCANE,2012,60.7,387.4,21.0153125,-15.88012777706152,8575.47,9263.786666666667,788.2173064792038,11641.02,25.661572517501845,0.5992685142610701,Medium
Sangli,SUGARCANE,2013,62.6,463.4,20.59,0.6224800932103554,11641.02,9769.576666666666,1641.1849136015503,11927.64,22.089629949847712,0.5818055532004824,Low
Sangli,SUGARCANE,2014,74.5,585.8,21.01,27.200364347437688,11927.64,10714.71,1858.170764300199,10882.01,1.5614048350352097,0.5856946163514458,Medium
Sangli,SUGARCANE,2015,84.0,229.2,21.01,-50.23160889649587,10882.01,11483.556666666665,540.3069037438912,9628.45,-16.154460856639346,0.7423302263155362,High
Sangli,SUGARCANE,2016,72.36,417.1882352941177,20.89597426470588,-9.411922958558657,9628.45,10812.7,1151.1609666332438,10792.86,-0.18348793548327563,0.6453881430238537,Medium
Sangli,SUGARCANE,2017,80.18,417.1882352941177,20.89597426470588,-9.411922958558657,10792.86,10434.44,699.4296538609088,10660.05,2.1621668244773917,0.6403058910439559,Medium
Sangli,SUNFLOWER,1999,9.0,494.5,20.41,7.375520945387404,447.37,485.59,54.05124235389965,444.44,-8.474227228732053,0.6377142505213875,Medium
Sangli,SUNFLOWER,2000,9.4,390.5,20.77,-15.206995087616216,444.44,471.8733333333333,45.002324754764956,500.0,5.960639154575393,0.6409258866323497,Medium
Sangli,SUNFLOWER,2001,8.7,501.3,20.59,8.85207007062226,500.0,463.93666666666667,31.266103584126604,563.22,21.400191118040542,0.5707314131074304,Low
Sangli,SUNFLOWER,2002,8.8,241.8,20.981875,-47.49565022326658,563.22,502.5533333333333,59.43115120316395,443.18,-11.81433479697013,0.7287483653600557,High
Sangli,SUNFLOWER,2003,4.9,185.6,21.24,-59.69889446417815,443.18,502.13333333333327,60.048428233662655,183.67,-63.42206585236324,0.8592014574480118,High
Sangli,SUNFLOWER,2004,11.0,364.2,20.536875,-20.917765969039248,183.67,396.69,193.9988162335018,554.55,39.79429781441427,0.5763409034381134,Low
Sangli,SUNFLOWER,2005,9.2,877.9,20.47,90.62683485936421,554.55,393.79999999999995,190.30707264839106,543.48,38.00914169629255,0.4098619692336915,Low
Sangli,SUNFLOWER,2006,9.4,622.5,20.66,35.169386832161095,543.48,427.2333333333333,211.00464268194037,500.0,17.032066786299456,0.540004853561179,Low
Sangli,SUNFLOWER,2007,9.6,432.7,20.94,-6.043704928070519,500.0,532.6766666666666,28.835041760561516,718.75,34.93175972916655,0.5641612889114068,Low
Sangli,SUNFLOWER,2008,7.7,524.5,20.7271875,13.889708262599987,718.75,587.41,115.80273874136137,610.39,3.9120886603905314,0.6009290077786276,Medium
Sangli,SUNFLOWER,2009,10.3,596.9,20.78,29.61061365480635,610.39,609.7133333333333,109.37656985540063,505.83,-17.038061602720393,0.6223126170560409,Medium
Sangli,SUNFLOWER,2012,2.6,387.4,21.0153125,-15.88012777706152,505.83,611.6566666666666,106.4656514249236,400.0,-34.6038354850488,0.7298435649328279,High
Sangli,SUNFLOWER,2013,2.9,463.4,20.59,0.6224800932103554,400.0,505.4066666666666,105.19563885130108,513.79,1.6587302634182475,0.6260725025209319,Medium
Sangli,SUNFLOWER,2014,4.2,585.8,21.01,27.200364347437688,513.79,473.20666666666665,63.523636808147046,523.81,10.693706766599504,0.5659079621664558,Low
Sangli,SUNFLOWER,2015,0.5,229.2,21.01,-50.23160889649587,523.81,479.2,68.7719426801369,140.0,-70.78464106844741,0.8606956167740591,High
Sangli,SUNFLOWER,2016,0.79,417.1882352941177,20.89597426470588,-9.411922958558657,140.0,392.5333333333333,218.75765914210504,441.77,12.543308423913047,0.6178134175785869,Medium
Sangli,SUNFLOWER,2017,1.26,417.1882352941177,20.89597426470588,-9.411922958558657,441.77,368.52666666666664,202.11622506205043,584.26,58.539409178892534,0.5181551992764636,Low
Satara,COTTON,1999,5.4,1009.4,19.89,29.119494852199345,293.62,345.81,73.80780582025183,396.3,14.600503166478704,0.5545124117885661,Low
Satara,COTTON,2000,5.6,758.5,20.334375,-2.9748991030382363,396.3,362.64000000000004,59.779116754933746,321.43,-11.363887050518429,0.6597819572966929,Medium
Satara,COTTON,2001,3.1,843.8,20.0596875,7.936427339296416,321.43,337.1166666666667,53.106960309674406,164.52,-51.19790379196124,0.7294256209911288,High
Satara,COTTON,2002,3.6,691.6,20.33625,-11.532551377272567,164.52,294.0833333333333,118.28513107459169,194.44,-33.88268631340323,0.7216416178193588,High
Satara,COTTON,2003,0.6,533.7,20.5,-31.730657417655245,194.44,226.79666666666665,83.3090777366629,250.0,10.23089698555241,0.6569079848782288,Medium
Satara,COTTON,2004,0.6,970.4,19.87,24.13072895242148,250.0,202.98666666666668,43.3761654982704,166.67,-17.891158696794545,0.6325296705291089,Medium
Satara,COTTON,2005,4.7,1244.3,20.0159375,59.167215617784464,166.67,203.70333333333335,42.430286745829854,155.32,-23.751861367020677,0.5917214382032893,Medium
Satara,COTTON,2006,4.0,1060.8,20.03,35.69443247395785,155.32,190.66333333333333,51.69947420751343,187.5,-1.6591199146838198,0.5797005945385891,Low
Satara,COTTON,2007,3.2,741.8,20.46,-5.111114244737994,187.5,169.82999999999998,16.321069205172076,575.0,238.57386798563272,0.20508921713025538,Low
Satara,COTTON,2008,1.4,642.6,20.126875,-17.800488020583217,575.0,305.94,233.56765786384037,185.71,-39.29855527227561,0.742948160661336,High
Satara,COTTON,2009,1.6,1085.5,20.3528125,38.853984210483844,185.71,316.07,224.2417438836935,118.75,-62.429208719587436,0.7065439701919962,High
Satara,COTTON,2012,0.1,675.1,20.46,-13.643183104101663,118.75,293.15333333333336,246.37180851983314,600.0,104.67104814317875,0.42466513823137575,Low
Satara,COTTON,2013,0.2,661.9,20.02,-15.331688485564946,600.0,301.4866666666667,260.67905177312065,450.0,49.26033213187979,0.5473003123090117,Low
Satara,COTTON,2014,0.1,817.9,20.4,4.623375113546505,450.0,389.5833333333333,246.24788493169504,200.0,-48.663101604278076,0.7289931199219051,High
Satara,COTTON,2015,0.1,315.7,20.4,-59.616579626669974,200.0,416.6666666666667,202.072594216369,100.0,-76.0,0.8863279399378434,High
Satara,COTTON,2016,0.1,417.1882352941177,20.89597426470588,-46.63450148656929,100.0,250.0,180.27756377319946,360.0,44.0,0.6065021922595724,Medium
Satara,COTTON,2017,0.09,417.1882352941177,20.89597426470588,-46.63450148656929,360.0,220.0,131.14877048604,211.76,-3.7454545454545496,0.7099506771077123,High
Satara,FINGER MILLET,1999,9.5,1009.4,19.89,29.119494852199345,1533.33,1247.915,403.63776390471685,1189.47,-4.683411931101071,0.5962942278331831,Medium
Satara,FINGER MILLET,2000,9.3,758.5,20.334375,-2.9748991030382363,1189.47,1228.4333333333334,287.40272829834674,1086.02,-11.593086044555402,0.6602785551171048,Medium
Satara,FINGER MILLET,2001,9.0,843.8,20.0596875,7.936427339296416,1086.02,1269.6066666666666,234.1750905483615,1366.67,7.645149941451697,0.6019323379024925,Medium
Satara,FINGER MILLET,2002,8.9,691.6,20.33625,-11.532551377272567,1366.67,1214.0533333333333,141.93083115846738,1078.65,-11.152997122586585,0.6723939579060869,Medium
Satara,FINGER MILLET,2003,10.1,533.7,20.5,-31.730657417655245,1078.65,1177.1133333333335,164.2022430825273,1782.18,51.402583721759996,0.567702663616743,Low
Satara,FINGER MILLET,2004,9.1,970.4,19.87,24.13072895242148,1782.18,1409.1666666666667,353.68501556234077,824.18,-41.51295091661739,0.6837102203385546,High
Satara,FINGER MILLET,2005,8.4,1244.3,20.0159375,59.167215617784464,824.18,1228.3366666666668,496.23137106931625,547.62,-55.41776006035263,0.6603308853719465,Medium
Satara,FINGER MILLET,2006,8.8,1060.8,20.03,35.69443247395785,547.62,1051.3266666666666,647.8667336214552,715.91,-31.904133824564518,0.6452314580097789,Medium
Satara,FINGER MILLET,2007,7.7,741.8,20.46,-5.111114244737994,715.91,695.9033333333333,139.36125154910883,649.35,-6.689626432789988,0.6529167410664743,Medium
Satara,FINGER MILLET,2008,7.4,642.6,20.126875,-17.800488020583217,649.35,637.6266666666667,84.7552855775618,445.95,-30.06095520889967,0.7229333605240882,High
Satara,FINGER MILLET,2009,7.3,1085.5,20.3528125,38.853984210483844,445.95,603.7366666666667,140.64150359454388,791.78,31.14658156701873,0.5037964245716919,Low
Satara,FINGER MILLET,2012,8.0,675.1,20.46,-13.643183104101663,791.78,629.0266666666668,173.8084452301846,876.25,39.30252029590689,0.5662969485666594,Low
Satara,FINGER MILLET,2013,8.0,661.9,20.02,-15.331688485564946,876.25,704.66,227.9954896483715,1150.0,63.19927340845231,0.5170992728765385,Low
Satara,FINGER MILLET,2014,6.6,817.9,20.4,4.623375113546505,1150.0,939.3433333333332,187.2590949282138,1015.15,8.07017668371168,0.6060710169650037,Medium
Satara,FINGER MILLET,2015,6.8,315.7,20.4,-59.616579626669974,1015.15,1013.8000000000001,136.87999305961551,1058.82,4.440718090353114,0.712039717409326,High
Satara,FINGER MILLET,2016,4.5,417.1882352941177,20.89597426470588,-46.63450148656929,1058.82,1074.6566666666665,68.80574564186969,977.78,-9.014662047103407,0.7213672933612467,High
Satara,FINGER MILLET,2017,4.5,417.1882352941177,20.89597426470588,-46.63450148656929,977.78,1017.25,40.56079264511972,1133.33,11.411157532563276,0.6771113509387832,High
Satara,GROUNDNUT,1999,61.3,1009.4,19.89,29.119494852199345,1489.86,1432.0549999999998,81.74861497297677,1435.56,0.24475316939643446,0.5856165367821408,Medium
Satara,GROUNDNUT,2000,62.9,758.5,20.334375,-2.9748991030382363,1435.56,1433.2233333333334,57.84041003773516,1284.58,-10.371261050266654,0.6576312676294879,Medium
Satara,GROUNDNUT,2001,60.9,843.8,20.0596875,7.936427339296416,1284.58,1403.3333333333333,106.36676235240648,1463.05,4.255344418052259,0.6092769165365001,Medium
Satara,GROUNDNUT,2002,61.2,691.6,20.33625,-11.532551377272567,1463.05,1394.3966666666668,96.09214449336277,1276.14,-8.480848347791994,0.6666043022273846,Medium
Satara,GROUNDNUT,2003,59.4,533.7,20.5,-31.730657417655245,1276.14,1341.2566666666664,105.56050603011188,1503.37,12.086674934203508,0.6528871326561648,Medium
Satara,GROUNDNUT,2004,64.9,970.4,19.87,24.13072895242148,1503.37,1414.1866666666665,121.23979228509617,1457.63,3.071965982802856,0.5871095670567994,Medium
Satara,GROUNDNUT,2005,63.0,1244.3,20.0159375,59.167215617784464,1457.63,1412.38,120.1833603291235,900.0,-36.2777722709186,0.618860911828311,Medium
Satara,GROUNDNUT,2006,62.2,1060.8,20.03,35.69443247395785,900.0,1287.0,335.9312234669471,836.01,-35.04195804195804,0.6520300771474421,Medium
Satara,GROUNDNUT,2007,53.2,741.8,20.46,-5.111114244737994,836.01,1064.5466666666666,341.92040043456507,1437.03,34.989854836487524,0.562611198316674,Low
Satara,GROUNDNUT,2008,49.7,642.6,20.126875,-17.800488020583217,1437.03,1057.68,330.08104595689827,1488.93,40.77320172452916,0.569459353835504,Low
Satara,GROUNDNUT,2009,53.3,1085.5,20.3528125,38.853984210483844,1488.93,1253.99,362.910268248227,1351.03,7.738498712110939,0.5545139374238233,Low
Satara,GROUNDNUT,2012,50.7,675.1,20.46,-13.643183104101663,1351.03,1425.6633333333332,69.64914452693257,1324.26,-7.112712444967128,0.6668632861715511,Medium
Satara,GROUNDNUT,2013,43.5,661.9,20.02,-15.331688485564946,1324.26,1388.0733333333335,88.36406867801816,1649.43,18.828736233916548,0.6132354367543789,Medium
Satara,GROUNDNUT,2014,45.2,817.9,20.4,4.623375113546505,1649.43,1441.573333333333,180.5061041442465,1639.38,13.721581975249295,0.5938263055000462,Medium
Satara,GROUNDNUT,2015,45.2,315.7,20.4,-59.616579626669974,1639.38,1537.6899999999998,184.90409487082843,1442.92,-6.1631408151187665,0.735014745037772,High
Satara,GROUNDNUT,2016,43.0,417.1882352941177,20.89597426470588,-46.63450148656929,1442.92,1577.243333333333,116.43590096415132,1379.07,-12.56453770608212,0.7290586906223417,High
Satara,GROUNDNUT,2017,35.68,417.1882352941177,20.89597426470588,-46.63450148656929,1379.07,1487.1233333333332,135.66788504776503,1446.35,-2.741758697440471,0.7077760027703557,High
Satara,KHARIF SORGHUM,1999,69.8,1009.4,19.89,29.119494852199345,1843.39,1639.575,288.23793721507246,1859.6,13.419636186206782,0.5570709569124802,Low
Satara,KHARIF SORGHUM,2000,66.7,758.5,20.334375,-2.9748991030382363,1859.6,1712.9166666666667,240.16151738639005,1755.62,2.4930187302359417,0.6297586614384918,Medium
Satara,KHARIF SORGHUM,2001,64.8,843.8,20.0596875,7.936427339296416,1755.62,1819.5366666666666,55.943688056234734,1527.78,-16.034668166437978,0.6532386104694157,Medium
Satara,KHARIF SORGHUM,2002,67.1,691.6,20.33625,-11.532551377272567,1527.78,1714.3333333333333,169.7190906566886,1615.5,-5.765117635621229,0.6607202190177008,Medium
Satara,KHARIF SORGHUM,2003,58.3,533.7,20.5,-31.730657417655245,1615.5,1632.9666666666665,114.91988397720071,1427.1,-12.606911755700253,0.7063899038174446,High
Satara,KHARIF SORGHUM,2004,63.9,970.4,19.87,24.13072895242148,1427.1,1523.46,94.2742637202748,1726.13,13.303270187599283,0.5649417412798143,Low
Satara,KHARIF SORGHUM,2005,60.5,1244.3,20.0159375,59.167215617784464,1726.13,1589.5766666666668,151.1911030230724,831.4,-47.69676622496976,0.6436020653953394,Medium
Satara,KHARIF SORGHUM,2006,59.3,1060.8,20.03,35.69443247395785,831.4,1328.21,455.48860282119006,634.06,-52.262066992418376,0.6893403132066485,High
Satara,KHARIF SORGHUM,2007,50.3,741.8,20.46,-5.111114244737994,634.06,1063.8633333333332,581.9653101631859,1677.93,57.72044654858553,0.5133615829406258,Low
Satara,KHARIF SORGHUM,2008,45.5,642.6,20.126875,-17.800488020583217,1677.93,1047.7966666666669,554.5599897516346,1828.57,74.51572983307825,0.4963505429338912,Low
Satara,KHARIF SORGHUM,2009,46.8,1085.5,20.3528125,38.853984210483844,1828.57,1380.1866666666665,650.5396639970027,1508.33,9.284492918832242,0.5511642833092715,Low
Satara,KHARIF SORGHUM,2012,32.5,675.1,20.46,-13.643183104101663,1508.33,1671.61,160.21351753207313,1735.69,3.8334300464821434,0.6431466441068234,Medium
Satara,KHARIF SORGHUM,2013,29.7,661.9,20.02,-15.331688485564946,1735.69,1690.8633333333335,164.7588751276642,1777.78,5.140372078169131,0.6428935590917328,Medium
Satara,KHARIF SORGHUM,2014,23.4,817.9,20.4,4.623375113546505,1777.78,1673.9333333333334,144.95254407333888,1534.19,-8.348201839977696,0.6416441704328787,Medium
Satara,KHARIF SORGHUM,2015,24.8,315.7,20.4,-59.616579626669974,1534.19,1682.5533333333335,130.19850626383243,1229.84,-26.90632887318085,0.7799583191634233,High
Satara,KHARIF SORGHUM,2016,24.4,417.1882352941177,20.89597426470588,-46.63450148656929,1229.84,1513.9366666666665,274.5308890331526,1036.89,-31.510344994616666,0.770107939747363,High
Satara,KHARIF SORGHUM,2017,24.1,417.1882352941177,20.89597426470588,-46.63450148656929,1036.89,1266.9733333333334,250.7209321802491,1373.44,8.403228692000885,0.6836285300933134,High
Satara,MAIZE,1999,13.7,1009.4,19.89,29.119494852199345,1813.56,1652.2350000000001,228.14800294983937,1525.55,-7.667492820331258,0.6027597364264936,Medium
Satara,MAIZE,2000,12.0,758.5,20.334375,-2.9748991030382363,1525.55,1610.006666666667,177.13117182848788,991.67,-38.40584511037222,0.7183728664261808,High
Satara,MAIZE,2001,12.4,843.8,20.0596875,7.936427339296416,991.67,1443.5933333333332,417.02933282124565,1983.87,37.42582167646475,0.5374075491435125,Low
Satara,MAIZE,2002,13.3,691.6,20.33625,-11.532551377272567,1983.87,1500.3633333333335,496.5792848411352,2082.71,38.813709568126825,0.5641327600765688,Low
Satara,MAIZE,2003,12.5,533.7,20.5,-31.730657417655245,2082.71,1686.0833333333333,603.4067819749239,1952.0,15.771264765482137,0.6449038546884212,Medium
Satara,MAIZE,2004,16.1,970.4,19.87,24.13072895242148,1952.0,2006.1933333333334,68.15441609560911,1830.43,-8.761036656487077,0.6127477394418421,Medium
Satara,MAIZE,2005,13.5,1244.3,20.0159375,59.167215617784464,1830.43,1955.0466666666669,126.16759185041697,1466.67,-24.98030737544202,0.5943830712215266,Medium
Satara,MAIZE,2006,15.5,1060.8,20.03,35.69443247395785,1466.67,1749.7,252.5357438066937,1624.52,-7.154369320454938,0.5916069682510535,Medium
Satara,MAIZE,2007,16.0,741.8,20.46,-5.111114244737994,1624.52,1640.54,182.4083734371864,1734.38,5.7200677825594095,0.6260290702666402,Medium
Satara,MAIZE,2008,13.5,642.6,20.126875,-17.800488020583217,1734.38,1608.5233333333333,134.5699856332511,2032.59,26.363724907109415,0.6006798869398093,Medium
Satara,MAIZE,2009,17.8,1085.5,20.3528125,38.853984210483844,2032.59,1797.1633333333332,211.15537273139253,2504.49,39.35795114152118,0.486005123826996,Low
Satara,MAIZE,2012,19.52,675.1,20.46,-13.643183104101663,2504.49,2090.4866666666667,388.3057700232294,1580.94,-24.37454755352023,0.7042639289066249,High
Satara,MAIZE,2013,25.4,661.9,20.02,-15.331688485564946,1580.94,2039.3400000000001,461.811999086208,2641.73,29.53847813508291,0.5900309959685959,Medium
Satara,MAIZE,2014,30.8,817.9,20.4,4.623375113546505,2641.73,2242.3866666666668,576.9250159538353,1964.29,-12.401815922320866,0.6504270009445929,Medium
Satara,MAIZE,2015,31.0,315.7,20.4,-59.616579626669974,1964.29,2062.32,537.1464108602047,2016.13,-2.239710617169016,0.7265139796089091,High
Satara,MAIZE,2016,35.5,417.1882352941177,20.89597426470588,-46.63450148656929,2016.13,2207.3833333333337,377.0472338226779,2188.73,-0.8450427731175061,0.703666451601003,High
Satara,MAIZE,2017,33.99,417.1882352941177,20.89597426470588,-46.63450148656929,2188.73,2056.383333333333,117.5098997248031,2886.48,40.3668252514528,0.6143740708813983,Medium
Satara,MINOR PULSES,1999,44.2,1009.4,19.89,29.119494852199345,462.1,437.73,34.46438451503233,452.49,3.3719416078404474,0.5788409618322012,Low
Satara,MINOR PULSES,2000,44.1,758.5,20.334375,-2.9748991030382363,452.49,442.65000000000003,25.81697309910672,414.97,-6.253247486727664,0.6487089049085165,Medium
Satara,MINOR PULSES,2001,26.6,843.8,20.0596875,7.936427339296416,414.97,443.18666666666667,24.904281425757564,454.89,2.640723246788408,0.6127752624075601,Medium
Satara,MINOR PULSES,2002,47.4,691.6,20.33625,-11.532551377272567,454.89,440.7833333333333,22.387186811507455,512.66,16.306575414980905,0.6128982174082225,Medium
Satara,MINOR PULSES,2003,37.6,533.7,20.5,-31.730657417655245,512.66,460.84,49.1160452398195,348.4,-24.398923704539538,0.7319392630398446,High
Satara,MINOR PULSES,2004,47.3,970.4,19.87,24.13072895242148,348.4,438.6499999999999,83.32550689914824,526.22,19.963524450017125,0.5505111903779571,Low
Satara,MINOR PULSES,2005,47.1,1244.3,20.0159375,59.167215617784464,526.22,462.4266666666667,98.98246780785642,343.1,-25.804451877054372,0.5961687176416808,Medium
Satara,MINOR PULSES,2006,49.2,1060.8,20.03,35.69443247395785,343.1,405.9066666666667,104.2280966598419,273.98,-32.50172453437572,0.6465262378810321,Medium
Satara,MINOR PULSES,2007,56.6,741.8,20.46,-5.111114244737994,273.98,381.1000000000001,130.3428340953196,510.25,33.888743112044054,0.5649969403862936,Low
Satara,MINOR PULSES,2008,30.55,642.6,20.126875,-17.800488020583217,510.25,375.77666666666664,121.47716506954444,422.91,12.542911126289566,0.6306249834648192,Medium
Satara,MINOR PULSES,2009,50.1,1085.5,20.3528125,38.853984210483844,422.91,402.38000000000005,119.4654297275995,410.98,2.137283165167246,0.5666499044421607,Low
Satara,MINOR PULSES,2012,13.5,675.1,20.46,-13.643183104101663,410.98,448.0466666666667,54.19891358074763,361.48,-19.320904072492446,0.6933143680311011,High
Satara,MINOR PULSES,2013,30.5,661.9,20.02,-15.331688485564946,361.48,398.4566666666667,32.57355727170972,511.48,28.365276023323315,0.5925729338773997,Medium
Satara,MINOR PULSES,2014,33.3,817.9,20.4,4.623375113546505,511.48,427.98,76.43134173884441,486.49,13.671199588765829,0.5939354673374266,Medium
Satara,MINOR PULSES,2015,55.57,315.7,20.4,-59.616579626669974,486.49,453.15000000000003,80.36583042562317,463.07,2.189120600242736,0.7169181786378822,High
Satara,MINOR PULSES,2016,52.15,417.1882352941177,20.89597426470588,-46.63450148656929,463.07,487.0133333333333,24.209242725317765,501.35,2.9437934621913233,0.6954573064245279,High
Satara,MINOR PULSES,2017,48.17,417.1882352941177,20.89597426470588,-46.63450148656929,501.35,483.6366666666666,19.298853161090967,938.32,94.01341227229811,0.49813979900328753,Low
Satara,OILSEEDS,1999,86.7,1009.4,19.89,29.119494852199345,1350.3,1356.195,8.33678895018937,1396.66,2.983715468645744,0.5796821184671204,Low
Satara,OILSEEDS,2000,88.1,758.5,20.334375,-2.9748991030382363,1396.66,1369.6833333333334,24.094738706475642,1359.82,-0.7201177887833045,0.636720457229677,Medium
Satara,OILSEEDS,2001,85.8,843.8,20.0596875,7.936427339296416,1359.82,1368.9266666666665,24.48491236115285,1397.44,2.0828970629057473,0.6139838858059685,Medium
Satara,OILSEEDS,2002,86.3,691.6,20.33625,-11.532551377272567,1397.44,1384.64,21.498288303955654,1293.16,-6.606771435174487,0.6625438022500603,Medium
Satara,OILSEEDS,2003,80.3,533.7,20.5,-31.730657417655245,1293.16,1350.14,52.809624122881225,1437.73,6.4874753729242824,0.6650187317055627,Medium
Satara,OILSEEDS,2004,101.0,970.4,19.87,24.13072895242148,1437.73,1376.11,74.60796137142464,1461.39,6.197179004585404,0.5803382721762931,Low
Satara,OILSEEDS,2005,102.7,1244.3,20.0159375,59.167215617784464,1461.39,1397.426666666667,91.06921671637087,957.94,-31.449712328375025,0.6084001152861682,Medium
Satara,OILSEEDS,2006,99.0,1060.8,20.03,35.69443247395785,957.94,1285.6866666666667,284.083362823896,873.84,-32.033206639253734,0.6455111157749378,Medium
Satara,OILSEEDS,2007,86.0,741.8,20.46,-5.111114244737994,873.84,1097.7233333333334,317.73933630152453,1475.93,34.45373302926967,0.5637727955656422,Low
Satara,OILSEEDS,2008,82.6,642.6,20.126875,-17.800488020583217,1475.93,1102.57,326.06206418410585,1679.78,52.351324632449646,0.5443734208684265,Low
Satara,OILSEEDS,2009,90.5,1085.5,20.3528125,38.853984210483844,1679.78,1343.1833333333334,419.04782427944116,1532.49,14.093881450782341,0.540743941490081,Low
Satara,OILSEEDS,2012,92.4,675.1,20.46,-13.643183104101663,1532.49,1562.7333333333333,105.23640070495347,1486.04,-4.907640459024789,0.6620856302020253,Medium
Satara,OILSEEDS,2013,93.5,661.9,20.02,-15.331688485564946,1486.04,1566.1033333333332,101.14934025159803,1884.49,20.32986329126857,0.6099829947967937,Medium
Satara,OILSEEDS,2014,101.2,817.9,20.4,4.623375113546505,1884.49,1634.3400000000001,217.87764341483097,1640.32,0.36589693698984244,0.6227636230828453,Medium
Satara,OILSEEDS,2015,109.9,315.7,20.4,-59.616579626669974,1640.32,1670.2833333333335,200.90781874614433,1515.92,-9.24174541245498,0.7416850549986447,High
Satara,PEARL MILLET,1999,91.0,1009.4,19.89,29.119494852199345,775.53,612.89,230.00769378436016,926.37,51.14784055866469,0.47532651410576054,Low
Satara,PEARL MILLET,2000,89.9,758.5,20.334375,-2.9748991030382363,926.37,717.3833333333333,243.3276386548255,585.09,-18.441093789930992,0.6751159052320357,High
Satara,PEARL MILLET,2001,66.1,843.8,20.0596875,7.936427339296416,585.09,762.3299999999999,171.0224827325343,468.99,-38.47939868560859,0.7018688599274566,High
Satara,PEARL MILLET,2002,89.9,691.6,20.33625,-11.532551377272567,468.99,660.15,237.74906687514044,407.12,-38.32916761342119,0.7312756606360324,High
Satara,PEARL MILLET,2003,23.3,533.7,20.5,-31.730657417655245,407.12,487.0666666666666,90.35156132205638,261.8,-46.2496578154941,0.7792825202800884,High
Satara,PEARL MILLET,2004,92.9,970.4,19.87,24.13072895242148,261.8,379.30333333333334,106.35905806903942,850.38,124.19523512404321,0.32467581725165334,Low
Satara,PEARL MILLET,2005,72.5,1244.3,20.0159375,59.167215617784464,850.38,506.43333333333334,306.60064861857893,324.14,-35.99552425459093,0.6182493744596032,Medium
Satara,PEARL MILLET,2006,84.5,1060.8,20.03,35.69443247395785,324.14,478.77333333333326,323.3267773218502,291.12,-39.19460844380082,0.6610274863514047,Medium
Satara,PEARL MILLET,2007,84.1,741.8,20.46,-5.111114244737994,291.12,488.5466666666666,313.7914927676232,576.69,18.041947545099774,0.5993316641145584,Medium
Satara,PEARL MILLET,2008,6.4,642.6,20.126875,-17.800488020583217,576.69,397.31666666666666,156.2167552899922,515.62,29.775577834640714,0.5932875389301827,Medium
Satara,PEARL MILLET,2009,74.9,1085.5,20.3528125,38.853984210483844,515.62,461.1433333333334,150.37731422436468,484.38,5.038924990783766,0.5603630138200125,Low
Satara,PEARL MILLET,2012,16.3,675.1,20.46,-13.643183104101663,484.38,525.5633333333334,46.951426318412594,460.12,-12.452035593553592,0.6784318196601166,High
Satara,PEARL MILLET,2013,30.2,661.9,20.02,-15.331688485564946,460.12,486.70666666666665,27.82305758419292,516.56,6.133742432128859,0.6407412566581605,Medium
Satara,PEARL MILLET,2014,55.0,817.9,20.4,4.623375113546505,516.56,487.02,28.312463686510572,401.82,-17.494148084267586,0.6614603872954408,Medium
Satara,PEARL MILLET,2015,74.1,315.7,20.4,-59.616579626669974,401.82,459.5,57.372512582245996,363.02,-20.996735582154518,0.7671542003662422,High
Satara,PEARL MILLET,2016,72.1,417.1882352941177,20.89597426470588,-46.63450148656929,363.02,427.13333333333327,79.83862807772503,732.32,71.44997658810681,0.5470272429855392,Low
Satara,PEARL MILLET,2017,67.4,417.1882352941177,20.89597426470588,-46.63450148656929,732.32,499.05333333333334,202.94423700448684,505.93,1.377942237302626,0.6988499840784421,High
Satara,PIGEONPEA,1999,7.7,1009.4,19.89,29.119494852199345,381.58,313.98,95.6008368164212,402.6,28.224727689661762,0.5249932586551014,Low
Satara,PIGEONPEA,2000,7.1,758.5,20.334375,-2.9748991030382363,402.6,343.52,84.77968388712002,436.62,27.10176991150443,0.5764397005459212,Low
Satara,PIGEONPEA,2001,6.5,843.8,20.0596875,7.936427339296416,436.62,406.93333333333334,27.774695917927257,323.08,-20.606159895150725,0.6631435092149269,Medium
Satara,PIGEONPEA,2002,6.7,691.6,20.33625,-11.532551377272567,323.08,387.4333333333334,58.26966391985907,388.06,0.16174825776476165,0.6478786762487407,Medium
Satara,PIGEONPEA,2003,3.8,533.7,20.5,-31.730657417655245,388.06,382.58666666666664,56.967542805823435,289.47,-24.338711925838144,0.731808804185992,High
Satara,PIGEONPEA,2004,6.0,970.4,19.87,24.13072895242148,289.47,333.5366666666667,50.11989059578371,433.33,29.91974895313857,0.5289393706212658,Low
Satara,PIGEONPEA,2005,4.6,1244.3,20.0159375,59.167215617784464,433.33,370.2866666666667,73.55843550085417,347.83,-6.064670615559127,0.5533991915752503,Low
Satara,PIGEONPEA,2006,5.9,1060.8,20.03,35.69443247395785,347.83,356.8766666666667,72.35541813391258,508.47,42.477793448717094,0.4840706155848726,Low
Satara,PIGEONPEA,2007,5.2,741.8,20.46,-5.111114244737994,508.47,429.8766666666667,80.37565883607631,461.54,7.365678527949868,0.6224635803183062,Medium
Satara,PIGEONPEA,2008,2.7,642.6,20.126875,-17.800488020583217,461.54,439.28000000000003,82.60104781417726,444.44,1.1746494263339937,0.6552562171479741,Medium
Satara,PIGEONPEA,2009,4.2,1085.5,20.3528125,38.853984210483844,444.44,471.48333333333335,33.1528676487168,1009.52,114.11573403089538,0.32402992756722515,Low
Satara,PIGEONPEA,2012,1.5,675.1,20.46,-13.643183104101663,1009.52,638.5,321.42648117415587,146.67,-77.02897415818325,0.8183485198830145,High
Satara,PIGEONPEA,2013,1.6,661.9,20.02,-15.331688485564946,146.67,533.5433333333334,438.2717006987028,500.0,-6.286899533308772,0.6676526475831857,Medium
Satara,PIGEONPEA,2014,1.3,817.9,20.4,4.623375113546505,500.0,552.0633333333334,433.77468071953365,307.69,-44.265452635265284,0.7194648804890758,High
Satara,PIGEONPEA,2015,2.0,315.7,20.4,-59.616579626669974,307.69,318.11999999999995,176.8957628096275,100.0,-68.56532126241669,0.8702194693398,High
Satara,PIGEONPEA,2016,2.33,417.1882352941177,20.89597426470588,-46.63450148656929,100.0,302.56333333333333,200.04927401351227,377.47,24.757351078011226,0.6481945982570756,Medium
Satara,PIGEONPEA,2017,1.7,417.1882352941177,20.89597426470588,-46.63450148656929,377.47,261.72,144.33409472470453,176.47,-32.572978755922364,0.772410312896851,High
Satara,RICE,1999,44.0,1009.4,19.89,29.119494852199345,2414.46,1988.9,601.8327236034943,1615.91,-18.753582382221328,0.6267795971438421,Medium
Satara,RICE,2000,43.9,758.5,20.334375,-2.9748991030382363,1615.91,1864.57,476.9435609168028,1168.56,-37.328177542275164,0.716037920028645,High
Satara,RICE,2001,44.6,843.8,20.0596875,7.936427339296416,1168.56,1732.9766666666667,631.145906929082,1730.94,-0.1175241828607021,0.6187514651717798,Medium
Satara,RICE,2002,45.4,691.6,20.33625,-11.532551377272567,1730.94,1505.1366666666665,297.1041309597254,1568.28,4.195189362649246,0.6391395538548534,Medium
Satara,RICE,2003,44.2,533.7,20.5,-31.730657417655245,1568.28,1489.2600000000002,289.3975404180214,1660.63,11.507057196191388,0.6541429710885203,Medium
Satara,RICE,2004,44.1,970.4,19.87,24.13072895242148,1660.63,1653.2833333333335,81.57848388719623,1653.06,-0.013508473038514367,0.5937947617111,Medium
Satara,RICE,2005,43.6,1244.3,20.0159375,59.167215617784464,1653.06,1627.3233333333335,51.2729230036044,1683.49,3.4514755313940793,0.5327808749235872,Low
Satara,RICE,2006,45.0,1060.8,20.03,35.69443247395785,1683.49,1665.7266666666667,15.842292552958467,2073.33,24.470001080609457,0.5230874990489758,Low
Satara,RICE,2007,49.6,741.8,20.46,-5.111114244737994,2073.33,1803.2933333333333,234.3530397356378,2064.52,14.48608841600923,0.6070360255608955,Medium
Satara,RICE,2008,49.7,642.6,20.126875,-17.800488020583217,2064.52,1940.4466666666667,222.57459521098386,2199.2,13.334730491605013,0.6289093748399748,Medium
Satara,RICE,2009,50.6,1085.5,20.3528125,38.853984210483844,2199.2,2112.35,75.34318748234566,1519.76,-28.053589603995547,0.632063462108462,Medium
Satara,RICE,2012,51.0,675.1,20.46,-13.643183104101663,1519.76,1927.8266666666668,359.7547483124206,1373.33,-28.76278641924932,0.7137717797823395,High
Satara,RICE,2013,50.4,661.9,20.02,-15.331688485564946,1373.33,1697.43,440.6702689086246,1500.0,-11.631112917763916,0.6792317765828,High
Satara,RICE,2014,52.9,817.9,20.4,4.623375113546505,1500.0,1464.3633333333335,79.45385600040302,1790.17,22.249032002531244,0.5753501637743303,Low
Satara,RICE,2015,52.7,315.7,20.4,-59.616579626669974,1790.17,1554.5,213.6974120105331,1512.33,-2.712769379221619,0.7275389402600196,High
Satara,RICE,2016,47.0,417.1882352941177,20.89597426470588,-46.63450148656929,1512.33,1600.8333333333333,164.086218901323,1746.81,9.118792295679336,0.6820781422853486,High
Satara,RICE,2017,45.8,417.1882352941177,20.89597426470588,-46.63450148656929,1746.81,1683.1033333333335,149.4746498016736,1812.23,7.6719393342852715,0.6852129903683586,High
Satara,SESAMUM,2000,0.4,758.5,20.334375,-2.9748991030382363,250.0,225.0,35.35533905932738,500.0,122.22222222222223,0.3703453872067196,Low
Satara,SESAMUM,2001,0.4,843.8,20.0596875,7.936427339296416,500.0,316.6666666666667,160.7275126832159,250.0,-21.052631578947373,0.6641108645298165,Medium
Satara,SESAMUM,2002,0.4,691.6,20.33625,-11.532551377272567,250.0,333.3333333333333,144.33756729740642,250.0,-24.999999999999993,0.702395797473716,High
Satara,SESAMUM,2003,0.4,533.7,20.5,-31.730657417655245,250.0,333.3333333333333,144.33756729740642,250.0,-24.999999999999993,0.733241595013338,High
Satara,SESAMUM,2004,0.5,970.4,19.87,24.13072895242148,250.0,250.0,0.0,200.0,-20.0,0.6370988266860389,Medium
Satara,SESAMUM,2005,0.4,1244.3,20.0159375,59.167215617784464,200.0,233.33333333333334,28.867513459481295,250.0,7.142857142857138,0.5247828814321105,Low
Satara,SESAMUM,2006,0.5,1060.8,20.03,35.69443247395785,250.0,233.33333333333334,28.867513459481295,400.0,71.42857142857142,0.42134392996206393,Low
Satara,SESAMUM,2007,0.3,741.8,20.46,-5.111114244737994,400.0,283.3333333333333,104.08329997330665,666.67,135.29529411764707,0.3452827465415528,Low
Satara,SESAMUM,2008,0.2,642.6,20.126875,-17.800488020583217,666.67,438.89000000000004,211.03979790551352,1000.0,127.84752443664695,0.3807983212932109,Low
Satara,SESAMUM,2009,0.2,1085.5,20.3528125,38.853984210483844,1000.0,688.89,300.6165269907827,350.0,-49.1936303328543,0.6778668836875033,High
Satara,SESAMUM,2012,0.1,675.1,20.46,-13.643183104101663,350.0,672.2233333333334,325.0355821034573,200.0,-70.24798306118502,0.803656372506234,High
Satara,SESAMUM,2013,0.1,661.9,20.02,-15.331688485564946,200.0,516.6666666666666,425.2450274057691,0.0,-100.0,0.8706976985936732,High
Satara,SESAMUM,2015,0.1,315.7,20.4,-59.616579626669974,0.0,183.33333333333334,175.59422921421222,100.0,-45.45454545454546,0.820146121756246,High
Satara,SESAMUM,2016,0.01,417.1882352941177,20.89597426470588,-46.63450148656929,100.0,100.0,99.99999999999979,250.0,150.0,0.3768355255936712,Low
Satara,SESAMUM,2017,0.01,417.1882352941177,20.89597426470588,-46.63450148656929,250.0,116.66666666666667,125.83057392117898,300.0,157.1428571428571,0.3613593351175324,Low
Satara,SOYABEAN,1999,13.4,1009.4,19.89,29.119494852199345,1561.4,1479.855,115.32204494371413,1940.3,31.11419699903031,0.518732741818157,Low
Satara,SOYABEAN,2000,13.6,758.5,20.334375,-2.9748991030382363,1940.3,1633.3366666666668,278.06375713733956,2470.59,51.26030355040091,0.5240962109951532,Low
Satara,SOYABEAN,2001,14.0,843.8,20.0596875,7.936427339296416,2470.59,1990.7633333333335,456.69084185401994,1907.14,-4.200566281945457,0.6275980563864341,Medium
Satara,SOYABEAN,2002,15.6,691.6,20.33625,-11.532551377272567,1907.14,2106.01,316.1705689971793,1974.36,-6.251157401911686,0.6617733051779935,Medium
Satara,SOYABEAN,2003,15.1,533.7,20.5,-31.730657417655245,1974.36,2117.3633333333332,307.74411551373896,1649.01,-22.119648808502397,0.7270008340984473,High
Satara,SOYABEAN,2004,26.4,970.4,19.87,24.13072895242148,1649.01,1843.5033333333333,171.756730969512,1837.12,-0.3462610139028827,0.594515725549637,Medium
Satara,SOYABEAN,2005,31.3,1244.3,20.0159375,59.167215617784464,1837.12,1820.1633333333332,163.33646877942874,1236.42,-32.07093136330255,0.60974608986184,Medium
Satara,SOYABEAN,2006,28.7,1060.8,20.03,35.69443247395785,1236.42,1574.1833333333334,307.26111864883444,1083.62,-31.163036918613894,0.6436257480468912,Medium
Satara,SOYABEAN,2007,27.2,741.8,20.46,-5.111114244737994,1083.62,1385.72,398.3195074309061,1764.71,27.34968103224317,0.579164908225815,Low
Satara,SOYABEAN,2008,29.2,642.6,20.126875,-17.800488020583217,1764.71,1361.5833333333333,357.3797588467107,2154.11,58.20625497276457,0.5316877384644532,Low
Satara,SOYABEAN,2009,32.5,1085.5,20.3528125,38.853984210483844,2154.11,1667.4800000000002,541.8278921391919,2001.54,20.033823494134843,0.5278740670628601,Low
Satara,SOYABEAN,2012,38.8,675.1,20.46,-13.643183104101663,2001.54,1973.4533333333336,196.21349503368282,1786.6,-9.46834314129548,0.6719671526802455,Medium
Satara,SOYABEAN,2013,46.7,661.9,20.02,-15.331688485564946,1786.6,1980.75,184.63495904080497,2046.25,3.30682822163322,0.6468662374475473,Medium
Satara,SOYABEAN,2014,53.3,817.9,20.4,4.623375113546505,2046.25,1944.796666666667,138.81421048773433,1703.56,-12.404210208779345,0.6504321885652529,Medium
Satara,SOYABEAN,2015,62.8,315.7,20.4,-59.616579626669974,1703.56,1845.4700000000003,178.76903171410765,1606.69,-12.938709380266284,0.7496951435955426,High
Satara,SOYABEAN,2016,67.2,417.1882352941177,20.89597426470588,-46.63450148656929,1606.69,1785.5000000000002,230.9520969811696,1812.5,1.5121814617754001,0.6985591324254188,High
Satara,SOYABEAN,2017,69.7,417.1882352941177,20.89597426470588,-46.63450148656929,1812.5,1707.5833333333337,102.96397153049627,1843.62,7.966619491484035,0.6845745166944299,High
Satara,SUGARCANE,1999,43.0,1009.4,19.89,29.119494852199345,9844.35,10025.385,256.02215226421305,10573.02,5.4624834856716245,0.5743114544302489,Low
Satara,SUGARCANE,2000,38.3,758.5,20.334375,-2.9748991030382363,10573.02,10207.93,364.33734683669206,9148.83,-10.375267071776554,0.6576399473427593,Medium
Satara,SUGARCANE,2001,39.4,843.8,20.0596875,7.936427339296416,9148.83,9855.400000000001,712.1592981208638,9461.93,-3.9924305456906986,0.6271470956245503,Medium
Satara,SUGARCANE,2002,38.0,691.6,20.33625,-11.532551377272567,9461.93,9727.926666666666,748.4283259159391,9305.26,-4.344879244566668,0.657643035837093,Medium
Satara,SUGARCANE,2003,31.3,533.7,20.5,-31.730657417655245,9305.26,9305.34,156.5500153305734,6728.75,-27.68936975972936,0.7390685628260654,High
Satara,SUGARCANE,2004,23.2,970.4,19.87,24.13072895242148,6728.75,8498.646666666667,1534.7758892533263,8083.19,-4.888503816686121,0.6043572516223014,Medium
Satara,SUGARCANE,2005,38.9,1244.3,20.0159375,59.167215617784464,8083.19,8039.066666666667,1288.821592166014,8878.66,10.44391554575158,0.517630588225863,Low
Satara,SUGARCANE,2006,53.6,1060.8,20.03,35.69443247395785,8878.66,7896.866666666666,1086.9984086618244,8368.28,5.9696250833664175,0.5631716470428687,Low
Satara,SUGARCANE,2007,60.8,741.8,20.46,-5.111114244737994,8368.28,8443.376666666667,403.0170743694828,8446.71,0.039478676185224326,0.6383370133304099,Medium
Satara,SUGARCANE,2008,50.4,642.6,20.126875,-17.800488020583217,8446.71,8564.550000000001,274.83928994960627,8392.86,-2.0046587386377626,0.6621447181720567,Medium
Satara,SUGARCANE,2009,53.8,1085.5,20.3528125,38.853984210483844,8392.86,8402.616666666667,40.11496769708064,8944.61,6.4502922700666705,0.5573050513815764,Low
Satara,SUGARCANE,2012,59.8,675.1,20.46,-13.643183104101663,8944.61,8594.726666666667,304.20176829423053,9327.26,8.523055610067873,0.6329857887190882,Medium
Satara,SUGARCANE,2013,59.8,661.9,20.02,-15.331688485564946,9327.26,8888.243333333334,469.74327119537793,10058.86,13.170393999864242,0.6254951782614514,Medium
Satara,SUGARCANE,2014,70.0,817.9,20.4,4.623375113546505,10058.86,9443.576666666668,566.1584944459735,9896.29,4.793875766702796,0.6131696689518326,Medium
Satara,SUGARCANE,2015,65.5,315.7,20.4,-59.616579626669974,9896.29,9760.803333333335,384.1576728809784,9663.82,-0.9935999120291197,0.723814073081115,High
Satara,SUGARCANE,2016,50.33,417.1882352941177,20.89597426470588,-46.63450148656929,9663.82,9872.99,198.5480241654259,12437.56,25.975616302660082,0.6455550236036787,Medium
Satara,SUGARCANE,2017,80.64,417.1882352941177,20.89597426470588,-46.63450148656929,12437.56,10665.890000000001,1538.707742522922,9900.05,-7.180272813614259,0.7173927833553669,High
Satara,SUNFLOWER,1999,3.1,1009.4,19.89,29.119494852199345,433.33,541.665,153.20882627968925,451.61,-16.625589617198813,0.6221689461529752,Medium
Satara,SUNFLOWER,2000,2.9,758.5,20.334375,-2.9748991030382363,451.61,511.6466666666667,120.1656075311623,517.24,1.093202340156613,0.6327915969503203,Medium
Satara,SUNFLOWER,2001,2.6,843.8,20.0596875,7.936427339296416,517.24,467.3933333333334,44.125471480011726,500.0,6.976279792893914,0.6033815565576961,Medium
Satara,SUNFLOWER,2002,2.7,691.6,20.33625,-11.532551377272567,500.0,489.61666666666673,34.02476206137714,407.41,-16.79000578684005,0.6846074766785955,High
Satara,SUNFLOWER,2003,1.8,533.7,20.5,-31.730657417655245,407.41,474.8833333333334,59.06600065463485,222.22,-53.20534868213246,0.7943531838244213,High
Satara,SUNFLOWER,2004,4.2,970.4,19.87,24.13072895242148,222.22,376.54333333333335,141.43901665853488,547.62,45.4334605136195,0.49532632890700257,Low
Satara,SUNFLOWER,2005,3.3,1244.3,20.0159375,59.167215617784464,547.62,392.4166666666667,163.2173092332223,545.45,38.99766404756849,0.45576413313879927,Low
Satara,SUNFLOWER,2006,2.8,1060.8,20.03,35.69443247395785,545.45,438.43,187.24649609538756,500.0,14.043290833200281,0.5456787045849536,Low
Satara,SUNFLOWER,2007,1.9,741.8,20.46,-5.111114244737994,500.0,531.0233333333333,26.88889423783218,736.84,38.7584977433509,0.5544458053518306,Low
Satara,SUNFLOWER,2008,1.1,642.6,20.126875,-17.800488020583217,736.84,594.0966666666667,125.69077147242493,727.27,22.41610512318421,0.6092330631382854,Medium
Satara,SUNFLOWER,2009,1.0,1085.5,20.3528125,38.853984210483844,727.27,654.7033333333334,134.0624378166135,460.0,-29.7391693947895,0.63571555165517,Medium
Satara,SUNFLOWER,2012,0.6,675.1,20.46,-13.643183104101663,460.0,641.37,157.14389552254335,383.33,-40.232627032758,0.7386231011115255,High
Satara,SUNFLOWER,2013,1.2,661.9,20.02,-15.331688485564946,383.33,523.5333333333333,180.557592566287,583.33,11.421749649815371,0.6292839076865446,Medium
Satara,SUNFLOWER,2014,1.3,817.9,20.4,4.623375113546505,583.33,475.5533333333333,100.90307048516063,461.54,-2.9467427417884986,0.6299410090535078,Medium
Satara,SUNFLOWER,2015,0.4,315.7,20.4,-59.616579626669974,461.54,476.06666666666666,100.78823360558162,300.0,-36.983615740092425,0.8017924407083257,High
Satara,SUNFLOWER,2016,19.92,417.1882352941177,20.89597426470588,-46.63450148656929,300.0,448.29,142.1289699533489,652.98,45.66017533293181,0.6029051457048986,Medium
Satara,SUNFLOWER,2017,0.64,417.1882352941177,20.89597426470588,-46.63450148656929,652.98,471.50666666666666,176.7009364246078,522.76,10.870118485422617,0.678283602207584,High
Solapur,COTTON,1999,5.7,387.1,21.02,-11.087594467998771,236.73,260.46999999999997,33.57342997073726,298.25,14.504549468268912,0.6161230852899179,Medium
Solapur,COTTON,2000,6.5,452.8,21.53,4.002937806484512,298.25,273.06333333333333,32.2391645880183,292.31,7.048425884105032,0.6092323191811291,Medium
Solapur,COTTON,2001,4.0,440.7,21.42,1.2237073571504464,292.31,275.7633333333333,33.93407923214263,150.0,-45.60553131308247,0.7275602306505636,High
Solapur,COTTON,2002,4.4,321.2,21.85,-26.22406443585949,150.0,246.85333333333332,83.93001270900257,290.91,17.84730474235715,0.6319963037433876,Medium
Solapur,COTTON,2003,1.1,226.9,22.0765625,-47.88368686331419,290.91,244.40666666666667,81.76156819272325,236.36,-3.2923269959902837,0.710876610272589,High
Solapur,COTTON,2004,1.0,414.5,21.38,-4.7941304752918965,236.36,225.75666666666666,71.05089748436211,340.0,50.60463330724823,0.5282950924544925,Low
Solapur,COTTON,2005,0.8,585.0,20.9796875,34.36775312896077,340.0,289.09,51.84396493324948,275.0,-4.8739146978449535,0.5886920386682344,Medium
Solapur,COTTON,2006,0.9,369.7,21.3096875,-15.084173791834537,275.0,283.78666666666663,52.37572465688026,288.89,1.7982991918812326,0.649756721762562,Medium
Solapur,COTTON,2007,1.1,416.2,21.64,-4.403660081583808,288.89,301.2966666666667,34.23001655467519,463.64,53.88155638407327,0.5205987805685818,Low
Solapur,COTTON,2008,0.1,556.7,21.3634375,27.8675695160555,463.64,342.51,105.13130218921485,300.0,-12.411316457913635,0.614949914860853,Medium
Solapur,COTTON,2009,1.4,561.2,21.73,28.901167617047506,300.0,350.8433333333333,97.84259825522493,285.71,-18.56479150237998,0.6267039714840184,Medium
Solapur,COTTON,2012,0.5,335.2,21.79,-23.008425899439917,285.71,349.7833333333333,98.86129896644765,560.0,60.09910897222092,0.5355399241440525,Low
Solapur,COTTON,2013,0.5,464.7,21.41,6.736230562441145,560.0,381.90333333333336,154.40164517690008,260.0,-31.9199448376989,0.689489605875061,High
Solapur,COTTON,2014,0.6,347.5,21.96,-20.18325775672843,260.0,368.57,166.2808909646566,366.67,-0.5155058740537692,0.6625570977617545,Medium
Solapur,COTTON,2015,0.9,201.9,21.96,-53.625898535492,366.67,395.5566666666667,152.07179105058688,144.44,-63.48437223490946,0.8500620007331494,High
Solapur,COTTON,2016,0.9,417.1882352941177,20.89597426470588,-4.176673831954176,144.44,257.0366666666667,111.1446320491158,274.0,6.59957723282021,0.6226964237574107,Medium
Solapur,COTTON,2017,0.3,417.1882352941177,20.89597426470588,-4.176673831954176,274.0,261.7033333333333,111.62414269920885,240.0,-8.29310542471755,0.6549639028486349,Medium
Solapur,GROUNDNUT,1999,25.5,387.1,21.02,-11.087594467998771,1760.0,1235.815,741.3095361925408,1317.65,6.621945841408304,0.6332020598147257,Medium
Solapur,GROUNDNUT,2000,21.8,452.8,21.53,4.002937806484512,1317.65,1263.0933333333335,526.3100195068808,935.78,-25.913630029979323,0.6806501069947404,High
Solapur,GROUNDNUT,2001,6.5,440.7,21.42,1.2237073571504464,935.78,1337.8100000000002,412.4796616804275,1061.54,-20.65091455438367,0.6734918943402297,Medium
Solapur,GROUNDNUT,2002,5.9,321.2,21.85,-26.22406443585949,1061.54,1104.99,194.60755663642664,677.97,-38.6446936171368,0.7543956335218832,High
Solapur,GROUNDNUT,2003,2.1,226.9,22.0765625,-47.88368686331419,677.97,891.7633333333333,195.5366626321859,428.57,-51.941284870051476,0.8162826856660368,High
Solapur,GROUNDNUT,2004,9.9,414.5,21.38,-4.7941304752918965,428.57,722.6933333333333,318.8461817763125,909.09,25.79194494668095,0.5820559172355424,Low
Solapur,GROUNDNUT,2005,11.7,585.0,20.9796875,34.36775312896077,909.09,671.8766666666667,240.31794384384474,991.45,47.56428511185089,0.47507593908093865,Low
Solapur,GROUNDNUT,2006,11.8,369.7,21.3096875,-15.084173791834537,991.45,776.37,304.00562889525577,932.2,20.071615338047586,0.6101645367793336,Medium
Solapur,GROUNDNUT,2007,8.0,416.2,21.64,-4.403660081583808,932.2,944.2466666666668,42.480984373401995,997.5,5.639769269329329,0.6251226526501785,Medium
Solapur,GROUNDNUT,2008,8.1,556.7,21.3634375,27.8675695160555,997.5,973.7166666666667,36.08151650545214,1395.06,43.271656710542075,0.49430347299626787,Low
Solapur,GROUNDNUT,2009,9.5,561.2,21.73,28.901167617047506,1395.06,1108.2533333333333,250.51860316817428,1257.89,13.502027213994403,0.5572258642654386,Low
Solapur,GROUNDNUT,2012,4.2,335.2,21.79,-23.008425899439917,1257.89,1216.8166666666668,201.93749635303791,1083.33,-10.97015436453042,0.6895233280398337,High
Solapur,GROUNDNUT,2013,5.0,464.7,21.41,6.736230562441145,1083.33,1245.4266666666665,156.23827710690233,1180.0,-5.25335360304901,0.6317119915335121,Medium
Solapur,GROUNDNUT,2014,5.8,347.5,21.96,-20.18325775672843,1180.0,1173.74,87.44820810056567,1189.66,1.3563480839027444,0.6585014141861958,Medium
Solapur,GROUNDNUT,2015,3.5,201.9,21.96,-53.625898535492,1189.66,1150.9966666666667,58.79976388841324,828.57,-28.012823668762433,0.773206978840087,High
Solapur,GROUNDNUT,2016,5.1,417.1882352941177,20.89597426470588,-4.176673831954176,828.57,1066.0766666666666,205.74350884859783,1107.84,3.9174793557686582,0.6285076358243364,Medium
Solapur,GROUNDNUT,2017,5.11,417.1882352941177,20.89597426470588,-4.176673831954176,1107.84,1042.0233333333333,189.32874117083497,1077.22,3.377723467484738,0.6296771069156143,Medium
Solapur,KHARIF SORGHUM,1999,2.1,387.1,21.02,-11.087594467998771,692.31,846.155,217.56968550328884,619.05,-26.839645218665613,0.7057021737779774,High
Solapur,KHARIF SORGHUM,2000,2.1,452.8,21.53,4.002937806484512,619.05,770.4533333333333,202.13983039800283,761.9,-1.1101689048871597,0.6269092745572199,Medium
Solapur,KHARIF SORGHUM,2001,0.7,440.7,21.42,1.2237073571504464,761.9,691.0866666666666,71.43285681906694,714.29,3.3575142529157045,0.6214736319245878,Medium
Solapur,KHARIF SORGHUM,2002,1.1,321.2,21.85,-26.22406443585949,714.29,698.4133333333333,72.73638727166286,545.45,-21.901548271319744,0.7181188186060672,High
Solapur,KHARIF SORGHUM,2003,0.4,226.9,22.0765625,-47.88368686331419,545.45,673.88,113.74258964873262,250.0,-62.90140677865496,0.840029616467932,High
Solapur,KHARIF SORGHUM,2004,0.4,414.5,21.38,-4.7941304752918965,250.0,503.2466666666666,235.00455747353777,750.0,49.032283704478935,0.531701849927148,Low
Solapur,KHARIF SORGHUM,2005,0.4,585.0,20.9796875,34.36775312896077,750.0,515.15,251.37336274951647,750.0,45.58866349606912,0.47935645258178494,Low
Solapur,KHARIF SORGHUM,2006,0.4,369.7,21.3096875,-15.084173791834537,750.0,583.3333333333334,288.6751345948129,500.0,-14.28571428571429,0.6846054176305695,High
Solapur,KHARIF SORGHUM,2007,0.2,416.2,21.64,-4.403660081583808,500.0,666.6666666666666,144.33756729740642,800.0,20.000000000000007,0.5940088194004958,Medium
Solapur,KHARIF SORGHUM,2008,0.2,556.7,21.3634375,27.8675695160555,800.0,683.3333333333334,160.72751268321588,1000.0,46.341463414634134,0.4876522251374239,Low
Solapur,KHARIF SORGHUM,2009,0.1,561.2,21.73,28.901167617047506,1000.0,766.6666666666666,251.6611478423583,400.0,-47.826086956521735,0.6901034449677808,High
Solapur,KHARIF SORGHUM,2012,0.4,335.2,21.79,-23.008425899439917,400.0,733.3333333333334,305.50504633038935,225.0,-69.31818181818183,0.8159440541889904,High
Solapur,KHARIF SORGHUM,2013,0.5,464.7,21.41,6.736230562441145,225.0,541.6666666666666,406.45827994190665,400.0,-26.15384615384615,0.6769963920600883,High
Solapur,KHARIF SORGHUM,2014,0.3,347.5,21.96,-20.18325775672843,400.0,341.6666666666667,101.03629710818453,333.33,-2.44000000000001,0.6667268350346243,Medium
Solapur,KHARIF SORGHUM,2015,0.2,201.9,21.96,-53.625898535492,333.33,319.4433333333333,88.32258846599399,0.0,-100.0,0.9291791942239152,High
Solapur,KHARIF SORGHUM,2016,0.2,417.1882352941177,20.89597426470588,-4.176673831954176,0.0,244.4433333333333,214.3026589506843,400.0,63.637107441397475,0.49911510830590533,Low
Solapur,MAIZE,1999,27.0,387.1,21.02,-11.087594467998771,1748.37,1622.69,177.73836051905045,1492.59,-8.017551103414707,0.6649209698617364,Medium
Solapur,MAIZE,2000,29.1,452.8,21.53,4.002937806484512,1492.59,1579.323333333333,146.41538762484396,903.78,-42.774226092609275,0.7171813984636501,High
Solapur,MAIZE,2001,23.1,440.7,21.42,1.2237073571504464,903.78,1381.58,433.09985234354446,1190.48,-13.831989461341356,0.6587175566386873,Medium
Solapur,MAIZE,2002,27.1,321.2,21.85,-26.22406443585949,1190.48,1195.6166666666666,294.43860656057547,1749.08,46.29103530953344,0.5703682208480444,Low
Solapur,MAIZE,2003,14.8,226.9,22.0765625,-47.88368686331419,1749.08,1281.1133333333335,429.8765210305552,331.08,-74.1568531537673,0.8644164169472606,High
Solapur,MAIZE,2004,27.7,414.5,21.38,-4.7941304752918965,331.08,1090.2133333333334,714.2975943773948,1388.09,27.322786977472287,0.5787390928355056,Low
Solapur,MAIZE,2005,30.4,585.0,20.9796875,34.36775312896077,1388.09,1156.0833333333333,736.9201585201299,1677.63,45.11324154833131,0.48038653346854676,Low
Solapur,MAIZE,2006,31.9,369.7,21.3096875,-15.084173791834537,1677.63,1132.2666666666667,708.7901022399603,1481.19,30.816356570890257,0.5868842641082521,Medium
Solapur,MAIZE,2007,33.3,416.2,21.64,-4.403660081583808,1481.19,1515.6366666666665,147.81164545912347,1654.05,9.132355819666548,0.6175553817911398,Medium
Solapur,MAIZE,2008,26.5,556.7,21.3634375,27.8675695160555,1654.05,1604.29,107.25768783635179,2108.68,31.44007629543286,0.5199385638955857,Low
Solapur,MAIZE,2009,38.7,561.2,21.73,28.901167617047506,2108.68,1747.9733333333334,324.1174469746015,2624.81,50.163045965613506,0.47779365697052883,Low
Solapur,MAIZE,2012,33.3,335.2,21.79,-23.008425899439917,2624.81,2129.18,485.7045726570839,1576.58,-25.95365351919518,0.7219875762081659,High
Solapur,MAIZE,2013,44.3,464.7,21.41,6.736230562441145,1576.58,2103.3566666666666,524.1352751278374,2209.93,5.066821762674579,0.6093516115745189,Medium
Solapur,MAIZE,2014,51.0,347.5,21.96,-20.18325775672843,2209.93,2137.1066666666666,527.8957867167854,2611.76,22.210090901717603,0.6133183047477475,Medium
Solapur,MAIZE,2015,48.2,201.9,21.96,-53.625898535492,2611.76,2132.7566666666667,521.8871531598895,1352.7,-36.57504294129507,0.7917584539305127,High
Solapur,MAIZE,2016,63.0,417.1882352941177,20.89597426470588,-4.176673831954176,1352.7,2058.13,643.1099835175944,1657.14,-19.48322020474897,0.6792091515386222,High
Solapur,MAIZE,2017,75.81,417.1882352941177,20.89597426470588,-4.176673831954176,1657.14,1873.8666666666668,656.9138885221822,2059.39,9.900562117546592,0.6155442898405274,Medium
Solapur,MINOR PULSES,1999,28.0,387.1,21.02,-11.087594467998771,427.54,343.74,118.51109652686539,360.71,4.9368708907895416,0.6368530555410541,Medium
Solapur,MINOR PULSES,2000,29.0,452.8,21.53,4.002937806484512,360.71,349.3966666666667,84.37081031573263,406.9,16.45789408408779,0.5888451380812343,Medium
Solapur,MINOR PULSES,2001,12.9,440.7,21.42,1.2237073571504464,406.9,398.38333333333327,34.219328358887125,217.05,-45.517299083797,0.7273690608204457,High
Solapur,MINOR PULSES,2002,21.8,321.2,21.85,-26.22406443585949,217.05,328.21999999999997,99.00735174723135,293.58,-10.553896776552309,0.6935322403674863,High
Solapur,MINOR PULSES,2003,5.3,226.9,22.0765625,-47.88368686331419,293.58,305.8433333333333,95.51726353562128,377.36,23.38343160441622,0.6530791333052341,Medium
Solapur,MINOR PULSES,2004,24.1,414.5,21.38,-4.7941304752918965,377.36,295.99666666666667,80.1823187076386,436.51,47.47125530692913,0.535084078121828,Low
Solapur,MINOR PULSES,2005,8.3,585.0,20.9796875,34.36775312896077,436.51,369.15000000000003,71.81782021197799,628.92,70.3697683868346,0.42566405865197204,Low
Solapur,MINOR PULSES,2006,27.3,369.7,21.3096875,-15.084173791834537,628.92,480.93,131.53121568661933,311.72,-35.183914498991534,0.7298848514258526,High
Solapur,MINOR PULSES,2007,24.9,416.2,21.64,-4.403660081583808,311.72,459.04999999999995,159.7967418316155,708.84,54.41455179174384,0.5194439571852993,Low
Solapur,MINOR PULSES,2008,2.1,556.7,21.3634375,27.8675695160555,708.84,549.8266666666667,210.04259123647591,552.38,0.46438877706912807,0.5870525535184834,Medium
Solapur,MINOR PULSES,2009,6.3,561.2,21.73,28.901167617047506,552.38,524.3133333333334,200.04218788378944,290.48,-44.59801391025723,0.6831092867008977,High
Solapur,MINOR PULSES,2012,6.7,335.2,21.79,-23.008425899439917,290.48,517.2333333333333,211.38291920903478,450.75,-12.853644390023847,0.6936042230950559,High
Solapur,MINOR PULSES,2013,91.0,464.7,21.41,6.736230562441145,450.75,431.2033333333334,132.03960251884038,614.29,42.45947387543384,0.5283341986638106,Low
Solapur,MINOR PULSES,2014,7.5,347.5,21.96,-20.18325775672843,614.29,451.84,161.90775182183222,520.0,15.084985835694056,0.6287560323907471,Medium
Solapur,MINOR PULSES,2015,29.2,201.9,21.96,-53.625898535492,520.0,528.3466666666667,82.08887277416675,209.25,-60.3953212537223,0.8433690569405996,High
Solapur,MINOR PULSES,2016,26.6,417.1882352941177,20.89597426470588,-4.176673831954176,209.25,447.84666666666664,211.9408597541619,539.77,20.52562633044048,0.5925233173793341,Medium
Solapur,MINOR PULSES,2017,36.99,417.1882352941177,20.89597426470588,-4.176673831954176,539.77,423.00666666666666,185.38243615114493,191.85,-54.64610486832358,0.75539540164278,High
Solapur,OILSEEDS,1999,104.8,387.1,21.02,-11.087594467998771,807.29,588.56,309.3309324978671,684.35,16.27531602555391,0.6122864244158132,Medium
Solapur,OILSEEDS,2000,92.9,452.8,21.53,4.002937806484512,684.35,620.4899999999999,225.61335864704466,562.97,-9.270092991023205,0.6445891100771224,Medium
Solapur,OILSEEDS,2001,54.5,440.7,21.42,1.2237073571504464,562.97,684.87,122.16083005611904,510.09,-25.520171711419685,0.6840419515137726,High
Solapur,OILSEEDS,2002,58.6,321.2,21.85,-26.22406443585949,510.09,585.8033333333334,89.34572028549185,419.62,-28.368451300493348,0.7321304418358966,High
Solapur,OILSEEDS,2003,38.2,226.9,22.0765625,-47.88368686331419,419.62,497.55999999999995,72.49176711875651,151.83,-69.48508722566122,0.8542942574363979,High
Solapur,OILSEEDS,2004,66.6,414.5,21.38,-4.7941304752918965,151.83,360.5133333333333,186.30017561272825,643.84,78.58978863472458,0.4676605892451626,Low
Solapur,OILSEEDS,2005,63.7,585.0,20.9796875,34.36775312896077,643.84,405.09666666666664,246.32631900252431,587.13,44.93577664590346,0.48077104075713917,Low
Solapur,OILSEEDS,2006,63.0,369.7,21.3096875,-15.084173791834537,587.13,460.93333333333334,269.1888909916852,604.6,31.16864333236911,0.5861209761250505,Medium
Solapur,OILSEEDS,2007,46.4,416.2,21.64,-4.403660081583808,604.6,611.8566666666667,29.043078923098268,730.6,19.407050670908767,0.5952935429468558,Medium
Solapur,OILSEEDS,2008,42.8,556.7,21.3634375,27.8675695160555,730.6,640.7766666666666,78.27818108089443,778.04,21.42140007178788,0.5416456957134108,Low
Solapur,OILSEEDS,2009,46.2,561.2,21.73,28.901167617047506,778.04,704.4133333333333,89.63629026980787,687.23,-2.4393821809164997,0.591765584620964,Medium
Solapur,OILSEEDS,2012,26.88,335.2,21.79,-23.008425899439917,687.23,731.9566666666666,45.42019851710511,862.72,17.86490092765056,0.6270473749069833,Medium
Solapur,OILSEEDS,2013,60.7,464.7,21.41,6.736230562441145,862.72,775.9966666666666,87.76284198527999,1168.04,50.52126512570933,0.5108669842882718,Low
Solapur,OILSEEDS,2014,36.0,347.5,21.96,-20.18325775672843,1168.04,905.9966666666666,243.30889098701914,788.89,-12.925728203562182,0.6894459128089332,High
Solapur,OILSEEDS,2015,37.4,201.9,21.96,-53.625898535492,788.89,939.8833333333333,201.00824767489806,267.38,-71.55178834252479,0.8675414022995911,High
Solapur,PEARL MILLET,1999,57.2,387.1,21.02,-11.087594467998771,505.35,509.08500000000004,5.282087655463529,337.41,-33.722266419163795,0.7206145197123404,High
Solapur,PEARL MILLET,2000,53.3,452.8,21.53,4.002937806484512,337.41,451.86000000000007,99.18695529150999,414.63,-8.239277652370218,0.6423556768433817,Medium
Solapur,PEARL MILLET,2001,11.8,440.7,21.42,1.2237073571504464,414.63,419.13000000000005,84.06038543808847,457.63,9.185694176031287,0.6088459087578795,Medium
Solapur,PEARL MILLET,2002,25.1,321.2,21.85,-26.22406443585949,457.63,403.22333333333336,60.91630433088771,378.49,-6.133904287946303,0.6839555899755385,High
Solapur,PEARL MILLET,2003,9.7,226.9,22.0765625,-47.88368686331419,378.49,416.9166666666667,39.61952212398998,381.44,-8.509294423345997,0.7221800396984885,High
Solapur,PEARL MILLET,2004,26.2,414.5,21.38,-4.7941304752918965,381.44,405.8533333333333,44.86416201528042,572.52,41.06573803344394,0.5489626988809997,Low
Solapur,PEARL MILLET,2005,14.8,585.0,20.9796875,34.36775312896077,572.52,444.1499999999999,111.18146563164206,452.7,1.9250253292806643,0.5739610019428445,Low
Solapur,PEARL MILLET,2006,27.5,369.7,21.3096875,-15.084173791834537,452.7,468.8866666666666,96.56292111019293,280.0,-40.28407717572121,0.7409352038920635,High
Solapur,PEARL MILLET,2007,21.5,416.2,21.64,-4.403660081583808,280.0,435.07333333333327,147.05445295309264,423.26,-2.715251068785326,0.6432251967160333,Medium
Solapur,PEARL MILLET,2008,1.8,556.7,21.3634375,27.8675695160555,423.26,385.32,92.3899626582888,444.44,15.343091456451782,0.5548153643799284,Low
Solapur,PEARL MILLET,2009,14.4,561.2,21.73,28.901167617047506,444.44,382.5666666666666,89.4543958301286,363.89,-4.881937788620708,0.5970577884376387,Medium
Solapur,PEARL MILLET,2012,6.3,335.2,21.79,-23.008425899439917,363.89,410.53,41.7566198344646,380.95,-7.2053199522568345,0.6813661868132682,High
Solapur,PEARL MILLET,2013,6.3,464.7,21.41,6.736230562441145,380.95,396.4266666666667,42.44668459766124,349.21,-11.910567738463614,0.6461359554935291,Medium
Solapur,PEARL MILLET,2014,5.5,347.5,21.96,-20.18325775672843,349.21,364.68333333333334,15.884864913914845,400.0,9.684200904894656,0.6404577330741068,Medium
Solapur,PEARL MILLET,2015,14.8,201.9,21.96,-53.625898535492,400.0,376.71999999999997,25.657858445318354,229.73,-39.01836908048418,0.7970523272320713,High
Solapur,PEARL MILLET,2016,26.9,417.1882352941177,20.89597426470588,-4.176673831954176,229.73,326.31333333333333,87.4137359534147,349.44,7.087257646025293,0.6216397828621365,Medium
Solapur,PEARL MILLET,2017,28.6,417.1882352941177,20.89597426470588,-4.176673831954176,349.44,326.39,87.44395405058015,340.56,4.341432029167565,0.6275890716986418,Medium
Solapur,PIGEONPEA,1999,28.5,387.1,21.02,-11.087594467998771,305.45,206.975,139.26468055469053,298.25,44.099528928614575,0.552000629792716,Low
Solapur,PIGEONPEA,2000,32.3,452.8,21.53,4.002937806484512,298.25,237.4,111.6887080236852,387.0,63.01600673967987,0.48796922732778775,Low
Solapur,PIGEONPEA,2001,6.7,440.7,21.42,1.2237073571504464,387.0,330.23333333333335,49.29300998451333,208.96,-36.72352881800747,0.7083158919112986,High
Solapur,PIGEONPEA,2002,13.3,321.2,21.85,-26.22406443585949,208.96,298.07,89.02013648607823,345.86,16.033146576307587,0.6359269797698153,Medium
Solapur,PIGEONPEA,2003,7.7,226.9,22.0765625,-47.88368686331419,345.86,313.94,93.21333166452101,90.91,-71.04223737019812,0.85766808274955,High
Solapur,PIGEONPEA,2004,15.8,414.5,21.38,-4.7941304752918965,90.91,215.2433333333333,127.591088377415,348.1,61.72394034658451,0.5042032605360109,Low
Solapur,PIGEONPEA,2005,18.9,585.0,20.9796875,34.36775312896077,348.1,261.62333333333333,147.8463257349784,312.17,19.320397008421782,0.5362710299714978,Low
Solapur,PIGEONPEA,2006,28.3,369.7,21.3096875,-15.084173791834537,312.17,250.39333333333335,139.2800826871284,512.37,104.62605500678931,0.42696325083100384,Low
Solapur,PIGEONPEA,2007,25.7,416.2,21.64,-4.403660081583808,512.37,390.87999999999994,106.73615273186492,431.91,10.496827670896462,0.6145990261134848,Medium
Solapur,PIGEONPEA,2008,6.9,556.7,21.3634375,27.8675695160555,431.91,418.81666666666666,100.74019323652965,391.3,-6.570098292809101,0.6022939421698355,Medium
Solapur,PIGEONPEA,2009,23.2,561.2,21.73,28.901167617047506,391.3,445.1933333333333,61.6183530559957,298.71,-32.90330792614445,0.6577707570687377,Medium
Solapur,PIGEONPEA,2012,18.8,335.2,21.79,-23.008425899439917,298.71,373.97333333333336,68.26946633256583,335.64,-10.250285225328017,0.687963611571567,High
Solapur,PIGEONPEA,2013,18.8,464.7,21.41,6.736230562441145,335.64,341.88333333333327,46.60967102794588,489.36,43.13654755520892,0.5268672056909695,Low
Solapur,PIGEONPEA,2014,18.8,347.5,21.96,-20.18325775672843,489.36,374.57,101.11139550021059,478.72,27.805216648423535,0.6011955322965916,Medium
Solapur,PIGEONPEA,2015,18.2,201.9,21.96,-53.625898535492,478.72,434.5733333333333,85.8437868068117,164.84,-62.068542325039125,0.8469943692617741,High
Solapur,PIGEONPEA,2016,29.97,417.1882352941177,20.89597426470588,-4.176673831954176,164.84,377.64000000000004,184.36697752037918,560.53,48.429721427814826,0.5320644446685578,Low
Solapur,PIGEONPEA,2017,29.8,417.1882352941177,20.89597426470588,-4.176673831954176,560.53,401.3633333333333,208.8795931471845,627.52,56.347116909865555,0.5149100877908385,Low
Solapur,RICE,1999,3.2,387.1,21.02,-11.087594467998771,1137.93,1114.42,33.248160851391454,1312.5,17.774268229213394,0.6090386946412285,Medium
Solapur,RICE,2000,3.0,452.8,21.53,4.002937806484512,1312.5,1180.4466666666667,116.75308232904742,1133.33,-3.9914269739703148,0.6331520003735459,Medium
Solapur,RICE,2001,0.6,440.7,21.42,1.2237073571504464,1133.33,1194.5866666666668,102.14184075751396,1333.33,11.614338013706254,0.6035838471096012,Medium
Solapur,RICE,2002,0.5,321.2,21.85,-26.22406443585949,1333.33,1259.72,109.95133605372871,600.0,-52.37036801828978,0.7841345947242822,High
Solapur,RICE,2003,0.2,226.9,22.0765625,-47.88368686331419,600.0,1022.2199999999999,379.0808572059527,500.0,-51.08685018880475,0.8144314105233417,High
Solapur,RICE,2004,0.4,414.5,21.38,-4.7941304752918965,500.0,811.11,455.0113144747061,250.0,-69.17803996991778,0.7878242178874872,High
Solapur,RICE,2005,0.4,585.0,20.9796875,34.36775312896077,250.0,450.0,180.27756377319938,250.0,-44.44444444444444,0.6744281864522474,High
Solapur,RICE,2006,0.4,369.7,21.3096875,-15.084173791834537,250.0,333.3333333333333,144.33756729740634,250.0,-24.999999999999993,0.7078197033447778,High
Solapur,RICE,2007,0.3,416.2,21.64,-4.403660081583808,250.0,250.0,0.0,1100.0,340.0,0.20400881940179574,Low
Solapur,RICE,2008,0.1,556.7,21.3634375,27.8675695160555,1100.0,533.3333333333334,490.74772881118196,1000.0,87.49999999999999,0.3984753958694284,Low
Solapur,RICE,2009,0.1,561.2,21.73,28.901167617047506,1000.0,783.3333333333334,464.57866215887856,100.0,-87.2340425531915,0.7754873487602807,High
Solapur,RICE,2012,0.4,335.2,21.79,-23.008425899439917,100.0,733.3333333333334,550.7570547286103,225.0,-69.31818181818183,0.8159440541889904,High
Solapur,RICE,2013,0.4,464.7,21.41,6.736230562441145,225.0,441.6666666666667,487.5534158770025,250.0,-43.39622641509434,0.7143548826260016,High
Solapur,RICE,2014,0.4,347.5,21.96,-20.18325775672843,250.0,191.66666666666666,80.36375634160747,250.0,30.43478260869566,0.5954981393826877,Medium
Solapur,RICE,2015,0.2,201.9,21.96,-53.625898535492,250.0,241.66666666666666,14.433756729738585,0.0,-100.0,0.9291791942239152,High
Solapur,RICE,2016,0.2,417.1882352941177,20.89597426470588,-4.176673831954176,0.0,166.66666666666666,144.33756729740645,215.0,29.00000000000001,0.574162174428683,Low
Solapur,RICE,2017,0.6,417.1882352941177,20.89597426470588,-4.176673831954176,215.0,155.0,135.36986370680884,116.67,-24.729032258064514,0.6905750776541013,High
Solapur,SESAMUM,1999,0.9,387.1,21.02,-11.087594467998771,307.69,225.275,116.55241074297862,222.22,-1.3561202974142743,0.6504878697821168,Medium
Solapur,SESAMUM,2000,0.9,452.8,21.53,4.002937806484512,222.22,224.25666666666666,82.43387188124389,222.22,-0.9081855611873277,0.6264716439792051,Medium
Solapur,SESAMUM,2001,0.3,440.7,21.42,1.2237073571504464,222.22,250.71,49.34612750763732,333.33,32.954409477085065,0.557347025605768,Low
Solapur,SESAMUM,2002,0.3,321.2,21.85,-26.22406443585949,333.33,259.25666666666666,64.14938840965931,333.33,28.57142857142857,0.6087607021138104,Medium
Solapur,SESAMUM,2003,0.1,226.9,22.0765625,-47.88368686331419,333.33,296.2933333333333,64.14938840965932,1000.0,237.5033750337504,0.27040990178274477,Low
Solapur,SESAMUM,2004,0.4,414.5,21.38,-4.7941304752918965,1000.0,555.5533333333333,384.9021039606478,250.0,-54.99981999928,0.7571047412845411,High
Solapur,SESAMUM,2005,3.1,585.0,20.9796875,34.36775312896077,250.0,527.7766666666666,411.07436022371104,225.81,-57.214857294436406,0.7020974142938046,High
Solapur,SESAMUM,2006,0.3,369.7,21.3096875,-15.084173791834537,225.81,491.93666666666667,440.1619611385488,333.33,-32.241277671244944,0.7235091382990896,High
Solapur,SESAMUM,2007,0.3,416.2,21.64,-4.403660081583808,333.33,269.7133333333333,56.40566667750119,333.33,23.586771139728604,0.5862374819311097,Medium
Solapur,SESAMUM,2008,0.1,556.7,21.3634375,27.8675695160555,333.33,297.49,62.07670094326886,1000.0,236.14575279841338,0.15472539587024087,Low
Solapur,SESAMUM,2009,0.1,561.2,21.73,28.901167617047506,1000.0,555.5533333333334,384.9021039606478,100.0,-81.999927999712,0.7641467672277795,High
Solapur,SESAMUM,2012,0.3,335.2,21.79,-23.008425899439917,100.0,477.77666666666664,467.06383892711426,200.0,-58.13943753357565,0.7917234415724244,High
Solapur,SESAMUM,2013,0.3,464.7,21.41,6.736230562441145,200.0,433.3333333333333,493.2882862316248,333.33,-23.077692307692306,0.6703313920601106,Medium
Solapur,SESAMUM,2014,0.2,347.5,21.96,-20.18325775672843,333.33,211.10999999999999,117.06107935603535,500.0,136.84335180711477,0.3649462394535481,Low
Solapur,SESAMUM,2015,0.11,201.9,21.96,-53.625898535492,500.0,344.4433333333333,150.3084483099115,363.64,5.573243784657367,0.7004371660245867,High
Solapur,SESAMUM,2016,0.19,417.1882352941177,20.89597426470588,-4.176673831954176,363.64,398.99,88.78028553682407,272.73,-31.644903381037114,0.7055594650871588,High
Solapur,SESAMUM,2017,0.41,417.1882352941177,20.89597426470588,-4.176673831954176,272.73,378.79,114.3899256927812,351.09,-7.31275904854934,0.6528398190336109,Medium
Solapur,SOYABEAN,1999,1.0,387.1,21.02,-11.087594467998771,1250.0,1031.25,309.35921676911454,1400.0,35.75757575757576,0.5700748616632398,Low
Solapur,SOYABEAN,2000,0.6,452.8,21.53,4.002937806484512,1400.0,1154.1666666666667,305.24921512320606,1666.67,44.404620938628156,0.5282938965632653,Low
Solapur,SOYABEAN,2001,0.4,440.7,21.42,1.2237073571504464,1666.67,1438.89,211.03979790551344,1250.0,-13.127480210439998,0.6571911199284062,Medium
Solapur,SOYABEAN,2002,0.7,321.2,21.85,-26.22406443585949,1250.0,1438.89,211.03979790551344,714.29,-50.358262271612155,0.7797750322731618,High
Solapur,SOYABEAN,2003,0.6,226.9,22.0765625,-47.88368686331419,714.29,1210.32,477.42831179141433,1166.67,-3.606484235574052,0.7115572842916846,High
Solapur,SOYABEAN,2004,2.1,414.5,21.38,-4.7941304752918965,1166.67,1043.6533333333334,288.2639870558464,2238.1,114.44860362316986,0.38996649010379014,Low
Solapur,SOYABEAN,2005,1.1,585.0,20.9796875,34.36775312896077,2238.1,1373.0199999999998,782.5819259988056,727.27,-47.031361524231244,0.6800331734584335,High
Solapur,SOYABEAN,2006,2.1,369.7,21.3096875,-15.084173791834537,727.27,1377.3466666666666,777.1359698491206,1571.43,14.09110269987707,0.6231223141619932,Medium
Solapur,SOYABEAN,2007,2.8,416.2,21.64,-4.403660081583808,1571.43,1512.2666666666667,757.1506106669488,1392.86,-7.895873743607836,0.6544498791781113,Medium
Solapur,SOYABEAN,2008,2.5,556.7,21.3634375,27.8675695160555,1392.86,1230.52,444.878897116957,920.0,-25.234860059161978,0.6427342593301317,Medium
Solapur,SOYABEAN,2009,3.2,561.2,21.73,28.901167617047506,920.0,1294.7633333333333,336.61176187610164,871.87,-32.6618249409802,0.6572475439342169,Medium
Solapur,SOYABEAN,2012,5.5,335.2,21.79,-23.008425899439917,871.87,1061.5766666666666,287.90729312286146,2087.27,96.61980764460411,0.45641174368748594,Low
Solapur,SOYABEAN,2013,5.5,464.7,21.41,6.736230562441145,2087.27,1293.0466666666666,688.2384409732816,1800.0,39.2061126950819,0.5353831478878829,Low
Solapur,SOYABEAN,2014,6.3,347.5,21.96,-20.18325775672843,1800.0,1586.3799999999999,635.2357186903142,1174.6,-25.957210756565264,0.7176807916736792,High
Solapur,SOYABEAN,2015,14.2,201.9,21.96,-53.625898535492,1174.6,1687.29,466.6575728518718,169.01,-89.98334607565978,0.9074764440545837,High
Solapur,SOYABEAN,2016,27.7,417.1882352941177,20.89597426470588,-4.176673831954176,169.01,1047.87,822.8471697101472,367.15,-64.96225676849228,0.777747064093071,High
Solapur,SOYABEAN,2017,33.59,417.1882352941177,20.89597426470588,-4.176673831954176,367.15,570.2533333333332,532.6734788154306,1148.03,101.31929668685267,0.4174703649410245,Low
Solapur,SUGARCANE,1999,66.6,387.1,21.02,-11.087594467998771,8768.8,8383.89,544.3449422930279,9451.95,12.739432411446256,0.6199475055796875,Medium
Solapur,SUGARCANE,2000,64.7,452.8,21.53,4.002937806484512,9451.95,8739.91,726.9156961436456,9200.15,5.265958116273506,0.6130943326780844,Medium
Solapur,SUGARCANE,2001,59.8,440.7,21.42,1.2237073571504464,9200.15,9140.300000000001,345.48516248892736,7581.1,-17.058521055107605,0.6657083750918241,Medium
Solapur,SUGARCANE,2002,56.4,321.2,21.85,-26.22406443585949,7581.1,8744.4,1015.2836931124223,7184.4,-17.839989021545218,0.7093187735649183,High
Solapur,SUGARCANE,2003,48.6,226.9,22.0765625,-47.88368686331419,7184.4,7988.55,1067.8593739346013,5826.13,-27.068992495509196,0.7623927188547082,High
Solapur,SUGARCANE,2004,36.0,414.5,21.38,-4.7941304752918965,5826.13,6863.876666666667,920.3430505161284,7313.89,6.556256109885424,0.6237332430484606,Medium
Solapur,SUGARCANE,2005,68.3,585.0,20.9796875,34.36775312896077,7313.89,6774.806666666666,824.125280787656,8287.7,22.33116615381892,0.5297476968231591,Low
Solapur,SUGARCANE,2006,143.6,369.7,21.3096875,-15.084173791834537,8287.7,7142.573333333334,1239.6950296074162,8512.33,19.177355313584453,0.6121021001656639,Medium
Solapur,SUGARCANE,2007,154.5,416.2,21.64,-4.403660081583808,8512.33,8037.973333333332,637.0535020179465,7927.44,-1.3751393386060773,0.6403216213006546,Medium
Solapur,SUGARCANE,2008,117.5,556.7,21.3634375,27.8675695160555,7927.44,8242.49,295.0542934783299,8471.83,2.7824116256131357,0.5820301706799881,Low
Solapur,SUGARCANE,2009,107.3,561.2,21.73,28.901167617047506,8471.83,8303.866666666667,326.62339021161574,9256.85,11.47638048138217,0.5616147655194172,Low
Solapur,SUGARCANE,2012,144.2,335.2,21.79,-23.008425899439917,9256.85,8552.039999999999,668.3247489806103,6738.28,-21.208506976113295,0.711706425364856,High
Solapur,SUGARCANE,2013,122.6,464.7,21.41,6.736230562441145,6738.28,8155.653333333333,1288.7103920715977,8554.81,4.894232875682146,0.6097255541630013,Medium
Solapur,SUGARCANE,2014,205.5,347.5,21.96,-20.18325775672843,8554.81,8183.313333333333,1299.7330653766298,9756.54,19.224812769399865,0.6197864073677476,Medium
Solapur,SUGARCANE,2015,183.1,201.9,21.96,-53.625898535492,9756.54,8349.876666666665,1519.530062299963,5988.2,-28.283970661442893,0.7737944639908928,High
Solapur,SUGARCANE,2016,64.74,417.1882352941177,20.89597426470588,-4.176673831954176,5988.2,8099.849999999999,1924.9254635180027,7355.23,-9.19300974709408,0.656913695547111,Medium
Solapur,SUGARCANE,2017,100.5,417.1882352941177,20.89597426470588,-4.176673831954176,7355.23,7699.989999999999,1907.6795281440752,10415.55,35.26705878838804,0.5605835470538875,Low
Solapur,SUNFLOWER,1999,55.5,387.1,21.02,-11.087594467998771,463.96,425.335,54.6239988466608,454.05,6.751149094243369,0.6329221194335839,Medium
Solapur,SUNFLOWER,2000,49.0,452.8,21.53,4.002937806484512,454.05,434.9066666666667,42.032618682796034,493.88,13.559997547366475,0.5951239139107762,Medium
Solapur,SUNFLOWER,2001,30.0,440.7,21.42,1.2237073571504464,493.88,470.62999999999994,20.735812016894844,480.0,1.9909483033380921,0.6244345248153295,Medium
Solapur,SUNFLOWER,2002,34.7,321.2,21.85,-26.22406443585949,480.0,475.9766666666667,20.217508089112602,443.8,-6.760135300750039,0.6853124238366088,High
Solapur,SUNFLOWER,2003,21.6,226.9,22.0765625,-47.88368686331419,443.8,472.56,25.8556918298467,129.63,-72.568562722194,0.8609751210121965,High
Solapur,SUNFLOWER,2004,38.3,414.5,21.38,-4.7941304752918965,129.63,351.14333333333326,192.68816163255426,548.3,56.14706245312932,0.5162864959717902,Low
Solapur,SUNFLOWER,2005,37.5,585.0,20.9796875,34.36775312896077,548.3,373.91,217.90961727285008,530.67,41.92452729266399,0.4872954143558029,Low
Solapur,SUNFLOWER,2006,36.1,369.7,21.3096875,-15.084173791834537,530.67,402.8666666666666,236.79402702207955,509.7,26.51828561972531,0.5961967511690784,Medium
Solapur,SUNFLOWER,2007,27.0,416.2,21.64,-4.403660081583808,509.7,529.5566666666666,19.32406875720864,671.48,26.800405370530083,0.5792746077643964,Low
Solapur,SUNFLOWER,2008,23.9,556.7,21.3634375,27.8675695160555,671.48,570.6166666666667,87.9772370180681,598.33,4.856733942810416,0.5775358056594089,Low
Solapur,SUNFLOWER,2009,24.4,561.2,21.73,28.901167617047506,598.33,593.1700000000001,81.01334025949056,466.8,-21.30417924035269,0.6326393115829394,Medium
Solapur,SUNFLOWER,2012,14.8,335.2,21.79,-23.008425899439917,466.8,578.87,103.71834119383128,431.08,-25.530775476359118,0.7210713404486907,High
Solapur,SUNFLOWER,2013,17.0,464.7,21.41,6.736230562441145,431.08,498.7366666666667,88.08009782767819,735.29,47.4305077495806,0.5175636252698619,Low
Solapur,SUNFLOWER,2014,20.5,347.5,21.96,-20.18325775672843,735.29,544.39,166.28616027799788,585.37,7.527691544664675,0.6451301700212562,Medium
Solapur,SUNFLOWER,2015,17.4,201.9,21.96,-53.625898535492,585.37,583.9133333333333,152.11023119216316,229.89,-60.629431308299175,0.8438762953921812,High
Solapur,SUNFLOWER,2016,3.25,417.1882352941177,20.89597426470588,-4.176673831954176,229.89,516.8499999999999,259.5737521399265,352.51,-31.79645932088613,0.7058878362901638,High
Solapur,SUNFLOWER,2017,21.09,417.1882352941177,20.89597426470588,-4.176673831954176,352.51,389.25666666666666,180.56645794092935,517.12,32.848077960557305,0.5658246721808365,Low
Thane,FINGER MILLET,1999,17.5,1444.9,23.135625,-23.422280777427098,810.65,802.31,11.794541110191618,971.43,21.079134000573347,0.6207152270512217,Medium
Thane,FINGER MILLET,2000,16.9,2019.5,23.67,7.030731517742381,971.43,858.6833333333334,97.99700879788797,443.79,-48.317385143921896,0.7245676422816997,High
Thane,FINGER MILLET,2001,16.4,1687.6,23.29,-10.559513488813057,443.79,741.9566666666666,270.4442140873665,823.17,10.945832416088995,0.6230271732404791,Medium
Thane,FINGER MILLET,2002,16.0,1279.5,23.4471875,-32.18825403468612,823.17,746.13,272.125639365349,406.25,-45.55238363287899,0.778470584112938,High
Thane,FINGER MILLET,2003,16.0,1865.3,23.52,-1.1416570933177228,406.25,557.7366666666667,230.6370606241187,775.0,38.95446477130785,0.5479592025586294,Low
Thane,FINGER MILLET,2004,15.9,2496.1,23.07,32.28987815867133,775.0,668.14,228.0786406045074,1006.29,50.61065046247792,0.47164873431929744,Low
Thane,FINGER MILLET,2005,15.7,2856.6,23.0746875,51.39588395819899,1006.29,729.18,302.6327885408321,910.83,24.911544474615336,0.49815214802199687,Low
Thane,FINGER MILLET,2006,15.8,2616.5,23.108125,38.6709131053097,910.83,897.3733333333333,116.23070778986613,803.8,-10.42746980075183,0.5941531152621704,Medium
Thane,FINGER MILLET,2007,15.8,2082.1,23.62,10.348445700961328,803.8,906.9733333333334,101.30007617634476,727.85,-19.7495699983829,0.6576040195608299,Medium
Thane,FINGER MILLET,2008,16.0,2253.2,23.2003125,19.41651114423229,727.85,814.16,91.92887087308303,818.75,0.5637712488945701,0.5997433673664382,Medium
Thane,FINGER MILLET,2009,16.1,1859.1,23.63,-1.4702485938921264,818.75,783.4666666666667,48.74203353711578,616.77,-21.27680394826413,0.678962097522202,High
Thane,FINGER MILLET,2012,14.1,1951.9,23.67,3.4480241888989167,616.77,721.1233333333333,101.15787726782995,788.65,9.364093982998744,0.6050624817716815,Medium
Thane,FINGER MILLET,2013,14.1,2102.7,23.1453125,11.440217460934333,788.65,741.39,108.96839358272658,808.51,9.053264813391063,0.5935305641771953,Medium
Thane,FINGER MILLET,2014,12.6,2353.2,23.58,24.716374056722632,808.51,737.9766666666666,105.43669633165361,690.48,-6.436066180954217,0.606815927954689,Medium
Thane,FINGER MILLET,2015,11.3,1212.9,23.58,-35.717962734404686,690.48,762.5466666666666,63.19658403215572,787.61,3.286793376580239,0.6780428073189254,High
Thane,FINGER MILLET,2016,13.4,417.1882352941177,20.89597426470588,-77.88959544237413,787.61,762.1999999999999,62.98429407399902,1052.24,38.05300446077147,0.6671189681721468,Medium
Thane,FINGER MILLET,2017,13.9,417.1882352941177,20.89597426470588,-77.88959544237413,1052.24,843.4433333333333,187.2313948923452,1043.17,23.67991526796902,0.6982606614231149,High
Thane,GROUNDNUT,1999,0.4,1444.9,23.135625,-23.422280777427098,1333.33,1333.33,0.0,1750.0,31.25032812582032,0.5986776397799267,Medium
Thane,GROUNDNUT,2000,0.4,2019.5,23.67,7.030731517742381,1750.0,1472.22,240.56453666324137,1250.0,-15.094211462960699,0.6525840993065235,Medium
Thane,GROUNDNUT,2001,0.4,1687.6,23.29,-10.559513488813057,1250.0,1444.4433333333334,267.87987911251065,1250.0,-13.461471893439922,0.6759096659109489,High
Thane,GROUNDNUT,2002,0.4,1279.5,23.4471875,-32.18825403468612,1250.0,1416.6666666666667,288.67513459481285,2250.0,58.823529411764696,0.5523227725169639,Low
Thane,GROUNDNUT,2003,0.4,1865.3,23.52,-1.1416570933177228,2250.0,1583.3333333333333,577.3502691896258,1250.0,-21.052631578947363,0.6779745779837489,High
Thane,GROUNDNUT,2004,0.4,2496.1,23.07,32.28987815867133,1250.0,1583.3333333333333,577.3502691896258,1250.0,-21.052631578947363,0.626919178741868,Medium
Thane,GROUNDNUT,2005,0.5,2856.6,23.0746875,51.39588395819899,1250.0,1583.3333333333333,577.3502691896258,1200.0,-24.210526315789473,0.6045833014008526,Medium
Thane,GROUNDNUT,2006,0.5,2616.5,23.108125,38.6709131053097,1200.0,1233.3333333333333,28.867513459481255,1200.0,-2.7027027027026964,0.5774161198831198,Low
Thane,GROUNDNUT,2007,0.4,2082.1,23.62,10.348445700961328,1200.0,1216.6666666666667,28.867513459481255,1275.0,4.794520547945199,0.6044251567106296,Medium
Thane,GROUNDNUT,2008,0.5,2253.2,23.2003125,19.41651114423229,1275.0,1225.0,43.30127018922193,1600.0,30.612244897959183,0.5346383411270151,Low
Thane,GROUNDNUT,2009,0.4,1859.1,23.63,-1.4702485938921264,1600.0,1358.3333333333333,212.6225137028846,1750.0,28.834355828220865,0.5703879180068465,Low
Thane,GROUNDNUT,2012,0.1,1951.9,23.67,3.4480241888989167,1750.0,1541.6666666666667,242.81337140555777,2000.0,29.729729729729726,0.5609369376539115,Low
Thane,GROUNDNUT,2014,0.2,2353.2,23.58,24.716374056722632,2000.0,1783.3333333333333,202.07259421636903,1000.0,-43.925233644859816,0.6880424574595471,High
Thane,GROUNDNUT,2015,0.17,1212.9,23.58,-35.717962734404686,1000.0,1583.3333333333333,520.4164998665332,1764.71,11.45536842105264,0.6603442280559609,Medium
Thane,GROUNDNUT,2016,0.2,417.1882352941177,20.89597426470588,-77.88959544237413,1764.71,1588.2366666666667,522.8356606366223,1000.0,-37.037091449427145,0.8298141759770348,High
Thane,GROUNDNUT,2017,0.08,417.1882352941177,20.89597426470588,-77.88959544237413,1000.0,1254.9033333333334,441.5055243519987,1320.51,5.2280255318470665,0.7382397558512459,High
Thane,MAIZE,2003,0.1,1865.3,23.52,-1.1416570933177228,1000.0,1500.0,707.1067811865476,2000.0,33.33333333333333,0.5601383206742003,Low
Thane,MAIZE,2004,0.1,2496.1,23.07,32.28987815867133,2000.0,1666.6666666666667,577.3502691896257,1000.0,-40.0,0.6679718103206785,Medium
Thane,MAIZE,2005,0.1,2856.6,23.0746875,51.39588395819899,1000.0,1333.3333333333333,577.3502691896257,2000.0,50.000000000000014,0.44379382771717796,Low
Thane,MAIZE,2006,0.1,2616.5,23.108125,38.6709131053097,2000.0,1666.6666666666667,577.3502691896257,2000.0,19.999999999999996,0.5282269306940945,Low
Thane,MAIZE,2007,0.1,2082.1,23.62,10.348445700961328,2000.0,1666.6666666666667,577.3502691896257,3000.0,80.0,0.44147995123172074,Low
Thane,MAIZE,2008,0.1,2253.2,23.2003125,19.41651114423229,3000.0,2333.3333333333335,577.3502691896257,3000.0,28.571428571428566,0.5390601098344835,Low
Thane,MAIZE,2009,0.1,1859.1,23.63,-1.4702485938921264,3000.0,2666.6666666666665,577.3502691896257,3000.0,12.500000000000005,0.6057790223012071,Medium
Thane,MAIZE,2015,0.04,1212.9,23.58,-35.717962734404686,3000.0,3000.0,0.0,3000.0,0.0,0.6851641929681589,High
Thane,MAIZE,2016,0.03,417.1882352941177,20.89597426470588,-77.88959544237413,3000.0,3000.0,0.0,3571.43,19.04766666666666,0.7082972000592366,High
Thane,MINOR PULSES,1999,12.4,1444.9,23.135625,-23.422280777427098,546.87,614.9,96.20894864824162,540.32,-12.128801431127002,0.6926657538196659,High
Thane,MINOR PULSES,2000,12.5,2019.5,23.67,7.030731517742381,540.32,590.04,80.5117364115319,456.0,-22.717103925157613,0.6691003663078952,Medium
Thane,MINOR PULSES,2001,12.9,1687.6,23.29,-10.559513488813057,456.0,514.3966666666666,50.67892691576381,589.15,14.532235175189056,0.6152566339291217,Medium
Thane,MINOR PULSES,2002,11.0,1279.5,23.4471875,-32.18825403468612,589.15,528.49,67.35868392419788,554.55,4.931029915419392,0.6690898547586561,Medium
Thane,MINOR PULSES,2003,12.7,1865.3,23.52,-1.1416570933177228,554.55,533.2333333333333,69.08712494621066,582.68,9.272988685378495,0.6122690674112621,Medium
Thane,MINOR PULSES,2004,12.7,2496.1,23.07,32.28987815867133,582.68,575.4599999999999,18.395279285729487,652.76,13.432732075209412,0.5522008908247773,Low
Thane,MINOR PULSES,2005,14.5,2856.6,23.0746875,51.39588395819899,652.76,596.6633333333333,50.576192357010456,609.66,2.178224459354522,0.5474076747215645,Low
Thane,MINOR PULSES,2006,11.56,2616.5,23.108125,38.6709131053097,609.66,615.0333333333333,35.34764678636077,675.61,9.849330659584854,0.550220047598254,Low
Thane,MINOR PULSES,2007,10.9,2082.1,23.62,10.348445700961328,675.61,646.0100000000001,33.489140030762,529.36,-18.056996021733422,0.6539367759447683,Medium
Thane,MINOR PULSES,2008,12.3,2253.2,23.2003125,19.41651114423229,529.36,604.8766666666667,73.24224077220275,563.41,-6.855392008288195,0.6158182210902806,Medium
Thane,MINOR PULSES,2009,11.8,1859.1,23.63,-1.4702485938921264,563.41,589.46,76.52592697903101,608.47,3.2249855800223917,0.6258748868777582,Medium
Thane,MINOR PULSES,2012,10.06,1951.9,23.67,3.4480241888989167,608.47,567.0799999999999,39.682486061233455,508.95,-10.250758270438023,0.6475613283206529,Medium
Thane,MINOR PULSES,2013,10.5,2102.7,23.1453125,11.440217460934333,508.95,560.2766666666666,49.833933552683966,428.57,-23.5074338273353,0.6640787445652006,Medium
Thane,MINOR PULSES,2014,10.3,2353.2,23.58,24.716374056722632,428.57,515.33,90.11953617279659,601.94,16.806706382318126,0.5564565874011003,Low
Thane,MINOR PULSES,2015,9.7,1212.9,23.58,-35.717962734404686,601.94,513.1533333333333,86.76139829056079,639.18,24.559261039585305,0.6319524607159015,Medium
Thane,MINOR PULSES,2016,10.63,417.1882352941177,20.89597426470588,-77.88959544237413,639.18,556.5633333333334,112.39850725580528,711.44,27.827321239271956,0.6892746151519885,High
Thane,MINOR PULSES,2017,10.07,417.1882352941177,20.89597426470588,-77.88959544237413,711.44,650.8533333333334,55.6755110738402,614.12,-5.643872659482938,0.7617955352657158,High
Thane,OILSEEDS,1999,4.4,1444.9,23.135625,-23.422280777427098,367.35,399.58500000000004,45.58717418309672,493.18,23.42305141584393,0.6156367393181523,Medium
Thane,OILSEEDS,2000,4.4,2019.5,23.67,7.030731517742381,493.18,430.7833333333333,62.92140520787287,318.18,-26.13920377606685,0.6765149159848405,High
Thane,OILSEEDS,2001,3.5,1687.6,23.29,-10.559513488813057,318.18,392.90333333333336,90.25508092807482,457.14,16.34922924213758,0.6113198134507463,Medium
Thane,OILSEEDS,2002,3.5,1279.5,23.4471875,-32.18825403468612,457.14,422.8333333333333,92.40649616414059,542.86,28.386283011430834,0.6182701397174674,Medium
Thane,OILSEEDS,2003,3.6,1865.3,23.52,-1.1416570933177228,542.86,439.39333333333326,113.38643540271178,475.0,8.103597384272271,0.6148027485636504,Medium
Thane,OILSEEDS,2004,3.5,2496.1,23.07,32.28987815867133,475.0,491.6666666666667,45.22513607866012,485.71,-1.2115254237288215,0.5839301154057044,Low
Thane,OILSEEDS,2005,3.9,2856.6,23.0746875,51.39588395819899,485.71,501.19,36.48243001774952,405.13,-19.166384006065567,0.5936543263964872,Medium
Thane,OILSEEDS,2006,3.7,2616.5,23.108125,38.6709131053097,405.13,455.28,43.760060557544904,402.7,-11.548936917940605,0.5965829606827381,Medium
Thane,OILSEEDS,2007,3.3,2082.1,23.62,10.348445700961328,402.7,431.18,47.23999259102399,427.27,-0.9068138596409909,0.6167780479270252,Medium
Thane,OILSEEDS,2008,3.6,2253.2,23.2003125,19.41651114423229,427.27,411.7,13.538644688446704,466.67,13.351955307262578,0.5720356352400665,Low
Thane,OILSEEDS,2009,3.62,1859.1,23.63,-1.4702485938921264,466.67,432.2133333333333,32.27022828139487,422.65,-2.212641905231984,0.63765641309577,Medium
Thane,OILSEEDS,2012,2.85,1951.9,23.67,3.4480241888989167,422.65,438.8633333333333,24.19181955400083,396.49,-9.655245748486609,0.6462710511897625,Medium
Thane,OILSEEDS,2013,2.9,2102.7,23.1453125,11.440217460934333,396.49,428.6033333333333,35.46674122799185,482.76,12.635614904223806,0.5857688056470836,Medium
Thane,OILSEEDS,2014,2.9,2353.2,23.58,24.716374056722632,482.76,433.96666666666664,44.23435806399065,413.79,-4.64935862969505,0.6029447282603071,Medium
Thane,OILSEEDS,2015,2.8,1212.9,23.58,-35.717962734404686,413.79,431.0133333333333,45.64110683729454,321.43,-25.424580832766193,0.7402507847723021,High
Thane,PIGEONPEA,1999,2.9,1444.9,23.135625,-23.422280777427098,451.61,475.805,34.216897141617025,517.24,8.708399449354252,0.6475184852454403,Medium
Thane,PIGEONPEA,2000,2.9,2019.5,23.67,7.030731517742381,517.24,489.6166666666666,34.024762061377196,344.83,-29.57143343431936,0.6839514135776963,High
Thane,PIGEONPEA,2001,2.7,1687.6,23.29,-10.559513488813057,344.83,437.8933333333334,87.01960832670608,444.44,1.4950368430667949,0.6435038969819589,Medium
Thane,PIGEONPEA,2002,2.7,1279.5,23.4471875,-32.18825403468612,444.44,435.50333333333333,86.55171883523361,518.52,19.062234502606177,0.6384722448198534,Medium
Thane,PIGEONPEA,2003,2.7,1865.3,23.52,-1.1416570933177228,518.52,435.93,87.15715174327347,481.48,10.448925286169802,0.6097212047762226,Medium
Thane,PIGEONPEA,2004,2.7,2496.1,23.07,32.28987815867133,481.48,481.48,37.039999999999935,555.56,15.385893495056893,0.5479690410817886,Low
Thane,PIGEONPEA,2005,3.2,2856.6,23.0746875,51.39588395819899,555.56,518.52,37.0399999999999,593.75,14.508601403995995,0.5206918580082637,Low
Thane,PIGEONPEA,2006,2.9,2616.5,23.108125,38.6709131053097,593.75,543.5966666666667,57.08309060775638,620.69,14.182083530068255,0.5408324163789046,Low
Thane,PIGEONPEA,2007,2.9,2082.1,23.62,10.348445700961328,620.69,590.0,32.72653510532387,758.62,28.579661016949153,0.5528906856946262,Low
Thane,PIGEONPEA,2008,3.2,2253.2,23.2003125,19.41651114423229,758.62,657.6866666666666,88.44260417543866,562.5,-14.472950645190712,0.632322931470181,Medium
Thane,PIGEONPEA,2009,3.5,1859.1,23.63,-1.4702485938921264,562.5,647.27,100.72554740481678,840.0,29.775827707139218,0.5683480622691968,Low
Thane,PIGEONPEA,2012,2.7,1951.9,23.67,3.4480241888989167,840.0,720.3733333333333,142.64875791023664,148.15,-79.43427482046347,0.7974589475118751,High
Thane,PIGEONPEA,2013,2.8,2102.7,23.1453125,11.440217460934333,148.15,516.8833333333333,348.1734708925041,535.71,3.642343533356988,0.6052542269505634,Medium
Thane,PIGEONPEA,2014,2.7,2353.2,23.58,24.716374056722632,535.71,507.9533333333334,346.75918161359965,407.41,-19.79381307994173,0.6357577129023988,Medium
Thane,PIGEONPEA,2015,3.1,1212.9,23.58,-35.717962734404686,407.41,363.75666666666666,197.43327615509358,354.84,-2.4512723707240243,0.6904752831047098,High
Thane,PIGEONPEA,2016,2.65,417.1882352941177,20.89597426470588,-77.88959544237413,354.84,432.65333333333336,93.03982283588795,819.45,89.40106012511941,0.5558648475664304,Low
Thane,PIGEONPEA,2017,2.5,417.1882352941177,20.89597426470588,-77.88959544237413,819.45,527.2333333333333,254.4284505186741,480.0,-8.958715306315991,0.76897769433383,High
Thane,RICE,1999,141.8,1444.9,23.135625,-23.422280777427098,1919.77,2137.42,307.80358185050426,2129.76,-0.3583759860018085,0.6671631653553131,Medium
Thane,RICE,2000,141.7,2019.5,23.67,7.030731517742381,2129.76,2134.866666666667,217.69492652180338,1237.12,-42.05165037629205,0.7109918836185469,High
Thane,RICE,2001,141.0,1687.6,23.29,-10.559513488813057,1237.12,1762.2166666666665,466.71065129621104,2447.52,38.88871024183558,0.5624842712848966,Low
Thane,RICE,2002,140.4,1279.5,23.4471875,-32.18825403468612,2447.52,1938.1333333333332,627.5409345479651,1138.18,-41.27442212438084,0.7692016675112229,High
Thane,RICE,2003,140.9,1865.3,23.52,-1.1416570933177228,1138.18,1607.6066666666666,729.0665858022389,2821.15,75.48757780717507,0.46880412431451424,Low
Thane,RICE,2004,141.0,2496.1,23.07,32.28987815867133,2821.15,2135.616666666667,883.7758608568879,2378.72,11.38328507769027,0.5566413593193874,Low
Thane,RICE,2005,139.5,2856.6,23.0746875,51.39588395819899,2378.72,2112.6833333333334,872.4555210630128,2226.52,5.388250329359972,0.5404526186699092,Low
Thane,RICE,2006,140.2,2616.5,23.108125,38.6709131053097,2226.52,2475.463333333333,308.8942596315657,1835.95,-25.83408627879763,0.6275341176311584,Medium
Thane,RICE,2007,140.6,2082.1,23.62,10.348445700961328,1835.95,2147.0633333333335,279.97292660779374,2199.5,2.4422505779211527,0.6095217416456647,Medium
Thane,RICE,2008,140.6,2253.2,23.2003125,19.41651114423229,2199.5,2087.3233333333337,218.11449890672816,2157.89,3.3807252350298453,0.5936399670631654,Medium
Thane,RICE,2009,138.6,1859.1,23.63,-1.4702485938921264,2157.89,2064.4466666666667,198.97460399089408,2097.84,1.6175440069494051,0.629357676952738,Medium
Thane,RICE,2012,139.6,1951.9,23.67,3.4480241888989167,2097.84,2151.743333333334,51.10797426364111,2599.86,20.825749043798574,0.5802288958066981,Low
Thane,RICE,2013,139.6,2102.7,23.1453125,11.440217460934333,2599.86,2285.196666666667,274.15554094953626,2392.55,4.697772182992258,0.6029674648763612,Medium
Thane,RICE,2014,132.8,2353.2,23.58,24.716374056722632,2392.55,2363.416666666667,252.27481727935648,2475.15,4.727618913296419,0.5826279435838932,Low
Thane,RICE,2015,133.9,1212.9,23.58,-35.717962734404686,2475.15,2489.186666666667,104.36536797871457,2289.02,-8.04144861239817,0.7025873316282969,High
Thane,RICE,2016,132.7,417.1882352941177,20.89597426470588,-77.88959544237413,2289.02,2385.5733333333337,93.26092232726812,2828.18,18.55347142266287,0.7093679564212412,High
Thane,RICE,2017,132.68,417.1882352941177,20.89597426470588,-77.88959544237413,2828.18,2530.7833333333333,273.85156058224766,1856.37,-26.64840266847551,0.807305350285048,High
Thane,SESAMUM,1999,1.4,1444.9,23.135625,-23.422280777427098,294.12,480.395,263.43263133104824,357.14,-25.657011417687524,0.7219768754571161,High
Thane,SESAMUM,2000,1.4,2019.5,23.67,7.030731517742381,357.14,439.30999999999995,199.40488283891142,214.29,-51.22123329767134,0.7308593132814691,High
Thane,SESAMUM,2001,0.9,1687.6,23.29,-10.559513488813057,214.29,288.51666666666665,71.58965451329777,333.33,15.53232048986194,0.6130897824140041,Medium
Thane,SESAMUM,2002,0.9,1279.5,23.4471875,-32.18825403468612,333.33,301.58666666666664,76.5327383106951,333.33,10.525443211459395,0.6569686259506098,Medium
Thane,SESAMUM,2003,0.9,1865.3,23.52,-1.1416570933177228,333.33,293.65000000000003,68.72777604433307,333.33,13.512685169419358,0.6030830583625374,Medium
Thane,SESAMUM,2004,0.9,2496.1,23.07,32.28987815867133,333.33,333.33,0.0,333.33,0.0,0.5813051436543007,Low
Thane,SESAMUM,2006,1.0,2616.5,23.108125,38.6709131053097,333.33,333.33,0.0,300.0,-9.999099990999905,0.5932249806743777,Medium
Thane,SESAMUM,2007,1.0,2082.1,23.62,10.348445700961328,300.0,322.22,19.24308447209021,330.0,2.414499410340752,0.6095818691754221,Medium
Thane,SESAMUM,2008,1.1,2253.2,23.2003125,19.41651114423229,330.0,321.10999999999996,18.357458974487717,272.73,-15.066488119336036,0.6336089293308249,Medium
Thane,SESAMUM,2009,0.9,1859.1,23.63,-1.4702485938921264,272.73,300.91,28.64584263030147,355.56,18.161576551128235,0.5935122731071367,Medium
Thane,SESAMUM,2012,0.7,1951.9,23.67,3.4480241888989167,355.56,319.43,42.41457178847854,414.29,29.696647152740823,0.5610086165707205,Low
Thane,SESAMUM,2013,0.7,2102.7,23.1453125,11.440217460934333,414.29,347.52666666666664,71.12108852747782,285.71,-17.787603828962766,0.651685779568768,Medium
Thane,SESAMUM,2014,0.4,2353.2,23.58,24.716374056722632,285.71,351.8533333333333,64.37009113970043,250.0,-28.947667588768038,0.6555910643381231,Medium
Thane,SESAMUM,2015,0.62,1212.9,23.58,-35.717962734404686,250.0,316.6666666666667,86.409128182926,532.26,68.08210526315787,0.5376529648984752,Low
Thane,SESAMUM,2016,0.71,417.1882352941177,20.89597426470588,-77.88959544237413,532.26,355.99,153.69494363836438,238.76,-32.930700300570244,0.8209169951545411,High
Thane,SESAMUM,2017,0.55,417.1882352941177,20.89597426470588,-77.88959544237413,238.76,340.34,166.30258326315922,545.45,60.26620438385146,0.6189903683389673,Medium
Thane,SUNFLOWER,2015,0.7,1212.9,23.58,-35.717962734404686,666.67,833.335,235.69990337291196,285.71,-65.71486857026285,0.8275464082032538,High
Thane,SUNFLOWER,2016,0.34,417.1882352941177,20.89597426470588,-77.88959544237413,285.71,650.7933333333333,357.4095723862658,608.19,-6.546369047009278,0.7637509441053496,High
Thane,SUNFLOWER,2017,0.07,417.1882352941177,20.89597426470588,-77.88959544237413,608.19,520.1899999999999,205.16001169818662,514.29,-1.1342009650320033,0.7520245799277712,High
Wardha,COTTON,1999,134.0,855.7,22.17,17.57384960320246,128.97,102.02,38.11305550595492,222.01,117.61419329543227,0.34894816388270034,Low
Wardha,COTTON,2000,140.4,1234.1,22.89,69.56630570914122,222.01,142.01666666666665,74.33372406474287,193.02,35.913625161366056,0.4465651131484338,Low
Wardha,COTTON,2001,150.0,546.7,22.71,-24.88299219578031,193.02,181.33333333333334,47.60823493192469,154.33,-14.891544117647056,0.700882440545415,High
Wardha,COTTON,2002,136.2,447.4,22.2859375,-38.52688990011362,154.33,189.78666666666666,33.95565392292327,161.38,-14.96768301250527,0.7218838620935898,High
Wardha,COTTON,2003,111.3,772.0,22.2440625,6.073404106196444,161.38,169.57666666666668,20.606261993222716,228.93,35.0008845556582,0.5455067194748744,Low
Wardha,COTTON,2004,99.8,578.0,22.43,-20.582347702873648,228.93,181.54666666666665,41.18629424132905,219.44,20.872502937720334,0.616825887349629,Medium
Wardha,COTTON,2005,80.1,851.4,22.45,16.983026238362243,219.44,203.25,36.56962810858214,186.14,-8.418204182041828,0.6229206419203797,Medium
Wardha,COTTON,2006,83.9,811.2,22.58,11.45951478101886,186.14,211.50333333333333,22.47196104778871,226.7,7.185071945280606,0.5975488452407449,Medium
Wardha,COTTON,2007,80.7,944.5,22.61,29.77503909106547,226.7,210.76,21.628342516244732,326.77,55.04365154678307,0.46588446747856904,Low
Wardha,COTTON,2008,68.5,704.8,22.58,-3.1599284792134084,326.77,246.53666666666663,72.38314191393829,208.03,-15.61904246832789,0.6692840306946158,Medium
Wardha,COTTON,2009,145.4,564.4,23.0590625,-22.450998345158975,208.03,253.8333333333333,63.85107856045449,232.53,-8.392646093237015,0.6830874441231387,High
Wardha,COTTON,2012,172.4,748.6,22.0,2.8582257952055183,232.53,255.77666666666664,62.69052985366554,320.42,25.2733504489594,0.571493144301735,Low
Wardha,COTTON,2013,176.9,874.3,22.31,20.129504158092676,320.42,253.66,59.099371401056366,258.96,2.089411022628709,0.5953489580677715,Medium
Wardha,COTTON,2014,207.7,715.1,23.1,-1.7447004192473063,258.96,270.6366666666667,45.09347439855716,159.99,-40.883841805126195,0.7218631455152075,High
Wardha,COTTON,2015,223.4,640.9,23.1,-11.939838482304017,159.99,246.4566666666667,80.94254896735914,258.55,4.906880181776365,0.6382195508233175,Medium
Wardha,COTTON,2016,240.5,417.1882352941177,20.89597426470588,-42.67801001204156,258.55,225.83333333333334,57.02236783345053,538.05,138.25092250922506,0.39624965329127226,Low
Wardha,COTTON,2017,251.06,417.1882352941177,20.89597426470588,-42.67801001204156,538.05,318.8633333333333,196.11377956006385,450.61,41.31759688058627,0.6062718588192897,Medium
Wardha,GROUNDNUT,1999,6.3,855.7,22.17,17.57384960320246,890.62,722.235,238.1323507001936,793.65,9.8880558267046,0.5823547950641657,Low
Wardha,GROUNDNUT,2000,4.3,1234.1,22.89,69.56630570914122,793.65,746.04,173.35957516099305,930.23,24.68902471717335,0.4708850807774369,Low
Wardha,GROUNDNUT,2001,2.8,546.7,22.71,-24.88299219578031,930.23,871.5,70.26880460061926,750.0,-13.941480206540447,0.6988239687380243,High
Wardha,GROUNDNUT,2002,2.2,447.4,22.2859375,-38.52688990011362,750.0,824.6266666666667,94.02328771816771,909.09,10.242614839846723,0.6672615500803425,Medium
Wardha,GROUNDNUT,2003,2.1,772.0,22.2440625,6.073404106196444,909.09,863.1066666666666,98.5218931676272,904.76,4.825977476712043,0.6108856848123732,Medium
Wardha,GROUNDNUT,2004,2.6,578.0,22.43,-20.582347702873648,904.76,854.6166666666667,90.62655479126053,884.62,3.5107358074770363,0.6544430494650307,Medium
Wardha,GROUNDNUT,2005,3.3,851.4,22.45,16.983026238362243,884.62,899.4899999999999,13.058518292670646,1030.3,14.542685299447472,0.5731720480439855,Low
Wardha,GROUNDNUT,2006,3.7,811.2,22.58,11.45951478101886,1030.3,939.8933333333334,78.93940038620347,1189.19,26.523931793678706,0.555647982236022,Low
Wardha,GROUNDNUT,2007,3.8,944.5,22.61,29.77503909106547,1189.19,1034.7033333333334,152.3327385473436,1302.63,25.894056589489423,0.5290419232191614,Low
Wardha,GROUNDNUT,2008,1.3,704.8,22.58,-3.1599284792134084,1302.63,1174.0400000000002,136.7956472260722,846.15,-27.928349971040184,0.6959541969504035,High
Wardha,GROUNDNUT,2009,1.1,564.4,23.0590625,-22.450998345158975,846.15,1112.6566666666668,237.66891032134038,1118.18,0.49640949439329696,0.6638278236833371,Medium
Wardha,GROUNDNUT,2012,2.8,748.6,22.0,2.8582257952055183,1118.18,1088.9866666666667,229.63598505751085,1403.57,28.887712123809283,0.5636620273395864,Low
Wardha,GROUNDNUT,2013,3.8,874.3,22.31,20.129504158092676,1403.57,1122.6333333333332,278.7366826116242,1468.42,30.801389589952215,0.5331396711721113,Low
Wardha,GROUNDNUT,2014,6.1,715.1,23.1,-1.7447004192473063,1468.42,1330.0566666666666,186.33349680970784,1688.52,26.95098203835927,0.5748876938548122,Low
Wardha,GROUNDNUT,2015,11.0,640.9,23.1,-11.939838482304017,1688.52,1520.17,149.35753245149752,1809.09,19.005769091614745,0.6076719581854361,Medium
Wardha,GROUNDNUT,2016,3.1,417.1882352941177,20.89597426470588,-42.67801001204156,1809.09,1655.3433333333335,172.74122447561118,1741.94,5.231341735752698,0.6844587449661684,High
Wardha,GROUNDNUT,2017,1.59,417.1882352941177,20.89597426470588,-42.67801001204156,1741.94,1746.5166666666667,60.4151523488399,1201.77,-31.19046482999494,0.7633726591916918,High
Wardha,KHARIF SORGHUM,1999,48.5,855.7,22.17,17.57384960320246,1075.79,916.99,224.57711370484742,793.81,-13.433079968156694,0.63288392261953,Medium
Wardha,KHARIF SORGHUM,2000,43.1,1234.1,22.89,69.56630570914122,793.81,875.93,173.9977321691291,1018.56,16.283264644435057,0.48909756093497575,Low
Wardha,KHARIF SORGHUM,2001,36.1,546.7,22.71,-24.88299219578031,1018.56,962.7199999999999,149.0528741755757,966.76,0.41964434103374576,0.6677081988850506,Medium
Wardha,KHARIF SORGHUM,2002,34.5,447.4,22.2859375,-38.52688990011362,966.76,926.3766666666667,117.69133712101893,918.84,-0.8135639570656968,0.6912166041402397,High
Wardha,KHARIF SORGHUM,2003,29.8,772.0,22.2440625,6.073404106196444,918.84,968.0533333333333,49.8725789721498,983.22,1.5667180871577404,0.6179474134897172,Medium
Wardha,KHARIF SORGHUM,2004,25.2,578.0,22.43,-20.582347702873648,983.22,956.2733333333334,33.44658029355656,896.83,-6.216144616950528,0.6755179570512202,High
Wardha,KHARIF SORGHUM,2005,19.8,851.4,22.45,16.983026238362243,896.83,932.9633333333335,44.89331167705645,808.08,-13.385663602356656,0.6336834706643593,Medium
Wardha,KHARIF SORGHUM,2006,15.6,811.2,22.58,11.45951478101886,808.08,896.0433333333334,87.57265003032252,852.56,-4.852815898040659,0.623630935567854,Medium
Wardha,KHARIF SORGHUM,2007,10.4,944.5,22.61,29.77503909106547,852.56,852.4900000000001,44.375041408431784,750.0,-12.022428415582601,0.6111943073965436,Medium
Wardha,KHARIF SORGHUM,2008,4.3,704.8,22.58,-3.1599284792134084,750.0,803.5466666666666,51.43006643329737,348.84,-56.58746225068862,0.7580489402227683,High
Wardha,KHARIF SORGHUM,2009,3.7,564.4,23.0590625,-22.450998345158975,348.84,650.4666666666667,266.2022218790321,462.16,-28.94947217382392,0.7276272339642619,High
Wardha,KHARIF SORGHUM,2012,4.0,748.6,22.0,2.8582257952055183,462.16,520.3333333333334,206.81015191071606,877.5,68.64189622037155,0.4775279617973218,Low
Wardha,KHARIF SORGHUM,2013,3.0,874.3,22.31,20.129504158092676,877.5,562.8333333333334,278.33736532009755,233.33,-58.543677820550776,0.7267206505608892,High
Wardha,KHARIF SORGHUM,2014,4.0,715.1,23.1,-1.7447004192473063,233.33,524.33,326.55409796846845,425.0,-18.944176377472207,0.674327203755449,High
Wardha,KHARIF SORGHUM,2015,4.3,640.9,23.1,-11.939838482304017,425.0,511.9433333333333,330.7689595976826,511.63,-0.06120469062331103,0.6489837347134808,Medium
Wardha,KHARIF SORGHUM,2016,3.6,417.1882352941177,20.89597426470588,-42.67801001204156,511.63,389.9866666666667,142.41549295400915,500.0,28.209511436288416,0.6346727106151737,Medium
Wardha,KHARIF SORGHUM,2017,3.0,417.1882352941177,20.89597426470588,-42.67801001204156,500.0,478.8766666666667,47.019523959025925,433.33,-9.511147616296485,0.7164008052288352,High
Wardha,MAIZE,2000,0.1,1234.1,22.89,69.56630570914122,1000.0,1250.0,353.5533905932738,1000.0,-20.0,0.5677113009976563,Low
Wardha,MAIZE,2001,0.1,546.7,22.71,-24.88299219578031,1000.0,1166.6666666666667,288.6751345948129,2000.0,71.42857142857142,0.5138555235292318,Low
Wardha,MAIZE,2006,0.1,811.2,22.58,11.45951478101886,2000.0,1333.3333333333333,577.3502691896258,2000.0,50.000000000000014,0.5047831677891621,Low
Wardha,MAIZE,2007,0.1,944.5,22.61,29.77503909106547,2000.0,1666.6666666666667,577.3502691896258,3000.0,80.0,0.41181237916344593,Low
Wardha,MAIZE,2008,0.1,704.8,22.58,-3.1599284792134084,3000.0,2333.3333333333335,577.3502691896257,2000.0,-14.28571428571429,0.6663951529656292,Medium
Wardha,MAIZE,2013,0.5,874.3,22.31,20.129504158092676,2000.0,2333.3333333333335,577.3502691896257,1000.0,-57.14285714285715,0.7236855390925632,High
Wardha,MAIZE,2014,1.0,715.1,23.1,-1.7447004192473063,1000.0,2000.0,999.9999999999999,1000.0,-50.0,0.7416148216040349,High
Wardha,MAIZE,2015,0.3,640.9,23.1,-11.939838482304017,1000.0,1333.3333333333333,577.3502691896257,1000.0,-24.999999999999993,0.7030177912169502,High
Wardha,MAIZE,2016,0.13,417.1882352941177,20.89597426470588,-42.67801001204156,1000.0,1000.0,0.0,1538.46,53.846000000000004,0.5791269853939838,Low
Wardha,MAIZE,2017,0.23,417.1882352941177,20.89597426470588,-42.67801001204156,1538.46,1179.4866666666667,310.8800259478459,442.48,-62.485374993641294,0.8311782978793664,High
Wardha,MINOR PULSES,1999,3.7,855.7,22.17,17.57384960320246,465.52,420.26,64.00730583300627,351.35,-16.396992338076423,0.6393057327543347,Medium
Wardha,MINOR PULSES,2000,4.4,1234.1,22.89,69.56630570914122,351.35,397.28999999999996,60.260520243356666,340.91,-14.191145007425293,0.5551254485137864,Low
Wardha,MINOR PULSES,2001,3.0,546.7,22.71,-24.88299219578031,340.91,385.9266666666667,69.12721919282832,400.0,3.6466340755583935,0.6607163877936039,Medium
Wardha,MINOR PULSES,2002,2.9,447.4,22.2859375,-38.52688990011362,400.0,364.08666666666664,31.53686784278582,310.34,-14.76205299104609,0.7214383303804297,High
Wardha,MINOR PULSES,2003,3.0,772.0,22.2440625,6.073404106196444,310.34,350.4166666666667,45.57972612174566,433.33,23.661355529131974,0.570075699032266,Low
Wardha,MINOR PULSES,2004,2.0,578.0,22.43,-20.582347702873648,433.33,381.2233333333333,63.608627035437095,460.0,20.66417760367939,0.6172772589067163,Medium
Wardha,MINOR PULSES,2005,1.4,851.4,22.45,16.983026238362243,460.0,401.2233333333333,79.82892604396815,550.0,37.080761338240556,0.5243395499600965,Low
Wardha,MINOR PULSES,2006,1.3,811.2,22.58,11.45951478101886,550.0,481.10999999999996,61.13261240941687,592.31,23.113217351541227,0.5630378635272952,Low
Wardha,MINOR PULSES,2007,1.1,944.5,22.61,29.77503909106547,592.31,534.1033333333334,67.57227266662939,590.91,10.635894427420402,0.5621012745702008,Low
Wardha,MINOR PULSES,2008,0.9,704.8,22.58,-3.1599284792134084,590.91,577.7399999999999,24.033740865707422,411.11,-28.84169349534391,0.6979331079197217,High
Wardha,MINOR PULSES,2009,0.61,564.4,23.0590625,-22.450998345158975,411.11,531.4433333333333,104.21407454529984,639.34,20.302572240376858,0.6209144710671826,Medium
Wardha,MINOR PULSES,2012,0.6,748.6,22.0,2.8582257952055183,639.34,547.12,120.25142951333251,666.67,21.850782278110824,0.5789087086718822,Low
Wardha,MINOR PULSES,2013,0.5,874.3,22.31,20.129504158092676,666.67,572.3733333333333,140.32508412017182,400.0,-30.115542303391724,0.6651263569405832,Medium
Wardha,MINOR PULSES,2014,0.4,715.1,23.1,-1.7447004192473063,400.0,568.67,146.71028900523632,0.0,-100.0,0.849948154937007,High
Wardha,MINOR PULSES,2015,0.3,640.9,23.1,-11.939838482304017,0.0,355.5566666666667,335.549742412855,0.0,-100.0,0.8655177912164085,High
Wardha,MINOR PULSES,2016,0.35,417.1882352941177,20.89597426470588,-42.67801001204156,0.0,133.33333333333334,230.94010767585044,1163.32,772.49,0.26245998539503923,Low
Wardha,MINOR PULSES,2017,0.09,417.1882352941177,20.89597426470588,-42.67801001204156,1163.32,387.7733333333333,671.6431151536755,321.84,-17.003060206993776,0.7326332825086252,High
Wardha,OILSEEDS,1999,149.3,855.7,22.17,17.57384960320246,973.52,967.9,7.947880220536801,1350.23,39.500981506353966,0.5181934560918058,Low
Wardha,OILSEEDS,2000,141.8,1234.1,22.89,69.56630570914122,1350.23,1095.3433333333332,220.8098594568036,1161.5,6.039810957294981,0.5112917105903719,Low
Wardha,OILSEEDS,2001,133.1,546.7,22.71,-24.88299219578031,1161.5,1161.75,188.35512443254638,1273.48,9.617387561867874,0.6477797552399764,Medium
Wardha,OILSEEDS,2002,163.4,447.4,22.2859375,-38.52688990011362,1273.48,1261.7366666666667,94.91144627142376,1049.27,-16.839224243833236,0.7259388680947869,High
Wardha,OILSEEDS,2003,176.9,772.0,22.2440625,6.073404106196444,1049.27,1161.4166666666667,112.105023229708,1447.15,24.602138193298416,0.5680373365932455,Low
Wardha,OILSEEDS,2004,199.1,578.0,22.43,-20.582347702873648,1447.15,1256.6333333333334,199.47426208243854,1027.83,-18.207644765113145,0.7014995407054859,High
Wardha,OILSEEDS,2005,219.7,851.4,22.45,16.983026238362243,1027.83,1174.75,236.1487632828088,1084.52,-7.680783145350076,0.6213228963408862,Medium
Wardha,OILSEEDS,2006,236.1,811.2,22.58,11.45951478101886,1084.52,1186.5,227.50221075848924,1199.41,1.0880741677201922,0.6107590070920818,Medium
Wardha,OILSEEDS,2007,234.8,944.5,22.61,29.77503909106547,1199.41,1103.9199999999998,87.41964367349043,1326.32,20.146387419378225,0.5414952064210274,Low
Wardha,OILSEEDS,2008,251.7,704.8,22.58,-3.1599284792134084,1326.32,1203.4166666666667,120.94978310577214,585.94,-51.31029707083997,0.7466150823331342,High
Wardha,OILSEEDS,2009,180.3,564.4,23.0590625,-22.450998345158975,585.94,1037.2233333333334,395.94068019506835,584.14,-43.68233135261773,0.759548428851542,High
Wardha,OILSEEDS,2012,179.5,748.6,22.0,2.8582257952055183,584.14,832.1333333333333,427.97915385370527,1072.92,28.936067937830483,0.5635572564092075,Low
Wardha,OILSEEDS,2013,184.7,874.3,22.31,20.129504158092676,1072.92,747.6666666666666,281.6790871423253,662.48,-11.393669193045023,0.6245622985349671,Medium
Wardha,OILSEEDS,2014,160.4,715.1,23.1,-1.7447004192473063,662.48,773.18,262.5211221978154,481.92,-37.67040016555006,0.7149006886294824,High
Wardha,OILSEEDS,2015,150.8,640.9,23.1,-11.939838482304017,481.92,739.1066666666667,302.8596779588423,539.59,-26.99429942453051,0.7073387733034187,High
Wardha,PEARL MILLET,1999,0.1,855.7,22.17,17.57384960320246,1000.0,750.0,353.5533905932738,1000.0,33.33333333333333,0.5315566937999727,Low
Wardha,PIGEONPEA,1999,48.8,855.7,22.17,17.57384960320246,978.17,646.62,468.8825066047997,918.03,41.973647582815246,0.5128360129261575,Low
Wardha,PIGEONPEA,2000,51.9,1234.1,22.89,69.56630570914122,918.03,737.09,366.71496451603934,1098.27,49.00080044499314,0.41820956670066955,Low
Wardha,PIGEONPEA,2001,56.1,546.7,22.71,-24.88299219578031,1098.27,998.1566666666668,91.7671756857177,1172.91,17.50760568648208,0.6306842826367026,Medium
Wardha,PIGEONPEA,2002,54.2,447.4,22.2859375,-38.52688990011362,1172.91,1063.07,131.035238008713,1476.01,38.844102457975495,0.6052916602412701,Medium
Wardha,PIGEONPEA,2003,52.6,772.0,22.2440625,6.073404106196444,1476.01,1249.0633333333335,200.05342919663593,1401.14,12.175256658989795,0.5949622465841578,Medium
Wardha,PIGEONPEA,2004,52.5,578.0,22.43,-20.582347702873648,1401.14,1350.02,157.88395516961214,840.0,-37.77869957482111,0.7439034927930452,High
Wardha,PIGEONPEA,2005,52.4,851.4,22.45,16.983026238362243,840.0,1239.05,347.6090564125165,1013.36,-18.214761309067427,0.644146515695531,Medium
Wardha,PIGEONPEA,2006,60.1,811.2,22.58,11.45951478101886,1013.36,1084.8333333333335,287.31664228396755,567.39,-47.69795667537257,0.7164620739184304,High
Wardha,PIGEONPEA,2007,67.2,944.5,22.61,29.77503909106547,567.39,806.9166666666666,224.81812745713646,1029.76,27.61664773314056,0.5253096424079298,Low
Wardha,PIGEONPEA,2008,62.9,704.8,22.58,-3.1599284792134084,1029.76,870.1700000000001,262.3433557382385,639.11,-26.553432087982813,0.6929752082037891,High
Wardha,PIGEONPEA,2009,63.3,564.4,23.0590625,-22.450998345158975,639.11,745.42,248.8430555591212,332.7,-55.367443857154356,0.7848661726112869,High
Wardha,PIGEONPEA,2012,66.5,748.6,22.0,2.8582257952055183,332.7,667.1899999999999,349.37733999216357,1192.18,78.68673091623079,0.45576415328969944,Low
Wardha,PIGEONPEA,2013,70.6,874.3,22.31,20.129504158092676,1192.18,721.3299999999999,435.59908620197996,674.22,-6.530991363176342,0.6140264965702869,Medium
Wardha,PIGEONPEA,2014,72.8,715.1,23.1,-1.7447004192473063,674.22,733.0333333333333,432.7478754810164,263.74,-64.02073575553635,0.7719930824075957,High
Wardha,PIGEONPEA,2015,77.9,640.9,23.1,-11.939838482304017,263.74,710.0466666666667,465.2557048906905,372.27,-47.57105166796549,0.751921736497379,High
Wardha,PIGEONPEA,2016,84.98,417.1882352941177,20.89597426470588,-42.67801001204156,372.27,436.74333333333334,212.69947257417715,1514.54,246.78033627683686,0.26245998539503923,Low
Wardha,PIGEONPEA,2017,88.54,417.1882352941177,20.89597426470588,-42.67801001204156,1514.54,716.85,692.9478279784128,1136.68,58.56594824579759,0.5689004308614564,Low
Wardha,RICE,1999,0.5,855.7,22.17,17.57384960320246,1000.0,750.0,353.5533905932738,600.0,-20.0,0.6471122493551431,Medium
Wardha,RICE,2000,0.6,1234.1,22.89,69.56630570914122,600.0,700.0,264.5751311064591,500.0,-28.57142857142857,0.5862827295690229,Medium
Wardha,RICE,2001,0.5,546.7,22.71,-24.88299219578031,500.0,700.0,264.5751311064591,600.0,-14.285714285714285,0.6995698092428984,High
Wardha,RICE,2002,0.5,447.4,22.2859375,-38.52688990011362,600.0,566.6666666666666,57.73502691896259,600.0,5.882352941176477,0.6767087841940966,High
Wardha,RICE,2003,0.3,772.0,22.2440625,6.073404106196444,600.0,566.6666666666666,57.73502691896259,666.67,17.64764705882353,0.5831054007178907,Low
Wardha,RICE,2004,0.2,578.0,22.43,-20.582347702873648,666.67,622.2233333333334,38.49194244687231,1000.0,60.71399872500227,0.5305026464774725,Low
Wardha,RICE,2005,0.2,851.4,22.45,16.983026238362243,1000.0,755.5566666666667,214.3026589506843,1000.0,32.352746540078606,0.5345835820227465,Low
Wardha,RICE,2006,0.1,811.2,22.58,11.45951478101886,1000.0,888.89,192.4481652289779,1000.0,12.499859375175783,0.5860334724760103,Medium
Wardha,RICE,2007,0.1,944.5,22.61,29.77503909106547,1000.0,1000.0,0.0,900.0,-10.0,0.606812379162796,Medium
Wardha,SESAMUM,1999,1.2,855.7,22.17,17.57384960320246,250.0,160.715,126.2680579164818,333.33,107.40441153594871,0.371069357694841,Low
Wardha,SESAMUM,2000,0.9,1234.1,22.89,69.56630570914122,333.33,218.25333333333333,133.80504711457385,222.22,1.817459832610423,0.5204401380271579,Low
Wardha,SESAMUM,2001,0.8,546.7,22.71,-24.88299219578031,222.22,268.51666666666665,57.82307699641496,250.0,-6.89590962696294,0.6835585658156573,High
Wardha,SESAMUM,2002,0.9,447.4,22.2859375,-38.52688990011362,250.0,268.51666666666665,57.82307699641496,111.11,-58.620818074607406,0.8164656547278293,High
Wardha,SESAMUM,2003,0.6,772.0,22.2440625,6.073404106196444,111.11,194.44333333333336,73.4933019623784,166.67,-14.283510191486826,0.6522895747599993,Medium
Wardha,SESAMUM,2004,0.5,578.0,22.43,-20.582347702873648,166.67,175.92666666666665,69.90616877882331,200.0,13.683731857971138,0.632401558022367,Medium
Wardha,SESAMUM,2005,4.4,851.4,22.45,16.983026238362243,200.0,159.26,44.90589159564699,204.55,28.437774708024627,0.5430660209921685,Low
Wardha,SESAMUM,2006,0.4,811.2,22.58,11.45951478101886,204.55,190.40666666666667,20.682060664579108,250.0,31.29792374216589,0.5453043330143343,Low
Wardha,SESAMUM,2007,0.2,944.5,22.61,29.77503909106547,250.0,218.1833333333333,27.647799791906188,500.0,129.16507524253308,0.305288049471646,Low
Wardha,SESAMUM,2008,0.1,704.8,22.58,-3.1599284792134084,500.0,318.18333333333334,159.0892857276483,1000.0,214.28421769420143,0.2021094386814626,Low
Wardha,SESAMUM,2016,0.01,417.1882352941177,20.89597426470588,-42.67801001204156,1000.0,583.3333333333334,381.88130791298664,200.0,-65.71428571428571,0.8381742711074059,High
Wardha,SESAMUM,2017,0.02,417.1882352941177,20.89597426470588,-42.67801001204156,200.0,566.6666666666666,404.145188432738,187.5,-66.91176470588235,0.8407688089225233,High
Wardha,SOYABEAN,1999,138.5,855.7,22.17,17.57384960320246,1005.32,967.0550000000001,54.1148819642065,1407.22,45.51602545873812,0.5051608608616838,Low
Wardha,SOYABEAN,2000,135.4,1234.1,22.89,69.56630570914122,1407.22,1113.7766666666666,256.99407120269007,1181.68,6.096674078884764,0.5111685071602612,Low
Wardha,SOYABEAN,2001,128.6,546.7,22.71,-24.88299219578031,1181.68,1198.0733333333335,201.45088367473926,1297.05,8.261319563076254,0.6507179025706817,Medium
Wardha,SOYABEAN,2002,159.8,447.4,22.2859375,-38.52688990011362,1297.05,1295.3166666666666,112.7799903942777,1058.82,-18.257826271568085,0.7290125058215355,High
Wardha,SOYABEAN,2003,173.8,772.0,22.2440625,6.073404106196444,1058.82,1179.1833333333334,119.13462231162413,1460.87,23.888284264533347,0.5695840201055646,Low
Wardha,SOYABEAN,2004,195.5,578.0,22.43,-20.582347702873648,1460.87,1272.2466666666667,202.16937115530968,1033.25,-18.78540324989389,0.70275135075584,High
Wardha,SOYABEAN,2005,214.7,851.4,22.45,16.983026238362243,1033.25,1184.3133333333333,239.8460936378438,1089.43,-8.011674838302916,0.6220398283422817,Medium
Wardha,SOYABEAN,2006,230.5,811.2,22.58,11.45951478101886,1089.43,1194.5166666666667,232.37280764610418,1205.21,0.8952016854794871,0.6111768974702685,Medium
Wardha,SOYABEAN,2007,229.2,944.5,22.61,29.77503909106547,1205.21,1109.2966666666669,87.68451250553521,1332.02,20.077887189780892,0.5416436235851546,Low
Wardha,SOYABEAN,2008,249.9,704.8,22.58,-3.1599284792134084,1332.02,1208.8866666666668,121.3367851615219,584.63,-51.63897360105442,0.7473272148152631,High
Wardha,SOYABEAN,2009,178.9,564.4,23.0590625,-22.450998345158975,584.63,1040.6200000000001,399.95669028033535,581.39,-44.130422248275075,0.7605192924587963,High
Wardha,SOYABEAN,2012,176.7,748.6,22.0,2.8582257952055183,581.39,832.68,432.4441595165787,1067.69,28.22332708843735,0.5651015282495541,Low
Wardha,SOYABEAN,2013,185.6,874.3,22.31,20.129504158092676,1067.69,744.57,279.8348177050172,655.71,-11.934405092872396,0.6257338929845893,Medium
Wardha,SOYABEAN,2014,154.2,715.1,23.1,-1.7447004192473063,655.71,768.2633333333333,261.96013462611734,435.15,-43.359264835408,0.7272265620808002,High
Wardha,SOYABEAN,2015,139.8,640.9,23.1,-11.939838482304017,435.15,719.5166666666668,321.06102369072073,439.91,-38.86034606564592,0.7330485410257497,High
Wardha,SOYABEAN,2016,127.2,417.1882352941177,20.89597426470588,-42.67801001204156,439.91,510.25666666666666,125.9887635201392,1182.39,131.72455692233322,0.41039011206282416,Low
Wardha,SOYABEAN,2017,116.1,417.1882352941177,20.89597426470588,-42.67801001204156,1182.39,685.8166666666666,430.05170727871035,1527.99,122.79860992976745,0.42972966387998557,Low
Wardha,SUGARCANE,1999,2.7,855.7,22.17,17.57384960320246,8207.14,10995.235,3942.9617621846155,8618.52,-21.615863599095427,0.6506132871531716,Medium
Wardha,SUGARCANE,2000,3.5,1234.1,22.89,69.56630570914122,8618.52,10202.996666666666,3107.4746112290827,6682.86,-34.50100771047983,0.5991301510369247,Medium
Wardha,SUGARCANE,2001,3.2,546.7,22.71,-24.88299219578031,6682.86,7836.173333333332,1019.7583585013396,5981.25,-23.671290238602847,0.7199052238074225,High
Wardha,SUGARCANE,2002,3.9,447.4,22.2859375,-38.52688990011362,5981.25,7094.21,1365.9080789350414,5948.72,-16.146829597657806,0.7244386796947451,High
Wardha,SUGARCANE,2003,2.9,772.0,22.2440625,6.073404106196444,5948.72,6204.276666666668,414.7843481055551,5920.69,-4.570825607927455,0.6312454248290241,Medium
Wardha,SUGARCANE,2004,1.6,578.0,22.43,-20.582347702873648,5920.69,5950.22,30.307852118187405,4500.0,-24.37254420844944,0.71485682283267,High
Wardha,SUGARCANE,2005,1.6,851.4,22.45,16.983026238362243,4500.0,5456.47,828.4458738505609,5531.25,1.3704831145410814,0.6017118194445208,Medium
Wardha,SUGARCANE,2006,3.4,811.2,22.58,11.45951478101886,5531.25,5317.313333333333,734.1094550769342,6744.12,26.833225300496384,0.5549778463045859,Low
Wardha,SUGARCANE,2007,5.5,944.5,22.61,29.77503909106547,6744.12,5591.790000000001,1123.2842304154453,5803.64,3.7885900579241967,0.5769371007040598,Low
Wardha,SUGARCANE,2008,1.9,704.8,22.58,-3.1599284792134084,5803.64,6026.336666666667,636.3637035794479,3805.26,-36.85616634981672,0.7152977991043549,High
Wardha,SUGARCANE,2009,1.8,564.4,23.0590625,-22.450998345158975,3805.26,5451.006666666667,1500.828846249083,8255.56,51.45019085159803,0.5534279640764284,Low
Wardha,SUGARCANE,2012,2.1,748.6,22.0,2.8582257952055183,8255.56,5954.82,2228.998444772902,8580.95,44.100913209803174,0.5307000916533762,Low
Wardha,SUGARCANE,2013,3.2,874.3,22.31,20.129504158092676,8580.95,6880.590000000001,2668.278587348033,5859.37,-14.842041162167794,0.6320337711347083,Medium
Wardha,SUGARCANE,2014,3.1,715.1,23.1,-1.7447004192473063,5859.37,7565.293333333334,1486.3043017610312,6509.68,-13.953369510237104,0.6635137888764756,Medium
Wardha,SUGARCANE,2015,3.1,640.9,23.1,-11.939838482304017,6509.68,6983.333333333335,1421.2705703817794,6925.81,-0.8237231503580111,0.6506358580429006,Medium
Wardha,SUGARCANE,2016,3.02,417.1882352941177,20.89597426470588,-42.67801001204156,6925.81,6431.62,537.4882241500892,5972.82,-7.133506021810993,0.7112492484408004,High
Wardha,SUGARCANE,2017,2.17,417.1882352941177,20.89597426470588,-42.67801001204156,5972.82,6469.436666666668,477.76786144878963,6000.92,-7.242000977931641,0.7114843208457278,High
Wardha,SUNFLOWER,1999,0.7,855.7,22.17,17.57384960320246,500.0,312.5,265.1650429449553,571.43,82.85759999999999,0.4242541160225526,Low
Wardha,SUNFLOWER,2000,0.2,1234.1,22.89,69.56630570914122,571.43,398.80999999999995,239.800955586086,500.0,25.3729846292721,0.46940316763456114,Low
Wardha,SUNFLOWER,2001,0.1,546.7,22.71,-24.88299219578031,500.0,523.81,41.24012972821487,1000.0,90.9089173555297,0.4716481073542962,Low
Wardha,SUNFLOWER,2004,0.2,578.0,22.43,-20.582347702873648,1000.0,690.4766666666666,270.42389249719275,500.0,-27.586256837064237,0.7218198668613122,High
Wardha,SUNFLOWER,2005,1.0,851.4,22.45,16.983026238362243,500.0,666.6666666666666,288.6751345948128,600.0,-9.999999999999995,0.626347866192611,Medium
Wardha,SUNFLOWER,2006,1.2,811.2,22.58,11.45951478101886,600.0,700.0,264.5751311064589,583.33,-16.667142857142853,0.6492286439791568,Medium
Wardha,SUNFLOWER,2007,1.0,944.5,22.61,29.77503909106547,583.33,561.11,53.575146290047286,800.0,42.57453975156386,0.4929008763681206,Low
Wardha,SUNFLOWER,2008,0.2,704.8,22.58,-3.1599284792134084,800.0,661.11,120.57071078831679,500.0,-24.36962078927864,0.6882436170566125,High
Wardha,SUNFLOWER,2016,0.01,417.1882352941177,20.89597426470588,-42.67801001204156,500.0,627.7766666666666,154.86003239484768,700.0,11.504622132074575,0.6708666374408496,Medium
Yeotmal,COTTON,1999,447.5,642.8,22.02,-0.46925358158208774,92.53,81.265,15.931115780132917,170.99,110.41038577493387,0.3921111707094924,Low
Yeotmal,COTTON,2000,447.7,613.8,22.8146875,-4.959595283719797,170.99,111.17333333333333,53.01344577872046,90.44,-18.64955624850084,0.6785985282027653,High
Yeotmal,COTTON,2001,437.0,561.2,22.53,-13.104146095183353,90.44,117.98666666666668,45.91412672950814,118.88,0.757147700305105,0.6489887252192653,Medium
Yeotmal,COTTON,2002,403.3,582.2,22.25,-9.852519345359493,118.88,126.77000000000002,40.850516520602284,132.18,4.2675711919223644,0.6364170440226707,Medium
Yeotmal,COTTON,2003,376.0,692.5,22.4221875,7.226263059667717,132.18,113.83333333333333,21.32272340329287,172.85,51.84480234260616,0.5072509608846832,Low
Yeotmal,COTTON,2004,332.8,509.2,22.28,-21.155793285223393,172.85,141.3033333333333,28.11790592013091,146.24,3.4936661083720817,0.655355778613014,Medium
Yeotmal,COTTON,2005,324.0,990.0,22.4,53.290975348839055,146.24,150.42333333333332,20.655203541319377,147.72,-1.7971502648081985,0.5531268734214975,Low
Yeotmal,COTTON,2006,413.5,1067.6,22.4159375,65.30651038628339,147.72,155.60333333333332,14.954371713092211,202.35,30.042201323879098,0.46579193270335945,Low
Yeotmal,COTTON,2007,416.5,647.9,22.53,0.3204272005179957,202.35,165.4366666666667,31.9764481037737,411.67,148.8384275956559,0.3076444422639013,Low
Yeotmal,COTTON,2008,379.4,536.3,22.478125,-16.95964638426023,411.67,253.91333333333333,139.32510051434858,318.95,25.61372646834878,0.6010207814326398,Medium
Yeotmal,COTTON,2009,392.1,388.7,23.04,-39.81393725445077,318.95,310.99,104.88678086393917,219.66,-29.367503778256538,0.7550490046809302,High
Yeotmal,COTTON,2012,467.6,771.8,22.07,19.50502502447876,219.66,316.76,96.0237319624685,356.8,12.640484909710828,0.573441979323582,Low
Yeotmal,COTTON,2013,416.3,959.0,22.3428125,48.490954908622875,356.8,298.46999999999997,70.82667364771547,302.83,1.4607833283077072,0.5533984302828614,Low
Yeotmal,COTTON,2014,421.0,622.4,23.26,-3.6279767099824043,302.83,293.09666666666664,69.08616528172138,122.87,-58.0786771144901,0.7619946916392448,High
Yeotmal,COTTON,2015,432.9,460.6,23.26,-28.68098662053003,122.87,260.8333333333333,122.4891882303631,200.99,-22.943130990415327,0.7241277014929781,High
Yeotmal,COTTON,2016,420.7,417.1882352941177,20.89597426470588,-35.40283687646843,200.99,208.89666666666668,90.24016252940437,469.75,124.8719462573202,0.41412706090268997,Low
Yeotmal,COTTON,2017,470.3,417.1882352941177,20.89597426470588,-35.40283687646843,469.75,264.5366666666667,181.9617205165233,182.76,-30.913168936883366,0.7516614771556727,High
Yeotmal,GROUNDNUT,1999,6.5,642.8,22.02,-0.46925358158208774,926.47,826.33,141.6193461360417,923.08,11.70839737151017,0.6059654789161977,Medium
Yeotmal,GROUNDNUT,2000,5.7,613.8,22.8146875,-4.959595283719797,923.08,858.58,114.66563172982565,754.39,-12.135153392811391,0.664483988682152,Medium
Yeotmal,GROUNDNUT,2001,6.3,561.2,22.53,-13.104146095183353,754.39,867.98,98.38642741760677,1031.75,18.867946266042992,0.6097486616602973,Medium
Yeotmal,GROUNDNUT,2002,7.7,582.2,22.25,-9.852519345359493,1031.75,903.0733333333334,139.75815694739728,1545.45,71.1322816161109,0.49154350477074515,Low
Yeotmal,GROUNDNUT,2003,5.2,692.5,22.4221875,7.226263059667717,1545.45,1110.53,401.371021873777,1057.69,-4.758088480275177,0.629890557667184,Medium
Yeotmal,GROUNDNUT,2004,1.2,509.2,22.28,-21.155793285223393,1057.69,1211.6299999999999,289.38739640834393,666.67,-44.977427102333216,0.760376480569192,High
Yeotmal,GROUNDNUT,2005,12.5,990.0,22.4,53.290975348839055,666.67,1089.9366666666667,440.2765695938557,1712.0,57.073346769384145,0.4255741298478391,Low
Yeotmal,GROUNDNUT,2006,10.4,1067.6,22.4159375,65.30651038628339,1712.0,1145.4533333333334,528.1623843415331,1086.54,-5.143232955802076,0.5420270403090812,Low
Yeotmal,GROUNDNUT,2007,7.0,647.9,22.53,0.3204272005179957,1086.54,1155.07,526.023737962461,1128.57,-2.294233249932905,0.6350985407615856,Medium
Yeotmal,GROUNDNUT,2008,3.0,536.3,22.478125,-16.95964638426023,1128.57,1309.0366666666666,349.6086615536483,1033.33,-21.061798625452308,0.7021510858022051,High
Yeotmal,GROUNDNUT,2009,1.2,388.7,23.04,-39.81393725445077,1033.33,1082.8133333333333,47.729240862737704,1391.67,28.523537451823046,0.6296184153495091,Medium
Yeotmal,GROUNDNUT,2012,8.7,771.8,22.07,19.50502502447876,1391.67,1184.5233333333333,185.60703255354665,1647.13,39.05424685597865,0.5162121617735258,Low
Yeotmal,GROUNDNUT,2013,10.0,959.0,22.3428125,48.490954908622875,1647.13,1357.3766666666668,308.33364158543185,1250.0,-7.9106020682051,0.5737030986419047,Low
Yeotmal,GROUNDNUT,2014,9.4,622.4,23.26,-3.6279767099824043,1250.0,1429.6000000000001,201.26368996915522,1223.4,-14.423614997202016,0.6674087237187691,Medium
Yeotmal,GROUNDNUT,2015,13.0,460.6,23.26,-28.68098662053003,1223.4,1373.5100000000002,237.33482319288962,946.15,-31.114444015697025,0.741832213047696,High
Yeotmal,GROUNDNUT,2016,41.1,417.1882352941177,20.89597426470588,-35.40283687646843,946.15,1139.8500000000001,168.27554040917516,661.8,-41.93972891169892,0.7755523571010268,High
Yeotmal,GROUNDNUT,2017,3.14,417.1882352941177,20.89597426470588,-35.40283687646843,661.8,943.7833333333334,280.80748001670673,1210.96,28.309110494993543,0.6233465383870337,Medium
Yeotmal,KHARIF SORGHUM,1999,153.5,642.8,22.02,-0.46925358158208774,1422.12,1072.595,494.3029953884559,1200.0,11.878201930831299,0.6055975690376697,Medium
Yeotmal,KHARIF SORGHUM,2000,154.4,613.8,22.8146875,-4.959595283719797,1200.0,1115.0633333333333,357.1811916007522,1102.33,-1.1419381260855153,0.6406653556043252,Medium
Yeotmal,KHARIF SORGHUM,2001,145.5,561.2,22.53,-13.104146095183353,1102.33,1241.4833333333333,163.88124124906213,1094.16,-11.866718575897108,0.6763404354842788,High
Yeotmal,KHARIF SORGHUM,2002,139.4,582.2,22.25,-9.852519345359493,1094.16,1132.1633333333332,58.890128488001515,1180.77,4.293255684544939,0.6363613942886553,Medium
Yeotmal,KHARIF SORGHUM,2003,129.1,692.5,22.4221875,7.226263059667717,1180.77,1125.7533333333333,47.820627696981674,1028.66,-8.62474313496739,0.6382683094189892,Medium
Yeotmal,KHARIF SORGHUM,2004,115.1,509.2,22.28,-21.155793285223393,1028.66,1101.1966666666667,76.29874856990335,981.76,-10.846079567985136,0.6864252275783511,High
Yeotmal,KHARIF SORGHUM,2005,115.0,990.0,22.4,53.290975348839055,981.76,1063.7300000000002,104.03688624713834,768.7,-27.735421582544458,0.6093264612764053,Medium
Yeotmal,KHARIF SORGHUM,2006,83.5,1067.6,22.4159375,65.30651038628339,768.7,926.3733333333333,138.54805135162795,982.04,6.009096404617285,0.5178636600282531,Low
Yeotmal,KHARIF SORGHUM,2007,81.7,647.9,22.53,0.3204272005179957,982.04,910.8333333333334,123.09115700704629,1082.01,18.793412625800542,0.5894086413643154,Medium
Yeotmal,KHARIF SORGHUM,2008,74.4,536.3,22.478125,-16.95964638426023,1082.01,944.25,160.0370335266184,967.74,2.487688641779191,0.6511271967233736,Medium
Yeotmal,KHARIF SORGHUM,2009,71.6,388.7,23.04,-39.81393725445077,967.74,1010.5966666666667,62.25769537441375,524.44,-48.10590443269487,0.7956488727654112,High
Yeotmal,KHARIF SORGHUM,2012,59.6,771.8,22.07,19.50502502447876,524.44,858.0633333333335,294.52131439563635,1152.52,34.31642574945902,0.5264774408376174,Low
Yeotmal,KHARIF SORGHUM,2013,48.3,959.0,22.3428125,48.490954908622875,1152.52,881.5666666666666,322.7855389160631,322.98,-63.3629523197338,0.6938498575198164,High
Yeotmal,KHARIF SORGHUM,2014,43.1,622.4,23.26,-3.6279767099824043,322.98,666.6466666666666,432.6675455050139,445.48,-33.17599527985839,0.7080388809977227,High
Yeotmal,KHARIF SORGHUM,2015,42.1,460.6,23.26,-28.68098662053003,445.48,640.3266666666667,447.7812753268422,406.18,-36.56675238680257,0.7536455478517188,High
Yeotmal,KHARIF SORGHUM,2016,29.9,417.1882352941177,20.89597426470588,-35.40283687646843,406.18,391.5466666666667,62.54728877683934,451.51,15.31447932983722,0.6515015725781119,Medium
Yeotmal,KHARIF SORGHUM,2017,22.55,417.1882352941177,20.89597426470588,-35.40283687646843,451.51,434.39000000000004,24.615915583215497,536.68,23.547963811321598,0.6336623562016218,Medium
Yeotmal,MAIZE,1999,0.1,642.8,22.02,-0.46925358158208774,2000.0,1750.0,353.5533905932738,1000.0,-42.857142857142854,0.7241908160778852,High
Yeotmal,MAIZE,2000,0.1,613.8,22.8146875,-4.959595283719797,1000.0,1500.0,500.0,1000.0,-33.33333333333333,0.7104133785531298,High
Yeotmal,MAIZE,2001,0.2,561.2,22.53,-13.104146095183353,1000.0,1333.3333333333333,577.3502691896257,2500.0,87.50000000000001,0.46104587857055274,Low
Yeotmal,MAIZE,2002,0.2,582.2,22.25,-9.852519345359493,2500.0,1500.0,866.0254037844386,2000.0,33.33333333333333,0.5734412260498236,Low
Yeotmal,MAIZE,2003,0.1,692.5,22.4221875,7.226263059667717,2000.0,1833.3333333333333,763.7626158259734,2000.0,9.090909090909095,0.5998843962630513,Medium
Yeotmal,MAIZE,2004,0.1,509.2,22.28,-21.155793285223393,2000.0,2166.6666666666665,288.67513459481296,1000.0,-53.84615384615385,0.7795920551807393,High
Yeotmal,MAIZE,2005,0.1,990.0,22.4,53.290975348839055,1000.0,1666.6666666666667,577.3502691896258,2000.0,19.999999999999996,0.5058997145145704,Low
Yeotmal,MAIZE,2006,0.4,1067.6,22.4159375,65.30651038628339,2000.0,1666.6666666666667,577.3502691896258,1750.0,4.999999999999996,0.5200500355715834,Low
Yeotmal,MAIZE,2007,0.2,647.9,22.53,0.3204272005179957,1750.0,1583.3333333333333,520.4164998665332,3000.0,89.47368421052633,0.43626805293125326,Low
Yeotmal,MAIZE,2008,0.5,536.3,22.478125,-16.95964638426023,3000.0,2250.0,661.4378277661477,3000.0,33.33333333333333,0.5842949665585624,Low
Yeotmal,MAIZE,2009,1.1,388.7,23.04,-39.81393725445077,3000.0,2583.3333333333335,721.6878364870322,2218.18,-14.134967741935494,0.7220451766023446,High
Yeotmal,MAIZE,2012,1.26,771.8,22.07,19.50502502447876,2218.18,2739.3933333333334,451.38398745783337,888.89,-67.55157467955193,0.7471914417664055,High
Yeotmal,MAIZE,2013,0.4,959.0,22.3428125,48.490954908622875,888.89,2035.6899999999998,1067.3206210413066,1250.0,-38.59575868624397,0.6401876046474342,Medium
Yeotmal,MAIZE,2014,1.3,622.4,23.26,-3.6279767099824043,1250.0,1452.3566666666666,687.360270479269,1000.0,-31.146389660941864,0.7036414021567514,High
Yeotmal,MAIZE,2015,3.4,460.6,23.26,-28.68098662053003,1000.0,1046.2966666666666,184.9530860335515,882.35,-15.669233391421802,0.7083675900285447,High
Yeotmal,MAIZE,2016,3.4,417.1882352941177,20.89597426470588,-35.40283687646843,882.35,1044.1166666666666,187.75340431889452,2147.06,105.63410857662778,0.4558090425440513,Low
Yeotmal,MAIZE,2017,2.4,417.1882352941177,20.89597426470588,-35.40283687646843,2147.06,1343.1366666666665,698.6987369627443,2041.67,52.007614017933165,0.571999780754169,Low
Yeotmal,MINOR PULSES,1999,74.3,642.8,22.02,-0.46925358158208774,610.28,458.53999999999996,214.59276595449344,674.29,47.05151131853274,0.5293887320312373,Low
Yeotmal,MINOR PULSES,2000,88.5,613.8,22.8146875,-4.959595283719797,674.29,530.4566666666666,196.31874193090516,427.12,-19.480699020340953,0.6803993375417463,High
Yeotmal,MINOR PULSES,2001,81.9,561.2,22.53,-13.104146095183353,427.12,570.5633333333334,128.28215945069428,296.7,-47.99876145797429,0.7546265283951852,High
Yeotmal,MINOR PULSES,2002,78.8,582.2,22.25,-9.852519345359493,296.7,466.03666666666663,191.7796449921976,369.29,-20.7594538341046,0.690642264912215,High
Yeotmal,MINOR PULSES,2003,68.0,692.5,22.4221875,7.226263059667717,369.29,364.37000000000006,65.34905431603437,538.24,47.71797897741305,0.5161924115092384,Low
Yeotmal,MINOR PULSES,2004,49.2,509.2,22.28,-21.155793285223393,538.24,401.41,123.9320930994067,263.82,-34.27667472160634,0.7371915170776944,High
Yeotmal,MINOR PULSES,2005,41.1,990.0,22.4,53.290975348839055,263.82,390.45,138.42829660152583,427.01,9.363554872582917,0.5289453456238973,Low
Yeotmal,MINOR PULSES,2006,23.1,1067.6,22.4159375,65.30651038628339,427.01,409.69,138.02742807138011,443.72,8.306280358319713,0.5128864281285812,Low
Yeotmal,MINOR PULSES,2007,27.4,647.9,22.53,0.3204272005179957,443.72,378.18333333333334,99.39333495427823,625.91,65.50438499845754,0.4882015345572292,Low
Yeotmal,MINOR PULSES,2008,23.3,536.3,22.478125,-16.95964638426023,625.91,498.88000000000005,110.328018653468,141.63,-71.61040731237973,0.8116730712901827,High
Yeotmal,MINOR PULSES,2009,23.15,388.7,23.04,-39.81393725445077,141.63,403.7533333333334,244.60126825781856,246.65,-38.910721067318335,0.7757259754738284,High
Yeotmal,MINOR PULSES,2012,17.0,771.8,22.07,19.50502502447876,246.65,338.06333333333333,254.75297394404117,642.94,90.18329898736924,0.4054325488225488,Low
Yeotmal,MINOR PULSES,2013,85.9,959.0,22.3428125,48.490954908622875,642.94,343.74,264.3818830782473,407.45,18.534357363123284,0.5164056865408843,Low
Yeotmal,MINOR PULSES,2014,13.5,622.4,23.26,-3.6279767099824043,407.45,432.34666666666664,199.31463577302435,177.78,-58.880219576882745,0.763731366974423,High
Yeotmal,MINOR PULSES,2015,13.7,460.6,23.26,-28.68098662053003,177.78,409.38999999999993,232.58606815542507,248.18,-39.378099123085555,0.7597367991136448,High
Yeotmal,MINOR PULSES,2016,19.72,417.1882352941177,20.89597426470588,-35.40283687646843,248.18,277.80333333333334,117.66577086533431,530.63,91.0092271511021,0.4874962856325846,Low
Yeotmal,MINOR PULSES,2017,18.42,417.1882352941177,20.89597426470588,-35.40283687646843,530.63,318.8633333333333,186.74282003154326,275.24,-13.680887318495891,0.7143248669826242,High
Yeotmal,OILSEEDS,1999,95.8,642.8,22.02,-0.46925358158208774,1937.64,1495.605,625.1318920435912,1165.55,-22.0683268643793,0.6791483814270475,High
Yeotmal,OILSEEDS,2000,92.1,613.8,22.8146875,-4.959595283719797,1165.55,1385.5866666666668,481.35957685843687,1055.37,-23.83226358991139,0.6898277274424508,High
Yeotmal,OILSEEDS,2001,86.2,561.2,22.53,-13.104146095183353,1055.37,1386.1866666666667,480.73952638963794,1162.06,-16.168577584548505,0.6856611300029926,High
Yeotmal,OILSEEDS,2002,95.3,582.2,22.25,-9.852519345359493,1162.06,1127.6599999999999,62.62929107055133,1296.12,14.9389000230566,0.6132958315552903,Medium
Yeotmal,OILSEEDS,2003,109.7,692.5,22.4221875,7.226263059667717,1296.12,1171.1833333333332,120.63402104436877,1362.26,16.314838268987224,0.5842325497106009,Low
Yeotmal,OILSEEDS,2004,183.0,509.2,22.28,-21.155793285223393,1362.26,1273.4799999999998,102.00214311474036,526.99,-58.61811728492006,0.7899313092980317,High
Yeotmal,OILSEEDS,2005,232.1,990.0,22.4,53.290975348839055,526.99,1061.79,464.3295218915115,1129.77,6.402395954002206,0.5353611899474674,Low
Yeotmal,OILSEEDS,2006,281.9,1067.6,22.4159375,65.30651038628339,1129.77,1006.34,431.09768834917173,1084.96,7.812468946876801,0.5139563528533706,Low
Yeotmal,OILSEEDS,2007,276.3,647.9,22.53,0.3204272005179957,1084.96,913.9066666666668,335.82787888043606,1239.12,35.58496126519117,0.553026952645757,Low
Yeotmal,OILSEEDS,2008,316.6,536.3,22.478125,-16.95964638426023,1239.12,1151.2833333333335,79.29971017181042,338.66,-70.58413075263836,0.8094494720774172,High
Yeotmal,OILSEEDS,2009,314.4,388.7,23.04,-39.81393725445077,338.66,887.5799999999999,481.5871688490043,409.86,-53.822754005272756,0.8080353801726221,High
Yeotmal,OILSEEDS,2012,246.2,771.8,22.07,19.50502502447876,409.86,662.5466666666666,500.5946129687497,1639.2,147.40898754301585,0.2814435569523944,Low
Yeotmal,OILSEEDS,2013,364.8,959.0,22.3428125,48.490954908622875,1639.2,795.9066666666668,731.180616902098,582.24,-26.84569379994305,0.6147291307272003,Medium
Yeotmal,OILSEEDS,2014,316.3,622.4,23.26,-3.6279767099824043,582.24,877.1,665.6020008984344,346.19,-60.53015619655684,0.7673062296503717,High
Yeotmal,OILSEEDS,2015,306.2,460.6,23.26,-28.68098662053003,346.19,855.8766666666667,688.5684309009039,500.0,-41.58036788789662,0.7645083814373863,High
Yeotmal,PEARL MILLET,1999,8.6,642.8,22.02,-0.46925358158208774,528.09,475.81,73.93508504086545,511.63,7.528215043820011,0.6150225406261628,Medium
Yeotmal,PEARL MILLET,2000,9.2,613.8,22.8146875,-4.959595283719797,511.63,487.75,56.221785812974694,630.43,29.252690927729358,0.5748103259879459,Low
Yeotmal,PEARL MILLET,2001,7.4,561.2,22.53,-13.104146095183353,630.43,556.7166666666667,64.365942340133,364.86,-34.462174056222494,0.7252972556914873,High
Yeotmal,PEARL MILLET,2002,5.6,582.2,22.25,-9.852519345359493,364.86,502.3066666666666,133.03025833746744,625.0,24.425981472141864,0.5927404884156741,Medium
Yeotmal,PEARL MILLET,2003,5.0,692.5,22.4221875,7.226263059667717,625.0,540.0966666666667,151.78368895679577,440.0,-18.53310209900697,0.6597364205076701,Medium
Yeotmal,PEARL MILLET,2004,3.6,509.2,22.28,-21.155793285223393,440.0,476.62000000000006,133.88044368017313,444.44,-6.751709957618241,0.6775540934225857,High
Yeotmal,PEARL MILLET,2005,3.0,990.0,22.4,53.290975348839055,444.44,503.1466666666666,105.55143074981665,500.0,-0.6253974984099913,0.5505880757609763,Low
Yeotmal,PEARL MILLET,2006,0.8,1067.6,22.4159375,65.30651038628339,500.0,461.48,33.43308540951639,500.0,8.347057293923893,0.5127980781014391,Low
Yeotmal,PEARL MILLET,2007,0.7,647.9,22.53,0.3204272005179957,500.0,481.48,32.07758095617581,542.86,12.748193071363294,0.6025066170655524,Medium
Yeotmal,PEARL MILLET,2008,1.5,536.3,22.478125,-16.95964638426023,542.86,514.2866666666666,24.745232537467384,533.33,3.702863513215731,0.6484943178352698,Medium
Yeotmal,PEARL MILLET,2009,1.5,388.7,23.04,-39.81393725445077,533.33,525.3966666666666,22.50440475403284,733.33,39.57644700194775,0.6056704446576522,Medium
Yeotmal,PEARL MILLET,2012,0.3,771.8,22.07,19.50502502447876,733.33,603.1733333333333,112.81965091832777,833.33,38.157632963437834,0.5181548252073578,Low
Yeotmal,PEARL MILLET,2013,0.1,959.0,22.3428125,48.490954908622875,833.33,699.9966666666668,152.75252316519462,1000.0,42.857823132491085,0.46370484404076306,Low
Yeotmal,PEARL MILLET,2014,0.2,622.4,23.26,-3.6279767099824043,1000.0,855.5533333333334,134.71684984935357,0.0,-100.0,0.8528242245575468,High
Yeotmal,PEARL MILLET,2015,0.2,460.6,23.26,-28.68098662053003,0.0,611.11,535.7576843126004,0.0,-100.0,0.8910842510131882,High
Yeotmal,PEARL MILLET,2016,0.1,417.1882352941177,20.89597426470588,-35.40283687646843,0.0,333.3333333333333,577.3502691896258,440.0,32.00000000000001,0.615349611126213,Medium
Yeotmal,PEARL MILLET,2017,0.04,417.1882352941177,20.89597426470588,-35.40283687646843,440.0,146.66666666666666,254.03411844343535,432.43,194.83863636363637,0.26253256567284355,Low
Yeotmal,PIGEONPEA,1999,115.7,642.8,22.02,-0.46925358158208774,1026.88,859.905,236.1383095772477,1222.99,42.22385030904577,0.5398486642184243,Low
Yeotmal,PIGEONPEA,2000,119.5,613.8,22.8146875,-4.959595283719797,1222.99,980.9333333333334,268.00041610664226,1163.18,18.5789044447465,0.597936863367665,Medium
Yeotmal,PIGEONPEA,2001,123.0,561.2,22.53,-13.104146095183353,1163.18,1137.6833333333334,100.51041256175098,1268.29,11.480054496711144,0.6257557604937962,Medium
Yeotmal,PIGEONPEA,2002,127.3,582.2,22.25,-9.852519345359493,1268.29,1218.1533333333334,52.72165620817875,1014.14,-16.747754798246532,0.6819502503345516,High
Yeotmal,PIGEONPEA,2003,130.2,692.5,22.4221875,7.226263059667717,1014.14,1148.5366666666666,127.70620984640263,804.15,-29.98482126532022,0.6845484787012661,High
Yeotmal,PIGEONPEA,2004,127.1,509.2,22.28,-21.155793285223393,804.15,1028.86,232.41986511483938,651.46,-36.681375502983876,0.742401702103995,High
Yeotmal,PIGEONPEA,2005,131.7,990.0,22.4,53.290975348839055,651.46,823.25,182.09284197903065,807.14,-1.9568782265411495,0.5534729506719176,Low
Yeotmal,PIGEONPEA,2006,113.8,1067.6,22.4159375,65.30651038628339,807.14,754.25,89.03130404526405,979.79,29.90255220417633,0.4660945057960478,Low
Yeotmal,PIGEONPEA,2007,110.1,647.9,22.53,0.3204272005179957,979.79,812.7966666666666,164.23807607657113,1081.74,33.08863635431577,0.5584356566193023,Low
Yeotmal,PIGEONPEA,2008,103.8,536.3,22.478125,-16.95964638426023,1081.74,956.2233333333334,138.80861224482265,601.16,-37.13184158512482,0.7369695122147129,High
Yeotmal,PIGEONPEA,2009,103.8,388.7,23.04,-39.81393725445077,601.16,887.5633333333334,253.21651335040053,689.79,-22.28272911979991,0.7396986595876587,High
Yeotmal,PIGEONPEA,2012,109.6,771.8,22.07,19.50502502447876,689.79,790.8966666666666,255.7463638711871,1096.17,38.59838411254737,0.5171998643842903,Low
Yeotmal,PIGEONPEA,2013,109.2,959.0,22.3428125,48.490954908622875,1096.17,795.7066666666666,263.95545122867543,736.26,-7.470927309896437,0.5727504699989059,Low
Yeotmal,PIGEONPEA,2014,111.8,622.4,23.26,-3.6279767099824043,736.26,840.7400000000001,222.42578290297257,228.09,-72.87032852011323,0.7940432696846547,High
Yeotmal,PIGEONPEA,2015,119.7,460.6,23.26,-28.68098662053003,228.09,686.84,436.1450147599998,522.97,-23.858540562576437,0.7261110888993205,High
Yeotmal,PIGEONPEA,2016,173.52,417.1882352941177,20.89597426470588,-35.40283687646843,522.97,495.77333333333337,255.17431538721516,1330.98,168.46542774924023,0.3196745176705114,Low
Yeotmal,PIGEONPEA,2017,134.6,417.1882352941177,20.89597426470588,-35.40283687646843,1330.98,694.0133333333333,570.9933926354435,971.77,40.021805536877295,0.5979690324630368,Medium
Yeotmal,RICE,1999,5.3,642.8,22.02,-0.46925358158208774,740.74,652.63,124.60635698069342,867.92,32.98806368079922,0.559859535246225,Low
Yeotmal,RICE,2000,5.2,613.8,22.8146875,-4.959595283719797,867.92,724.3933333333333,152.35911568834118,826.92,14.1534525441979,0.6075253424854883,Medium
Yeotmal,RICE,2001,4.8,561.2,22.53,-13.104146095183353,826.92,811.86,64.91371811874593,1000.0,23.173946246889855,0.6004189950351603,Medium
Yeotmal,RICE,2002,3.7,582.2,22.25,-9.852519345359493,1000.0,898.2800000000001,90.4459440771118,648.65,-27.78977601638688,0.7058746296404426,High
Yeotmal,RICE,2003,3.3,692.5,22.4221875,7.226263059667717,648.65,825.1899999999999,175.6813885987927,606.06,-26.555096402040746,0.6771174081641853,High
Yeotmal,RICE,2004,2.4,509.2,22.28,-21.155793285223393,606.06,751.57,216.1980011470966,333.33,-55.648841757920096,0.7834978789895531,High
Yeotmal,RICE,2005,1.8,990.0,22.4,53.290975348839055,333.33,529.3466666666667,171.08587677927486,500.0,-5.543940958666034,0.5612449199248289,Low
Yeotmal,RICE,2006,0.6,1067.6,22.4159375,65.30651038628339,500.0,479.7966666666666,137.48288705629227,500.0,4.210811524326286,0.5217599439355374,Low
Yeotmal,RICE,2007,0.6,647.9,22.53,0.3204272005179957,500.0,444.4433333333333,96.22696936583432,666.67,50.00112500281249,0.5217919312143482,Low
Yeotmal,RICE,2008,0.5,536.3,22.478125,-16.95964638426023,666.67,555.5566666666667,96.22696936583492,400.0,-28.00014399971201,0.7171841674463844,High
Yeotmal,RICE,2009,0.2,388.7,23.04,-39.81393725445077,400.0,522.2233333333334,134.71684984935374,1650.0,215.95677456005413,0.2580860798296975,Low
Yeotmal,RICE,2012,0.1,771.8,22.07,19.50502502447876,1650.0,905.5566666666667,658.3503092072893,400.0,-55.828275057331226,0.7217909592516786,High
Yeotmal,RICE,2013,0.1,959.0,22.3428125,48.490954908622875,400.0,816.6666666666666,721.6878364870322,0.0,-100.0,0.7732301274934619,High
Yeotmal,SESAMUM,1999,7.4,642.8,22.02,-0.46925358158208774,347.22,317.44500000000005,42.10820881965889,337.84,6.42473499346341,0.6174134140685942,Medium
Yeotmal,SESAMUM,2000,7.4,613.8,22.8146875,-4.959595283719797,337.84,324.24333333333334,32.01878563177142,243.24,-24.982266404860546,0.6923194002081657,High
Yeotmal,SESAMUM,2001,7.6,561.2,22.53,-13.104146095183353,243.24,309.43333333333334,57.51664222930031,315.79,2.0542927932780404,0.6461782441844999,Medium
Yeotmal,SESAMUM,2002,5.6,582.2,22.25,-9.852519345359493,315.79,298.95666666666665,49.49556377427507,232.14,-22.34995038299865,0.6940883407681407,High
Yeotmal,SESAMUM,2003,5.4,692.5,22.4221875,7.226263059667717,232.14,263.72333333333336,45.431330965902056,277.78,5.33008076645978,0.6080328576326643,Medium
Yeotmal,SESAMUM,2004,4.3,509.2,22.28,-21.155793285223393,277.78,275.2366666666667,41.882956358563476,162.79,-40.85453730728707,0.7514435526799552,High
Yeotmal,SESAMUM,2005,0.2,990.0,22.4,53.290975348839055,162.79,224.23666666666665,57.90096746457113,500.0,122.97869810170803,0.2827792019616134,Low
Yeotmal,SESAMUM,2006,2.5,1067.6,22.4159375,65.30651038628339,500.0,313.5233333333333,171.42297230340318,160.0,-48.967115685169624,0.6369787862223943,Medium
Yeotmal,SESAMUM,2007,2.3,647.9,22.53,0.3204272005179957,160.0,274.2633333333333,195.4986650423305,304.35,10.969992343125233,0.6063593853100553,Medium
Yeotmal,SESAMUM,2008,1.6,536.3,22.478125,-16.95964638426023,304.35,321.45,170.6438029932526,187.5,-41.67055529631358,0.7468033919222556,High
Yeotmal,SESAMUM,2009,1.1,388.7,23.04,-39.81393725445077,187.5,217.28333333333333,76.64539016361861,209.09,-3.770806167062972,0.6995894931901956,High
Yeotmal,SESAMUM,2012,0.7,771.8,22.07,19.50502502447876,209.09,233.64666666666668,62.17518020346483,214.29,-8.284589265843017,0.6187796400371309,Medium
Yeotmal,SESAMUM,2013,0.5,959.0,22.3428125,48.490954908622875,214.29,203.62666666666667,14.206056220264811,200.0,-1.7810371922472492,0.5604223747440404,Low
Yeotmal,SESAMUM,2016,0.77,417.1882352941177,20.89597426470588,-35.40283687646843,200.0,207.79333333333332,7.232705809952765,248.04,19.36860342006481,0.6427176370493147,Medium
Yeotmal,SESAMUM,2017,0.63,417.1882352941177,20.89597426470588,-35.40283687646843,248.04,220.77666666666664,24.66815828823313,200.0,-9.410716712212935,0.7050728306690419,High
Yeotmal,SOYABEAN,1999,77.7,642.8,22.02,-0.46925358158208774,2261.16,1725.3249999999998,757.7851241941873,1298.58,-24.73418051671424,0.684924397673754,High
Yeotmal,SOYABEAN,2000,75.9,613.8,22.8146875,-4.959595283719797,1298.58,1583.0766666666666,589.7651331109133,1187.09,-25.013739069280703,0.6923875909810758,High
Yeotmal,SOYABEAN,2001,69.6,561.2,22.53,-13.104146095183353,1187.09,1582.2766666666666,590.5670497355345,1298.85,-17.91258587309847,0.6894398146281715,High
Yeotmal,SOYABEAN,2002,80.7,582.2,22.25,-9.852519345359493,1298.85,1261.5066666666664,64.44686519399889,1359.36,7.7568621648188,0.6288569135814203,Medium
Yeotmal,SOYABEAN,2003,97.9,692.5,22.4221875,7.226263059667717,1359.36,1281.7666666666667,87.39632963307703,1449.44,13.08142407614491,0.591238280461736,Medium
Yeotmal,SOYABEAN,2004,176.3,509.2,22.28,-21.155793285223393,1449.44,1369.2166666666665,75.77732136552105,536.59,-60.810439058829246,0.7946813398081525,High
Yeotmal,SOYABEAN,2005,212.5,990.0,22.4,53.290975348839055,536.59,1115.1299999999999,503.05069356874975,1122.82,0.689605696196861,0.5477389021726711,Low
Yeotmal,SOYABEAN,2006,268.1,1067.6,22.4159375,65.30651038628339,1122.82,1036.2833333333333,462.53673003701397,1094.74,5.640992650015283,0.5186612181632215,Low
Yeotmal,SOYABEAN,2007,266.6,647.9,22.53,0.3204272005179957,1094.74,918.0499999999998,330.6522649249514,1251.01,36.268177114536265,0.5515466516388474,Low
Yeotmal,SOYABEAN,2008,311.8,536.3,22.478125,-16.95964638426023,1251.01,1156.1899999999998,83.30813825791667,332.58,-71.23483164531781,0.8108593240115513,High
Yeotmal,SOYABEAN,2009,311.8,388.7,23.04,-39.81393725445077,332.58,892.7766666666666,491.3962832921445,405.9,-54.53510209720236,0.8095788010384644,High
Yeotmal,SOYABEAN,2012,236.8,771.8,22.07,19.50502502447876,405.9,663.1633333333333,510.40839847452895,1643.12,147.77003151561453,0.28066129501176657,Low
Yeotmal,SOYABEAN,2013,285.6,959.0,22.3428125,48.490954908622875,1643.12,793.8666666666667,736.3880592006727,548.32,-30.93046691299966,0.6235794724721266,Medium
Yeotmal,SOYABEAN,2014,306.0,622.4,23.26,-3.6279767099824043,548.32,865.7800000000001,676.9519708221553,318.95,-63.160387165330704,0.7730050634160293,High
Yeotmal,SOYABEAN,2015,293.1,460.6,23.26,-28.68098662053003,318.95,836.7966666666666,707.651494475447,480.72,-42.552352423328635,0.7666143479308154,High
Yeotmal,SOYABEAN,2016,253.0,417.1882352941177,20.89597426470588,-35.40283687646843,480.72,449.33,117.86283680617983,1116.21,148.41653127990566,0.36311379335392485,Low
Yeotmal,SOYABEAN,2017,254.5,417.1882352941177,20.89597426470588,-35.40283687646843,1116.21,638.6266666666667,421.43417449624746,810.61,26.93018351880076,0.6263342135021082,Medium
Yeotmal,SUGARCANE,1999,7.0,642.8,22.02,-0.46925358158208774,8284.62,7896.475,548.9199231673056,9271.43,17.412263066748135,0.5936071032432233,Medium
Yeotmal,SUGARCANE,2000,7.4,613.8,22.8146875,-4.959595283719797,9271.43,8354.793333333333,883.6422494614742,7566.22,-9.438573784789405,0.6586413995314571,Medium
Yeotmal,SUGARCANE,2001,6.9,561.2,22.53,-13.104146095183353,7566.22,8374.090000000002,856.1185354260242,7234.78,-13.605179786699233,0.6801071014410043,High
Yeotmal,SUGARCANE,2002,7.2,582.2,22.25,-9.852519345359493,7234.78,8024.143333333333,1092.8202688609572,6222.22,-22.45627051361246,0.6943187010511365,High
Yeotmal,SUGARCANE,2003,5.6,692.5,22.4221875,7.226263059667717,6222.22,7007.740000000001,700.17452909971,6250.0,-10.812901163570574,0.6430093184809469,Medium
Yeotmal,SUGARCANE,2004,3.0,509.2,22.28,-21.155793285223393,6250.0,6569.0,576.7496756826139,6653.33,1.2837570406454548,0.6601439149264057,Medium
Yeotmal,SUGARCANE,2005,2.7,990.0,22.4,53.290975348839055,6653.33,6375.183333333333,241.28221698528458,7122.22,11.717885237287296,0.5238442965003881,Low
Yeotmal,SUGARCANE,2006,11.3,1067.6,22.4159375,65.30651038628339,7122.22,6675.183333333333,436.5204556871695,6351.33,-4.851602078344917,0.5413951734079261,Low
Yeotmal,SUGARCANE,2007,13.3,647.9,22.53,0.3204272005179957,6351.33,6708.959999999999,388.44416677303934,8365.41,24.690115904700594,0.5766324509267411,Low
Yeotmal,SUGARCANE,2008,6.3,536.3,22.478125,-16.95964638426023,8365.41,7279.653333333333,1016.2275839758212,5671.43,-22.092031854996748,0.7043832577995439,High
Yeotmal,SUGARCANE,2009,2.3,388.7,23.04,-39.81393725445077,5671.43,6796.056666666666,1400.9705265041566,7269.57,6.967471823120958,0.6763232242115413,High
Yeotmal,SUGARCANE,2012,4.2,771.8,22.07,19.50502502447876,7269.57,7102.136666666666,1354.7721214039407,8454.76,19.045301390520514,0.5595648769485406,Low
Yeotmal,SUGARCANE,2013,6.5,959.0,22.3428125,48.490954908622875,8454.76,7131.920000000001,1396.761294602625,7549.23,5.8512995098094,0.5438856452229728,Low
Yeotmal,SUGARCANE,2014,8.1,622.4,23.26,-3.6279767099824043,7549.23,7757.853333333333,619.5253065318112,6835.8,-11.885418474870185,0.661909297920402,Medium
Yeotmal,SUGARCANE,2015,13.6,460.6,23.26,-28.68098662053003,6835.8,7613.263333333333,811.3772681270624,6679.41,-12.26613729811001,0.700994215159727,High
Yeotmal,SUGARCANE,2016,12.49,417.1882352941177,20.89597426470588,-35.40283687646843,6679.41,7021.48,463.68578250794224,7110.38,1.2661148361883898,0.6819396956475828,High
Yeotmal,SUGARCANE,2017,14.13,417.1882352941177,20.89597426470588,-35.40283687646843,7110.38,6875.196666666667,218.16933385179638,4199.76,-38.91432923858178,0.7689973244759614,High
Yeotmal,SUNFLOWER,1999,1.5,642.8,22.02,-0.46925358158208774,500.0,434.21000000000004,93.0411102685259,666.67,53.53630731673612,0.5153383407018435,Low
Yeotmal,SUNFLOWER,2000,1.1,613.8,22.8146875,-4.959595283719797,666.67,511.69666666666666,149.4686409697142,545.45,6.59635591398551,0.6238990518508939,Medium
Yeotmal,SUNFLOWER,2001,0.9,561.2,22.53,-13.104146095183353,545.45,570.7066666666666,86.15768470272008,444.44,-22.124617433357464,0.6985658830087021,High
Yeotmal,SUNFLOWER,2002,0.6,582.2,22.25,-9.852519345359493,444.44,552.1866666666666,111.26805576324828,666.67,20.732723233689097,0.6007425479322951,Medium
Yeotmal,SUNFLOWER,2003,0.5,692.5,22.4221875,7.226263059667717,666.67,552.1866666666666,111.26805576324828,400.0,-27.560728256145257,0.6792962771814045,High
Yeotmal,SUNFLOWER,2004,0.2,509.2,22.28,-21.155793285223393,400.0,503.7033333333333,142.871723001206,500.0,-0.7352211288390624,0.6645183676269408,Medium
Yeotmal,SUNFLOWER,2005,0.2,990.0,22.4,53.290975348839055,500.0,522.2233333333332,134.7168498493538,500.0,-4.255522860589641,0.5584533473790061,Low
Yeotmal,SUNFLOWER,2006,0.3,1067.6,22.4159375,65.30651038628339,500.0,466.6666666666667,57.73502691896269,1000.0,114.28571428571426,0.28326432128665835,Low
Yeotmal,SUNFLOWER,2007,0.1,647.9,22.53,0.3204272005179957,1000.0,666.6666666666666,288.6751345948129,1000.0,50.000000000000014,0.5217943687204418,Low
